ID	Front	Back	Extra	Source	Tags
collections_framework-extra-001	Explain `What is the Collection Framework?` deeply enough for review.	A collection is an object that groups multiple elements under a common API.	Meaning: A collection is an object that groups multiple elements under a common API. Why it matters: It matters because choosing the wrong data structure changes correctness, performance, and duplicate-handling behavior. A common confusion is memorizing class names without knowing lookup order, equality rules, or iteration behavior. Example: When reading code, ask: what does `What is the Collection Framework?` change, allow, reject, or clarify?	19-collections-framework/theory/01-what-is-the-collection-framework-concepts.md | https://docs.oracle.com/javase/tutorial/collections/	java::core::collections-framework
collections_framework-extra-002	What confusion should you avoid with `What is the Collection Framework?`?	Do not treat `What is the Collection Framework?` as just a memorized word.	Use it as a practical rule. Ask what it changes in code: compile-time checks, runtime behavior, memory use, ordering, error handling, visibility, API design, or testability. When reading code, ask: what does `What is the Collection Framework?` change, allow, reject, or clarify?	19-collections-framework/theory/01-what-is-the-collection-framework-concepts.md | https://docs.oracle.com/javase/tutorial/collections/	java::core::collections-framework
collections_framework-extra-003	Explain `Iterable` deeply enough for review.	Iterable is a specific concept in Collections Framework; learn its Java rule, valid use cases, and failure mode rather than only its name.	Meaning:Iterable is a specific concept in Collections Framework; learn its Java rule, valid use cases, and failure mode rather than only its name. Why it matters: Use it to predict the exact Java rule, the allowed form, and the failure mode. Review it with a tiny example instead of memorizing only the label. Example: When reading code, ask: what does `Iterable` change, allow, reject, or clarify?	19-collections-framework/theory/01-what-is-the-collection-framework-concepts.md | https://docs.oracle.com/javase/tutorial/collections/	java::core::collections-framework
collections_framework-extra-004	What confusion should you avoid with `Iterable`?	Do not treat `Iterable` as just a memorized word.	Use it as a practical rule. Ask what it changes in code: compile-time checks, runtime behavior, memory use, ordering, error handling, visibility, API design, or testability. When reading code, ask: what does `Iterable` change, allow, reject, or clarify?	19-collections-framework/theory/01-what-is-the-collection-framework-concepts.md | https://docs.oracle.com/javase/tutorial/collections/	java::core::collections-framework
collections_framework-extra-005	Explain `Collection` deeply enough for review.	A collection is an object that groups multiple elements under a common API.	Meaning: A collection is an object that groups multiple elements under a common API. Why it matters: It matters because choosing the wrong data structure changes correctness, performance, and duplicate-handling behavior. A common confusion is memorizing class names without knowing lookup order, equality rules, or iteration behavior. Example: When reading code, ask: what does `Collection` change, allow, reject, or clarify?	19-collections-framework/theory/01-what-is-the-collection-framework-concepts.md | https://docs.oracle.com/javase/tutorial/collections/	java::core::collections-framework
collections_framework-extra-006	What confusion should you avoid with `Collection`?	Do not treat `Collection` as just a memorized word.	Use it as a practical rule. Ask what it changes in code: compile-time checks, runtime behavior, memory use, ordering, error handling, visibility, API design, or testability. When reading code, ask: what does `Collection` change, allow, reject, or clarify?	19-collections-framework/theory/01-what-is-the-collection-framework-concepts.md | https://docs.oracle.com/javase/tutorial/collections/	java::core::collections-framework
collections_framework-extra-007	Explain `List` deeply enough for review.	A List is an ordered collection that can contain duplicates and supports positional access.	Meaning: A List is an ordered collection that can contain duplicates and supports positional access. Why it matters: It matters because choosing the wrong data structure changes correctness, performance, and duplicate-handling behavior. A common confusion is memorizing class names without knowing lookup order, equality rules, or iteration behavior. Example: `List<String> names = new ArrayList<>();` stores ordered elements.	19-collections-framework/theory/01-what-is-the-collection-framework-concepts.md | https://docs.oracle.com/javase/tutorial/collections/	java::core::collections-framework
collections_framework-extra-008	What confusion should you avoid with `List`?	Do not treat `List` as just a memorized word.	Use it as a practical rule. Ask what it changes in code: compile-time checks, runtime behavior, memory use, ordering, error handling, visibility, API design, or testability. `List<String> names = new ArrayList<>();` stores ordered elements.	19-collections-framework/theory/01-what-is-the-collection-framework-concepts.md | https://docs.oracle.com/javase/tutorial/collections/	java::core::collections-framework
collections_framework-extra-009	Explain `Set` deeply enough for review.	A Set is a collection that rejects duplicates according to equality rules.	Meaning: A Set is a collection that rejects duplicates according to equality rules. Why it matters: It matters because choosing the wrong data structure changes correctness, performance, and duplicate-handling behavior. A common confusion is memorizing class names without knowing lookup order, equality rules, or iteration behavior. Example: When reading code, ask: what does `Set` change, allow, reject, or clarify?	19-collections-framework/theory/01-what-is-the-collection-framework-concepts.md | https://docs.oracle.com/javase/tutorial/collections/	java::core::collections-framework
collections_framework-extra-010	What confusion should you avoid with `Set`?	Do not treat `Set` as just a memorized word.	Use it as a practical rule. Ask what it changes in code: compile-time checks, runtime behavior, memory use, ordering, error handling, visibility, API design, or testability. When reading code, ask: what does `Set` change, allow, reject, or clarify?	19-collections-framework/theory/01-what-is-the-collection-framework-concepts.md | https://docs.oracle.com/javase/tutorial/collections/	java::core::collections-framework
collections_framework-extra-011	Explain `Queue` deeply enough for review.	Queue is a specific concept in Collections Framework; learn its Java rule, valid use cases, and failure mode rather than only its name.	Meaning:Queue is a specific concept in Collections Framework; learn its Java rule, valid use cases, and failure mode rather than only its name. Why it matters: Use it to predict the exact Java rule, the allowed form, and the failure mode. Review it with a tiny example instead of memorizing only the label. Example: When reading code, ask: what does `Queue` change, allow, reject, or clarify?	19-collections-framework/theory/01-what-is-the-collection-framework-concepts.md | https://docs.oracle.com/javase/tutorial/collections/	java::core::collections-framework
collections_framework-extra-012	What confusion should you avoid with `Queue`?	Do not treat `Queue` as just a memorized word.	Use it as a practical rule. Ask what it changes in code: compile-time checks, runtime behavior, memory use, ordering, error handling, visibility, API design, or testability. When reading code, ask: what does `Queue` change, allow, reject, or clarify?	19-collections-framework/theory/01-what-is-the-collection-framework-concepts.md | https://docs.oracle.com/javase/tutorial/collections/	java::core::collections-framework
collections_framework-extra-013	Explain `Deque` deeply enough for review.	Deque is a specific concept in Collections Framework; learn its Java rule, valid use cases, and failure mode rather than only its name.	Meaning:Deque is a specific concept in Collections Framework; learn its Java rule, valid use cases, and failure mode rather than only its name. Why it matters: Use it to predict the exact Java rule, the allowed form, and the failure mode. Review it with a tiny example instead of memorizing only the label. Example: When reading code, ask: what does `Deque` change, allow, reject, or clarify?	19-collections-framework/theory/01-what-is-the-collection-framework-concepts.md | https://docs.oracle.com/javase/tutorial/collections/	java::core::collections-framework
collections_framework-extra-014	What confusion should you avoid with `Deque`?	Do not treat `Deque` as just a memorized word.	Use it as a practical rule. Ask what it changes in code: compile-time checks, runtime behavior, memory use, ordering, error handling, visibility, API design, or testability. When reading code, ask: what does `Deque` change, allow, reject, or clarify?	19-collections-framework/theory/01-what-is-the-collection-framework-concepts.md | https://docs.oracle.com/javase/tutorial/collections/	java::core::collections-framework
collections_framework-extra-015	Explain `Map` deeply enough for review.	A Map stores key-value pairs and retrieves values by key.	Meaning: A Map stores key-value pairs and retrieves values by key. Why it matters: It matters because choosing the wrong data structure changes correctness, performance, and duplicate-handling behavior. A common confusion is memorizing class names without knowing lookup order, equality rules, or iteration behavior. Example: `Map<String, Integer> scores = new HashMap<>();` maps keys to values.	19-collections-framework/theory/01-what-is-the-collection-framework-concepts.md | https://docs.oracle.com/javase/tutorial/collections/	java::core::collections-framework
collections_framework-extra-016	What confusion should you avoid with `Map`?	Do not treat `Map` as just a memorized word.	Use it as a practical rule. Ask what it changes in code: compile-time checks, runtime behavior, memory use, ordering, error handling, visibility, API design, or testability. `Map<String, Integer> scores = new HashMap<>();` maps keys to values.	19-collections-framework/theory/01-what-is-the-collection-framework-concepts.md | https://docs.oracle.com/javase/tutorial/collections/	java::core::collections-framework
collections_framework-extra-017	Explain `ArrayList` deeply enough for review.	A List is an ordered collection that can contain duplicates and supports positional access.	Meaning: A List is an ordered collection that can contain duplicates and supports positional access. Why it matters: It matters because choosing the wrong data structure changes correctness, performance, and duplicate-handling behavior. A common confusion is memorizing class names without knowing lookup order, equality rules, or iteration behavior. Example: `List<String> names = new ArrayList<>();` stores ordered elements.	19-collections-framework/theory/02-arraylist-concepts.md | https://docs.oracle.com/javase/tutorial/collections/	java::core::collections-framework
collections_framework-extra-018	What confusion should you avoid with `ArrayList`?	Do not treat `ArrayList` as just a memorized word.	Use it as a practical rule. Ask what it changes in code: compile-time checks, runtime behavior, memory use, ordering, error handling, visibility, API design, or testability. `List<String> names = new ArrayList<>();` stores ordered elements.	19-collections-framework/theory/02-arraylist-concepts.md | https://docs.oracle.com/javase/tutorial/collections/	java::core::collections-framework
collections_framework-extra-019	Explain `LinkedList` deeply enough for review.	A List is an ordered collection that can contain duplicates and supports positional access.	Meaning: A List is an ordered collection that can contain duplicates and supports positional access. Why it matters: It matters because choosing the wrong data structure changes correctness, performance, and duplicate-handling behavior. A common confusion is memorizing class names without knowing lookup order, equality rules, or iteration behavior. Example: `List<String> names = new ArrayList<>();` stores ordered elements.	19-collections-framework/theory/02-arraylist-concepts.md | https://docs.oracle.com/javase/tutorial/collections/	java::core::collections-framework
collections_framework-extra-020	What confusion should you avoid with `LinkedList`?	Do not treat `LinkedList` as just a memorized word.	Use it as a practical rule. Ask what it changes in code: compile-time checks, runtime behavior, memory use, ordering, error handling, visibility, API design, or testability. `List<String> names = new ArrayList<>();` stores ordered elements.	19-collections-framework/theory/02-arraylist-concepts.md | https://docs.oracle.com/javase/tutorial/collections/	java::core::collections-framework
collections_framework-extra-021	Explain `Vector` deeply enough for review.	Vector is a specific concept in Collections Framework; learn its Java rule, valid use cases, and failure mode rather than only its name.	Meaning:Vector is a specific concept in Collections Framework; learn its Java rule, valid use cases, and failure mode rather than only its name. Why it matters: Use it to predict the exact Java rule, the allowed form, and the failure mode. Review it with a tiny example instead of memorizing only the label. Example: When reading code, ask: what does `Vector` change, allow, reject, or clarify?	19-collections-framework/theory/02-arraylist-concepts.md | https://docs.oracle.com/javase/tutorial/collections/	java::core::collections-framework
collections_framework-extra-022	What confusion should you avoid with `Vector`?	Do not treat `Vector` as just a memorized word.	Use it as a practical rule. Ask what it changes in code: compile-time checks, runtime behavior, memory use, ordering, error handling, visibility, API design, or testability. When reading code, ask: what does `Vector` change, allow, reject, or clarify?	19-collections-framework/theory/02-arraylist-concepts.md | https://docs.oracle.com/javase/tutorial/collections/	java::core::collections-framework
collections_framework-extra-023	Explain `Stack` deeply enough for review.	Stack stores method frames, local variables, and call flow for each thread.	Meaning: Stack stores method frames, local variables, and call flow for each thread. Why it matters: It matters because runtime behavior explains performance, memory errors, startup behavior, and many interview questions. A common confusion is mixing compile-time concepts with JVM runtime services. Example: When reading code, ask: what does `Stack` change, allow, reject, or clarify?	19-collections-framework/theory/02-arraylist-concepts.md | https://docs.oracle.com/javase/tutorial/collections/	java::core::collections-framework
collections_framework-extra-024	What confusion should you avoid with `Stack`?	Do not treat `Stack` as just a memorized word.	Use it as a practical rule. Ask what it changes in code: compile-time checks, runtime behavior, memory use, ordering, error handling, visibility, API design, or testability. When reading code, ask: what does `Stack` change, allow, reject, or clarify?	19-collections-framework/theory/02-arraylist-concepts.md | https://docs.oracle.com/javase/tutorial/collections/	java::core::collections-framework
collections_framework-extra-025	Explain `Comparing ArrayList and LinkedList` deeply enough for review.	A List is an ordered collection that can contain duplicates and supports positional access.	Meaning: A List is an ordered collection that can contain duplicates and supports positional access. Why it matters: It matters because choosing the wrong data structure changes correctness, performance, and duplicate-handling behavior. A common confusion is memorizing class names without knowing lookup order, equality rules, or iteration behavior. Example: `List<String> names = new ArrayList<>();` stores ordered elements.	19-collections-framework/theory/02-arraylist-concepts.md | https://docs.oracle.com/javase/tutorial/collections/	java::core::collections-framework
collections_framework-extra-026	What confusion should you avoid with `Comparing ArrayList and LinkedList`?	Do not treat `Comparing ArrayList and LinkedList` as just a memorized word.	Use it as a practical rule. Ask what it changes in code: compile-time checks, runtime behavior, memory use, ordering, error handling, visibility, API design, or testability. `List<String> names = new ArrayList<>();` stores ordered elements.	19-collections-framework/theory/02-arraylist-concepts.md | https://docs.oracle.com/javase/tutorial/collections/	java::core::collections-framework
collections_framework-extra-027	Explain `When to use List?` deeply enough for review.	A List is an ordered collection that can contain duplicates and supports positional access.	Meaning: A List is an ordered collection that can contain duplicates and supports positional access. Why it matters: It matters because choosing the wrong data structure changes correctness, performance, and duplicate-handling behavior. A common confusion is memorizing class names without knowing lookup order, equality rules, or iteration behavior. Example: `List<String> names = new ArrayList<>();` stores ordered elements.	19-collections-framework/theory/02-arraylist-concepts.md | https://docs.oracle.com/javase/tutorial/collections/	java::core::collections-framework
collections_framework-extra-028	What confusion should you avoid with `When to use List?`?	Do not treat `When to use List?` as just a memorized word.	Use it as a practical rule. Ask what it changes in code: compile-time checks, runtime behavior, memory use, ordering, error handling, visibility, API design, or testability. `List<String> names = new ArrayList<>();` stores ordered elements.	19-collections-framework/theory/02-arraylist-concepts.md | https://docs.oracle.com/javase/tutorial/collections/	java::core::collections-framework
collections_framework-extra-029	Explain `HashSet` deeply enough for review.	A Set is a collection that rejects duplicates according to equality rules.	Meaning: A Set is a collection that rejects duplicates according to equality rules. Why it matters: It matters because choosing the wrong data structure changes correctness, performance, and duplicate-handling behavior. A common confusion is memorizing class names without knowing lookup order, equality rules, or iteration behavior. Example: When reading code, ask: what does `HashSet` change, allow, reject, or clarify?	19-collections-framework/theory/02-arraylist-concepts.md | https://docs.oracle.com/javase/tutorial/collections/	java::core::collections-framework
collections_framework-extra-030	What confusion should you avoid with `HashSet`?	Do not treat `HashSet` as just a memorized word.	Use it as a practical rule. Ask what it changes in code: compile-time checks, runtime behavior, memory use, ordering, error handling, visibility, API design, or testability. When reading code, ask: what does `HashSet` change, allow, reject, or clarify?	19-collections-framework/theory/02-arraylist-concepts.md | https://docs.oracle.com/javase/tutorial/collections/	java::core::collections-framework
collections_framework-extra-031	Explain `LinkedHashSet` deeply enough for review.	A Set is a collection that rejects duplicates according to equality rules.	Meaning: A Set is a collection that rejects duplicates according to equality rules. Why it matters: It matters because choosing the wrong data structure changes correctness, performance, and duplicate-handling behavior. A common confusion is memorizing class names without knowing lookup order, equality rules, or iteration behavior. Example: When reading code, ask: what does `LinkedHashSet` change, allow, reject, or clarify?	19-collections-framework/theory/02-arraylist-concepts.md | https://docs.oracle.com/javase/tutorial/collections/	java::core::collections-framework
collections_framework-extra-032	What confusion should you avoid with `LinkedHashSet`?	Do not treat `LinkedHashSet` as just a memorized word.	Use it as a practical rule. Ask what it changes in code: compile-time checks, runtime behavior, memory use, ordering, error handling, visibility, API design, or testability. When reading code, ask: what does `LinkedHashSet` change, allow, reject, or clarify?	19-collections-framework/theory/02-arraylist-concepts.md | https://docs.oracle.com/javase/tutorial/collections/	java::core::collections-framework
collections_framework-extra-033	Explain `TreeSet` deeply enough for review.	A Set is a collection that rejects duplicates according to equality rules.	Meaning: A Set is a collection that rejects duplicates according to equality rules. Why it matters: It matters because choosing the wrong data structure changes correctness, performance, and duplicate-handling behavior. A common confusion is memorizing class names without knowing lookup order, equality rules, or iteration behavior. Example: When reading code, ask: what does `TreeSet` change, allow, reject, or clarify?	19-collections-framework/theory/03-treeset-concepts.md | https://docs.oracle.com/javase/tutorial/collections/	java::core::collections-framework
collections_framework-extra-034	What confusion should you avoid with `TreeSet`?	Do not treat `TreeSet` as just a memorized word.	Use it as a practical rule. Ask what it changes in code: compile-time checks, runtime behavior, memory use, ordering, error handling, visibility, API design, or testability. When reading code, ask: what does `TreeSet` change, allow, reject, or clarify?	19-collections-framework/theory/03-treeset-concepts.md | https://docs.oracle.com/javase/tutorial/collections/	java::core::collections-framework
collections_framework-extra-035	Explain `SortedSet` deeply enough for review.	A Set is a collection that rejects duplicates according to equality rules.	Meaning: A Set is a collection that rejects duplicates according to equality rules. Why it matters: It matters because choosing the wrong data structure changes correctness, performance, and duplicate-handling behavior. A common confusion is memorizing class names without knowing lookup order, equality rules, or iteration behavior. Example: When reading code, ask: what does `SortedSet` change, allow, reject, or clarify?	19-collections-framework/theory/03-treeset-concepts.md | https://docs.oracle.com/javase/tutorial/collections/	java::core::collections-framework
collections_framework-extra-036	What confusion should you avoid with `SortedSet`?	Do not treat `SortedSet` as just a memorized word.	Use it as a practical rule. Ask what it changes in code: compile-time checks, runtime behavior, memory use, ordering, error handling, visibility, API design, or testability. When reading code, ask: what does `SortedSet` change, allow, reject, or clarify?	19-collections-framework/theory/03-treeset-concepts.md | https://docs.oracle.com/javase/tutorial/collections/	java::core::collections-framework
collections_framework-extra-037	Explain `NavigableSet` deeply enough for review.	A Set is a collection that rejects duplicates according to equality rules.	Meaning: A Set is a collection that rejects duplicates according to equality rules. Why it matters: It matters because choosing the wrong data structure changes correctness, performance, and duplicate-handling behavior. A common confusion is memorizing class names without knowing lookup order, equality rules, or iteration behavior. Example: When reading code, ask: what does `NavigableSet` change, allow, reject, or clarify?	19-collections-framework/theory/03-treeset-concepts.md | https://docs.oracle.com/javase/tutorial/collections/	java::core::collections-framework
collections_framework-extra-038	What confusion should you avoid with `NavigableSet`?	Do not treat `NavigableSet` as just a memorized word.	Use it as a practical rule. Ask what it changes in code: compile-time checks, runtime behavior, memory use, ordering, error handling, visibility, API design, or testability. When reading code, ask: what does `NavigableSet` change, allow, reject, or clarify?	19-collections-framework/theory/03-treeset-concepts.md | https://docs.oracle.com/javase/tutorial/collections/	java::core::collections-framework
collections_framework-extra-039	Explain `When to use Set?` deeply enough for review.	A Set is a collection that rejects duplicates according to equality rules.	Meaning: A Set is a collection that rejects duplicates according to equality rules. Why it matters: It matters because choosing the wrong data structure changes correctness, performance, and duplicate-handling behavior. A common confusion is memorizing class names without knowing lookup order, equality rules, or iteration behavior. Example: When reading code, ask: what does `When to use Set?` change, allow, reject, or clarify?	19-collections-framework/theory/03-treeset-concepts.md | https://docs.oracle.com/javase/tutorial/collections/	java::core::collections-framework
collections_framework-extra-040	What confusion should you avoid with `When to use Set?`?	Do not treat `When to use Set?` as just a memorized word.	Use it as a practical rule. Ask what it changes in code: compile-time checks, runtime behavior, memory use, ordering, error handling, visibility, API design, or testability. When reading code, ask: what does `When to use Set?` change, allow, reject, or clarify?	19-collections-framework/theory/03-treeset-concepts.md | https://docs.oracle.com/javase/tutorial/collections/	java::core::collections-framework
collections_framework-extra-041	Explain `Duplicate removal mechanism` deeply enough for review.	Duplicate removal mechanism is a specific concept in Collections Framework; learn its Java rule, valid use cases, and failure mode rather than only its name.	Meaning:Duplicate removal mechanism is a specific concept in Collections Framework; learn its Java rule, valid use cases, and failure mode rather than only its name. Why it matters: Use it to predict the exact Java rule, the allowed form, and the failure mode. Review it with a tiny example instead of memorizing only the label. Example: When reading code, ask: what does `Duplicate removal mechanism` change, allow, reject, or clarify?	19-collections-framework/theory/03-treeset-concepts.md | https://docs.oracle.com/javase/tutorial/collections/	java::core::collections-framework
collections_framework-extra-042	What confusion should you avoid with `Duplicate removal mechanism`?	Do not treat `Duplicate removal mechanism` as just a memorized word.	Use it as a practical rule. Ask what it changes in code: compile-time checks, runtime behavior, memory use, ordering, error handling, visibility, API design, or testability. When reading code, ask: what does `Duplicate removal mechanism` change, allow, reject, or clarify?	19-collections-framework/theory/03-treeset-concepts.md | https://docs.oracle.com/javase/tutorial/collections/	java::core::collections-framework
collections_framework-extra-043	Explain `Role of equals() and hashCode()` deeply enough for review.	equals() defines logical equality between objects.	Meaning: equals() defines logical equality between objects. Why it matters: It matters because choosing the wrong data structure changes correctness, performance, and duplicate-handling behavior. A common confusion is memorizing class names without knowing lookup order, equality rules, or iteration behavior. Example: When reading code, ask: what does `Role of equals() and hashCode()` change, allow, reject, or clarify?	19-collections-framework/theory/03-treeset-concepts.md | https://docs.oracle.com/javase/tutorial/collections/	java::core::collections-framework
collections_framework-extra-044	What confusion should you avoid with `Role of equals() and hashCode()`?	Do not treat `Role of equals() and hashCode()` as just a memorized word.	Use it as a practical rule. Ask what it changes in code: compile-time checks, runtime behavior, memory use, ordering, error handling, visibility, API design, or testability. When reading code, ask: what does `Role of equals() and hashCode()` change, allow, reject, or clarify?	19-collections-framework/theory/03-treeset-concepts.md | https://docs.oracle.com/javase/tutorial/collections/	java::core::collections-framework
collections_framework-extra-045	Explain `PriorityQueue` deeply enough for review.	PriorityQueue is a specific concept in Collections Framework; learn its Java rule, valid use cases, and failure mode rather than only its name.	Meaning:PriorityQueue is a specific concept in Collections Framework; learn its Java rule, valid use cases, and failure mode rather than only its name. Why it matters: Use it to predict the exact Java rule, the allowed form, and the failure mode. Review it with a tiny example instead of memorizing only the label. Example: When reading code, ask: what does `PriorityQueue` change, allow, reject, or clarify?	19-collections-framework/theory/03-treeset-concepts.md | https://docs.oracle.com/javase/tutorial/collections/	java::core::collections-framework
collections_framework-extra-046	What confusion should you avoid with `PriorityQueue`?	Do not treat `PriorityQueue` as just a memorized word.	Use it as a practical rule. Ask what it changes in code: compile-time checks, runtime behavior, memory use, ordering, error handling, visibility, API design, or testability. When reading code, ask: what does `PriorityQueue` change, allow, reject, or clarify?	19-collections-framework/theory/03-treeset-concepts.md | https://docs.oracle.com/javase/tutorial/collections/	java::core::collections-framework
collections_framework-extra-047	Explain `ArrayDeque` deeply enough for review.	ArrayDeque is a specific concept in Collections Framework; learn its Java rule, valid use cases, and failure mode rather than only its name.	Meaning:ArrayDeque is a specific concept in Collections Framework; learn its Java rule, valid use cases, and failure mode rather than only its name. Why it matters: Use it to predict the exact Java rule, the allowed form, and the failure mode. Review it with a tiny example instead of memorizing only the label. Example: When reading code, ask: what does `ArrayDeque` change, allow, reject, or clarify?	19-collections-framework/theory/03-treeset-concepts.md | https://docs.oracle.com/javase/tutorial/collections/	java::core::collections-framework
collections_framework-extra-048	What confusion should you avoid with `ArrayDeque`?	Do not treat `ArrayDeque` as just a memorized word.	Use it as a practical rule. Ask what it changes in code: compile-time checks, runtime behavior, memory use, ordering, error handling, visibility, API design, or testability. When reading code, ask: what does `ArrayDeque` change, allow, reject, or clarify?	19-collections-framework/theory/03-treeset-concepts.md | https://docs.oracle.com/javase/tutorial/collections/	java::core::collections-framework
collections_framework-extra-049	Explain `LinkedList as Queue` deeply enough for review.	A List is an ordered collection that can contain duplicates and supports positional access.	Meaning: A List is an ordered collection that can contain duplicates and supports positional access. Why it matters: It matters because choosing the wrong data structure changes correctness, performance, and duplicate-handling behavior. A common confusion is memorizing class names without knowing lookup order, equality rules, or iteration behavior. Example: `List<String> names = new ArrayList<>();` stores ordered elements.	19-collections-framework/theory/04-linkedlist-as-queue-concepts.md | https://docs.oracle.com/javase/tutorial/collections/	java::core::collections-framework
collections_framework-extra-050	What confusion should you avoid with `LinkedList as Queue`?	Do not treat `LinkedList as Queue` as just a memorized word.	Use it as a practical rule. Ask what it changes in code: compile-time checks, runtime behavior, memory use, ordering, error handling, visibility, API design, or testability. `List<String> names = new ArrayList<>();` stores ordered elements.	19-collections-framework/theory/04-linkedlist-as-queue-concepts.md | https://docs.oracle.com/javase/tutorial/collections/	java::core::collections-framework
collections_framework-extra-051	Explain `FIFO` deeply enough for review.	FIFO is a specific concept in Collections Framework; learn its Java rule, valid use cases, and failure mode rather than only its name.	Meaning:FIFO is a specific concept in Collections Framework; learn its Java rule, valid use cases, and failure mode rather than only its name. Why it matters: Use it to predict the exact Java rule, the allowed form, and the failure mode. Review it with a tiny example instead of memorizing only the label. Example: When reading code, ask: what does `FIFO` change, allow, reject, or clarify?	19-collections-framework/theory/04-linkedlist-as-queue-concepts.md | https://docs.oracle.com/javase/tutorial/collections/	java::core::collections-framework
collections_framework-extra-052	What confusion should you avoid with `FIFO`?	Do not treat `FIFO` as just a memorized word.	Use it as a practical rule. Ask what it changes in code: compile-time checks, runtime behavior, memory use, ordering, error handling, visibility, API design, or testability. When reading code, ask: what does `FIFO` change, allow, reject, or clarify?	19-collections-framework/theory/04-linkedlist-as-queue-concepts.md | https://docs.oracle.com/javase/tutorial/collections/	java::core::collections-framework
collections_framework-extra-053	Explain `LIFO` deeply enough for review.	LIFO is a specific concept in Collections Framework; learn its Java rule, valid use cases, and failure mode rather than only its name.	Meaning:LIFO is a specific concept in Collections Framework; learn its Java rule, valid use cases, and failure mode rather than only its name. Why it matters: Use it to predict the exact Java rule, the allowed form, and the failure mode. Review it with a tiny example instead of memorizing only the label. Example: When reading code, ask: what does `LIFO` change, allow, reject, or clarify?	19-collections-framework/theory/04-linkedlist-as-queue-concepts.md | https://docs.oracle.com/javase/tutorial/collections/	java::core::collections-framework
collections_framework-extra-054	What confusion should you avoid with `LIFO`?	Do not treat `LIFO` as just a memorized word.	Use it as a practical rule. Ask what it changes in code: compile-time checks, runtime behavior, memory use, ordering, error handling, visibility, API design, or testability. When reading code, ask: what does `LIFO` change, allow, reject, or clarify?	19-collections-framework/theory/04-linkedlist-as-queue-concepts.md | https://docs.oracle.com/javase/tutorial/collections/	java::core::collections-framework
collections_framework-extra-055	Explain `Priority queue` deeply enough for review.	Priority queue is a specific concept in Collections Framework; learn its Java rule, valid use cases, and failure mode rather than only its name.	Meaning:Priority queue is a specific concept in Collections Framework; learn its Java rule, valid use cases, and failure mode rather than only its name. Why it matters: Use it to predict the exact Java rule, the allowed form, and the failure mode. Review it with a tiny example instead of memorizing only the label. Example: When reading code, ask: what does `Priority queue` change, allow, reject, or clarify?	19-collections-framework/theory/04-linkedlist-as-queue-concepts.md | https://docs.oracle.com/javase/tutorial/collections/	java::core::collections-framework
collections_framework-extra-056	What confusion should you avoid with `Priority queue`?	Do not treat `Priority queue` as just a memorized word.	Use it as a practical rule. Ask what it changes in code: compile-time checks, runtime behavior, memory use, ordering, error handling, visibility, API design, or testability. When reading code, ask: what does `Priority queue` change, allow, reject, or clarify?	19-collections-framework/theory/04-linkedlist-as-queue-concepts.md | https://docs.oracle.com/javase/tutorial/collections/	java::core::collections-framework
collections_framework-extra-057	Explain `HashMap` deeply enough for review.	A Map stores key-value pairs and retrieves values by key.	Meaning: A Map stores key-value pairs and retrieves values by key. Why it matters: It matters because choosing the wrong data structure changes correctness, performance, and duplicate-handling behavior. A common confusion is memorizing class names without knowing lookup order, equality rules, or iteration behavior. Example: `Map<String, Integer> scores = new HashMap<>();` maps keys to values.	19-collections-framework/theory/04-linkedlist-as-queue-concepts.md | https://docs.oracle.com/javase/tutorial/collections/	java::core::collections-framework
collections_framework-extra-058	What confusion should you avoid with `HashMap`?	Do not treat `HashMap` as just a memorized word.	Use it as a practical rule. Ask what it changes in code: compile-time checks, runtime behavior, memory use, ordering, error handling, visibility, API design, or testability. `Map<String, Integer> scores = new HashMap<>();` maps keys to values.	19-collections-framework/theory/04-linkedlist-as-queue-concepts.md | https://docs.oracle.com/javase/tutorial/collections/	java::core::collections-framework
collections_framework-extra-059	Explain `LinkedHashMap` deeply enough for review.	A Map stores key-value pairs and retrieves values by key.	Meaning: A Map stores key-value pairs and retrieves values by key. Why it matters: It matters because choosing the wrong data structure changes correctness, performance, and duplicate-handling behavior. A common confusion is memorizing class names without knowing lookup order, equality rules, or iteration behavior. Example: `Map<String, Integer> scores = new HashMap<>();` maps keys to values.	19-collections-framework/theory/04-linkedlist-as-queue-concepts.md | https://docs.oracle.com/javase/tutorial/collections/	java::core::collections-framework
collections_framework-extra-060	What confusion should you avoid with `LinkedHashMap`?	Do not treat `LinkedHashMap` as just a memorized word.	Use it as a practical rule. Ask what it changes in code: compile-time checks, runtime behavior, memory use, ordering, error handling, visibility, API design, or testability. `Map<String, Integer> scores = new HashMap<>();` maps keys to values.	19-collections-framework/theory/04-linkedlist-as-queue-concepts.md | https://docs.oracle.com/javase/tutorial/collections/	java::core::collections-framework
collections_framework-extra-061	Explain `TreeMap` deeply enough for review.	A Map stores key-value pairs and retrieves values by key.	Meaning: A Map stores key-value pairs and retrieves values by key. Why it matters: It matters because choosing the wrong data structure changes correctness, performance, and duplicate-handling behavior. A common confusion is memorizing class names without knowing lookup order, equality rules, or iteration behavior. Example: `Map<String, Integer> scores = new HashMap<>();` maps keys to values.	19-collections-framework/theory/04-linkedlist-as-queue-concepts.md | https://docs.oracle.com/javase/tutorial/collections/	java::core::collections-framework
collections_framework-extra-062	What confusion should you avoid with `TreeMap`?	Do not treat `TreeMap` as just a memorized word.	Use it as a practical rule. Ask what it changes in code: compile-time checks, runtime behavior, memory use, ordering, error handling, visibility, API design, or testability. `Map<String, Integer> scores = new HashMap<>();` maps keys to values.	19-collections-framework/theory/04-linkedlist-as-queue-concepts.md | https://docs.oracle.com/javase/tutorial/collections/	java::core::collections-framework
collections_framework-extra-063	Explain `Hashtable` deeply enough for review.	Hashtable is a specific concept in Collections Framework; learn its Java rule, valid use cases, and failure mode rather than only its name.	Meaning:Hashtable is a specific concept in Collections Framework; learn its Java rule, valid use cases, and failure mode rather than only its name. Why it matters: It matters because choosing the wrong data structure changes correctness, performance, and duplicate-handling behavior. A common confusion is memorizing class names without knowing lookup order, equality rules, or iteration behavior. Example: When reading code, ask: what does `Hashtable` change, allow, reject, or clarify?	19-collections-framework/theory/04-linkedlist-as-queue-concepts.md | https://docs.oracle.com/javase/tutorial/collections/	java::core::collections-framework
collections_framework-extra-064	What confusion should you avoid with `Hashtable`?	Do not treat `Hashtable` as just a memorized word.	Use it as a practical rule. Ask what it changes in code: compile-time checks, runtime behavior, memory use, ordering, error handling, visibility, API design, or testability. When reading code, ask: what does `Hashtable` change, allow, reject, or clarify?	19-collections-framework/theory/04-linkedlist-as-queue-concepts.md | https://docs.oracle.com/javase/tutorial/collections/	java::core::collections-framework
collections_framework-extra-065	Explain `ConcurrentHashMap` deeply enough for review.	A Map stores key-value pairs and retrieves values by key.	Meaning: A Map stores key-value pairs and retrieves values by key. Why it matters: It matters because concurrent code can look correct in single-thread tests but fail under timing pressure. A common confusion is assuming visibility, ordering, and atomicity are the same guarantee. Example: `Map<String, Integer> scores = new HashMap<>();` maps keys to values.	19-collections-framework/theory/05-concurrenthashmap-concepts.md | https://docs.oracle.com/javase/tutorial/collections/	java::core::collections-framework
collections_framework-extra-066	What confusion should you avoid with `ConcurrentHashMap`?	Do not treat `ConcurrentHashMap` as just a memorized word.	Use it as a practical rule. Ask what it changes in code: compile-time checks, runtime behavior, memory use, ordering, error handling, visibility, API design, or testability. `Map<String, Integer> scores = new HashMap<>();` maps keys to values.	19-collections-framework/theory/05-concurrenthashmap-concepts.md | https://docs.oracle.com/javase/tutorial/collections/	java::core::collections-framework
collections_framework-extra-067	Explain `WeakHashMap` deeply enough for review.	A Map stores key-value pairs and retrieves values by key.	Meaning: A Map stores key-value pairs and retrieves values by key. Why it matters: It matters because choosing the wrong data structure changes correctness, performance, and duplicate-handling behavior. A common confusion is memorizing class names without knowing lookup order, equality rules, or iteration behavior. Example: `Map<String, Integer> scores = new HashMap<>();` maps keys to values.	19-collections-framework/theory/05-concurrenthashmap-concepts.md | https://docs.oracle.com/javase/tutorial/collections/	java::core::collections-framework
collections_framework-extra-068	What confusion should you avoid with `WeakHashMap`?	Do not treat `WeakHashMap` as just a memorized word.	Use it as a practical rule. Ask what it changes in code: compile-time checks, runtime behavior, memory use, ordering, error handling, visibility, API design, or testability. `Map<String, Integer> scores = new HashMap<>();` maps keys to values.	19-collections-framework/theory/05-concurrenthashmap-concepts.md | https://docs.oracle.com/javase/tutorial/collections/	java::core::collections-framework
collections_framework-extra-069	Explain `IdentityHashMap` deeply enough for review.	A Map stores key-value pairs and retrieves values by key.	Meaning: A Map stores key-value pairs and retrieves values by key. Why it matters: It matters because choosing the wrong data structure changes correctness, performance, and duplicate-handling behavior. A common confusion is memorizing class names without knowing lookup order, equality rules, or iteration behavior. Example: `Map<String, Integer> scores = new HashMap<>();` maps keys to values.	19-collections-framework/theory/05-concurrenthashmap-concepts.md | https://docs.oracle.com/javase/tutorial/collections/	java::core::collections-framework
collections_framework-extra-070	What confusion should you avoid with `IdentityHashMap`?	Do not treat `IdentityHashMap` as just a memorized word.	Use it as a practical rule. Ask what it changes in code: compile-time checks, runtime behavior, memory use, ordering, error handling, visibility, API design, or testability. `Map<String, Integer> scores = new HashMap<>();` maps keys to values.	19-collections-framework/theory/05-concurrenthashmap-concepts.md | https://docs.oracle.com/javase/tutorial/collections/	java::core::collections-framework
collections_framework-extra-071	Explain `SortedMap` deeply enough for review.	A Map stores key-value pairs and retrieves values by key.	Meaning: A Map stores key-value pairs and retrieves values by key. Why it matters: It matters because choosing the wrong data structure changes correctness, performance, and duplicate-handling behavior. A common confusion is memorizing class names without knowing lookup order, equality rules, or iteration behavior. Example: `Map<String, Integer> scores = new HashMap<>();` maps keys to values.	19-collections-framework/theory/05-concurrenthashmap-concepts.md | https://docs.oracle.com/javase/tutorial/collections/	java::core::collections-framework
collections_framework-extra-072	What confusion should you avoid with `SortedMap`?	Do not treat `SortedMap` as just a memorized word.	Use it as a practical rule. Ask what it changes in code: compile-time checks, runtime behavior, memory use, ordering, error handling, visibility, API design, or testability. `Map<String, Integer> scores = new HashMap<>();` maps keys to values.	19-collections-framework/theory/05-concurrenthashmap-concepts.md | https://docs.oracle.com/javase/tutorial/collections/	java::core::collections-framework
collections_framework-extra-073	Explain `NavigableMap` deeply enough for review.	A Map stores key-value pairs and retrieves values by key.	Meaning: A Map stores key-value pairs and retrieves values by key. Why it matters: It matters because choosing the wrong data structure changes correctness, performance, and duplicate-handling behavior. A common confusion is memorizing class names without knowing lookup order, equality rules, or iteration behavior. Example: `Map<String, Integer> scores = new HashMap<>();` maps keys to values.	19-collections-framework/theory/05-concurrenthashmap-concepts.md | https://docs.oracle.com/javase/tutorial/collections/	java::core::collections-framework
collections_framework-extra-074	What confusion should you avoid with `NavigableMap`?	Do not treat `NavigableMap` as just a memorized word.	Use it as a practical rule. Ask what it changes in code: compile-time checks, runtime behavior, memory use, ordering, error handling, visibility, API design, or testability. `Map<String, Integer> scores = new HashMap<>();` maps keys to values.	19-collections-framework/theory/05-concurrenthashmap-concepts.md | https://docs.oracle.com/javase/tutorial/collections/	java::core::collections-framework
collections_framework-extra-075	Explain `When to use Map?` deeply enough for review.	A Map stores key-value pairs and retrieves values by key.	Meaning: A Map stores key-value pairs and retrieves values by key. Why it matters: It matters because choosing the wrong data structure changes correctness, performance, and duplicate-handling behavior. A common confusion is memorizing class names without knowing lookup order, equality rules, or iteration behavior. Example: `Map<String, Integer> scores = new HashMap<>();` maps keys to values.	19-collections-framework/theory/05-concurrenthashmap-concepts.md | https://docs.oracle.com/javase/tutorial/collections/	java::core::collections-framework
collections_framework-extra-076	What confusion should you avoid with `When to use Map?`?	Do not treat `When to use Map?` as just a memorized word.	Use it as a practical rule. Ask what it changes in code: compile-time checks, runtime behavior, memory use, ordering, error handling, visibility, API design, or testability. `Map<String, Integer> scores = new HashMap<>();` maps keys to values.	19-collections-framework/theory/05-concurrenthashmap-concepts.md | https://docs.oracle.com/javase/tutorial/collections/	java::core::collections-framework
collections_framework-extra-077	Explain `Iterator` deeply enough for review.	An Iterator traverses a collection while hiding its internal representation.	Meaning: An Iterator traverses a collection while hiding its internal representation. Why it matters: It matters because choosing the wrong data structure changes correctness, performance, and duplicate-handling behavior. A common confusion is memorizing class names without knowing lookup order, equality rules, or iteration behavior. Example: When reading code, ask: what does `Iterator` change, allow, reject, or clarify?	19-collections-framework/theory/05-concurrenthashmap-concepts.md | https://docs.oracle.com/javase/tutorial/collections/	java::core::collections-framework
collections_framework-extra-078	What confusion should you avoid with `Iterator`?	Do not treat `Iterator` as just a memorized word.	Use it as a practical rule. Ask what it changes in code: compile-time checks, runtime behavior, memory use, ordering, error handling, visibility, API design, or testability. When reading code, ask: what does `Iterator` change, allow, reject, or clarify?	19-collections-framework/theory/05-concurrenthashmap-concepts.md | https://docs.oracle.com/javase/tutorial/collections/	java::core::collections-framework
collections_framework-extra-079	Explain `ListIterator` deeply enough for review.	A List is an ordered collection that can contain duplicates and supports positional access.	Meaning: A List is an ordered collection that can contain duplicates and supports positional access. Why it matters: It matters because choosing the wrong data structure changes correctness, performance, and duplicate-handling behavior. A common confusion is memorizing class names without knowing lookup order, equality rules, or iteration behavior. Example: `List<String> names = new ArrayList<>();` stores ordered elements.	19-collections-framework/theory/05-concurrenthashmap-concepts.md | https://docs.oracle.com/javase/tutorial/collections/	java::core::collections-framework
collections_framework-extra-080	What confusion should you avoid with `ListIterator`?	Do not treat `ListIterator` as just a memorized word.	Use it as a practical rule. Ask what it changes in code: compile-time checks, runtime behavior, memory use, ordering, error handling, visibility, API design, or testability. `List<String> names = new ArrayList<>();` stores ordered elements.	19-collections-framework/theory/05-concurrenthashmap-concepts.md | https://docs.oracle.com/javase/tutorial/collections/	java::core::collections-framework
collections_framework-extra-081	Explain `Fail-fast iterator` deeply enough for review.	An Iterator traverses a collection while hiding its internal representation.	Meaning: An Iterator traverses a collection while hiding its internal representation. Why it matters: It matters because choosing the wrong data structure changes correctness, performance, and duplicate-handling behavior. A common confusion is memorizing class names without knowing lookup order, equality rules, or iteration behavior. Example: When reading code, ask: what does `Fail-fast iterator` change, allow, reject, or clarify?	19-collections-framework/theory/06-fail-fast-iterator-concepts.md | https://docs.oracle.com/javase/tutorial/collections/	java::core::collections-framework
collections_framework-extra-082	What confusion should you avoid with `Fail-fast iterator`?	Do not treat `Fail-fast iterator` as just a memorized word.	Use it as a practical rule. Ask what it changes in code: compile-time checks, runtime behavior, memory use, ordering, error handling, visibility, API design, or testability. When reading code, ask: what does `Fail-fast iterator` change, allow, reject, or clarify?	19-collections-framework/theory/06-fail-fast-iterator-concepts.md | https://docs.oracle.com/javase/tutorial/collections/	java::core::collections-framework
collections_framework-extra-083	Explain `Fail-safe iterator` deeply enough for review.	An Iterator traverses a collection while hiding its internal representation.	Meaning: An Iterator traverses a collection while hiding its internal representation. Why it matters: It matters because choosing the wrong data structure changes correctness, performance, and duplicate-handling behavior. A common confusion is memorizing class names without knowing lookup order, equality rules, or iteration behavior. Example: When reading code, ask: what does `Fail-safe iterator` change, allow, reject, or clarify?	19-collections-framework/theory/06-fail-fast-iterator-concepts.md | https://docs.oracle.com/javase/tutorial/collections/	java::core::collections-framework
collections_framework-extra-084	What confusion should you avoid with `Fail-safe iterator`?	Do not treat `Fail-safe iterator` as just a memorized word.	Use it as a practical rule. Ask what it changes in code: compile-time checks, runtime behavior, memory use, ordering, error handling, visibility, API design, or testability. When reading code, ask: what does `Fail-safe iterator` change, allow, reject, or clarify?	19-collections-framework/theory/06-fail-fast-iterator-concepts.md | https://docs.oracle.com/javase/tutorial/collections/	java::core::collections-framework
collections_framework-extra-085	Explain `ConcurrentModificationException` deeply enough for review.	An exception represents an abnormal condition that a program may catch or propagate.	Meaning: An exception represents an abnormal condition that a program may catch or propagate. Why it matters: It matters because exception behavior decides whether failures are handled locally, propagated, or allowed to stop the program. A common confusion is treating every exception the same instead of separating recoverable conditions from programming bugs. Example: When reading code, ask: what does `ConcurrentModificationException` change, allow, reject, or clarify?	19-collections-framework/theory/06-fail-fast-iterator-concepts.md | https://docs.oracle.com/javase/tutorial/collections/	java::core::collections-framework
collections_framework-extra-086	What confusion should you avoid with `ConcurrentModificationException`?	Do not treat `ConcurrentModificationException` as just a memorized word.	Use it as a practical rule. Ask what it changes in code: compile-time checks, runtime behavior, memory use, ordering, error handling, visibility, API design, or testability. When reading code, ask: what does `ConcurrentModificationException` change, allow, reject, or clarify?	19-collections-framework/theory/06-fail-fast-iterator-concepts.md | https://docs.oracle.com/javase/tutorial/collections/	java::core::collections-framework
collections_framework-extra-087	Explain `Collections.sort` deeply enough for review.	A collection is an object that groups multiple elements under a common API.	Meaning: A collection is an object that groups multiple elements under a common API. Why it matters: It matters because choosing the wrong data structure changes correctness, performance, and duplicate-handling behavior. A common confusion is memorizing class names without knowing lookup order, equality rules, or iteration behavior. Example: When reading code, ask: what does `Collections.sort` change, allow, reject, or clarify?	19-collections-framework/theory/06-fail-fast-iterator-concepts.md | https://docs.oracle.com/javase/tutorial/collections/	java::core::collections-framework
collections_framework-extra-088	What confusion should you avoid with `Collections.sort`?	Do not treat `Collections.sort` as just a memorized word.	Use it as a practical rule. Ask what it changes in code: compile-time checks, runtime behavior, memory use, ordering, error handling, visibility, API design, or testability. When reading code, ask: what does `Collections.sort` change, allow, reject, or clarify?	19-collections-framework/theory/06-fail-fast-iterator-concepts.md | https://docs.oracle.com/javase/tutorial/collections/	java::core::collections-framework
collections_framework-extra-089	Explain `Collections.reverse` deeply enough for review.	A collection is an object that groups multiple elements under a common API.	Meaning: A collection is an object that groups multiple elements under a common API. Why it matters: It matters because choosing the wrong data structure changes correctness, performance, and duplicate-handling behavior. A common confusion is memorizing class names without knowing lookup order, equality rules, or iteration behavior. Example: When reading code, ask: what does `Collections.reverse` change, allow, reject, or clarify?	19-collections-framework/theory/06-fail-fast-iterator-concepts.md | https://docs.oracle.com/javase/tutorial/collections/	java::core::collections-framework
collections_framework-extra-090	What confusion should you avoid with `Collections.reverse`?	Do not treat `Collections.reverse` as just a memorized word.	Use it as a practical rule. Ask what it changes in code: compile-time checks, runtime behavior, memory use, ordering, error handling, visibility, API design, or testability. When reading code, ask: what does `Collections.reverse` change, allow, reject, or clarify?	19-collections-framework/theory/06-fail-fast-iterator-concepts.md | https://docs.oracle.com/javase/tutorial/collections/	java::core::collections-framework
collections_framework-extra-091	Explain `Collections.shuffle` deeply enough for review.	A collection is an object that groups multiple elements under a common API.	Meaning: A collection is an object that groups multiple elements under a common API. Why it matters: It matters because choosing the wrong data structure changes correctness, performance, and duplicate-handling behavior. A common confusion is memorizing class names without knowing lookup order, equality rules, or iteration behavior. Example: When reading code, ask: what does `Collections.shuffle` change, allow, reject, or clarify?	19-collections-framework/theory/06-fail-fast-iterator-concepts.md | https://docs.oracle.com/javase/tutorial/collections/	java::core::collections-framework
collections_framework-extra-092	What confusion should you avoid with `Collections.shuffle`?	Do not treat `Collections.shuffle` as just a memorized word.	Use it as a practical rule. Ask what it changes in code: compile-time checks, runtime behavior, memory use, ordering, error handling, visibility, API design, or testability. When reading code, ask: what does `Collections.shuffle` change, allow, reject, or clarify?	19-collections-framework/theory/06-fail-fast-iterator-concepts.md | https://docs.oracle.com/javase/tutorial/collections/	java::core::collections-framework
collections_framework-extra-093	Explain `Collections.max` deeply enough for review.	A collection is an object that groups multiple elements under a common API.	Meaning: A collection is an object that groups multiple elements under a common API. Why it matters: It matters because choosing the wrong data structure changes correctness, performance, and duplicate-handling behavior. A common confusion is memorizing class names without knowing lookup order, equality rules, or iteration behavior. Example: When reading code, ask: what does `Collections.max` change, allow, reject, or clarify?	19-collections-framework/theory/06-fail-fast-iterator-concepts.md | https://docs.oracle.com/javase/tutorial/collections/	java::core::collections-framework
collections_framework-extra-094	What confusion should you avoid with `Collections.max`?	Do not treat `Collections.max` as just a memorized word.	Use it as a practical rule. Ask what it changes in code: compile-time checks, runtime behavior, memory use, ordering, error handling, visibility, API design, or testability. When reading code, ask: what does `Collections.max` change, allow, reject, or clarify?	19-collections-framework/theory/06-fail-fast-iterator-concepts.md | https://docs.oracle.com/javase/tutorial/collections/	java::core::collections-framework
collections_framework-extra-095	Explain `Collections.min` deeply enough for review.	A collection is an object that groups multiple elements under a common API.	Meaning: A collection is an object that groups multiple elements under a common API. Why it matters: It matters because choosing the wrong data structure changes correctness, performance, and duplicate-handling behavior. A common confusion is memorizing class names without knowing lookup order, equality rules, or iteration behavior. Example: When reading code, ask: what does `Collections.min` change, allow, reject, or clarify?	19-collections-framework/theory/06-fail-fast-iterator-concepts.md | https://docs.oracle.com/javase/tutorial/collections/	java::core::collections-framework
collections_framework-extra-096	What confusion should you avoid with `Collections.min`?	Do not treat `Collections.min` as just a memorized word.	Use it as a practical rule. Ask what it changes in code: compile-time checks, runtime behavior, memory use, ordering, error handling, visibility, API design, or testability. When reading code, ask: what does `Collections.min` change, allow, reject, or clarify?	19-collections-framework/theory/06-fail-fast-iterator-concepts.md | https://docs.oracle.com/javase/tutorial/collections/	java::core::collections-framework
collections_framework-extra-097	Explain `Collections.unmodifiableList` deeply enough for review.	A collection is an object that groups multiple elements under a common API.	Meaning: A collection is an object that groups multiple elements under a common API. Why it matters: It matters because choosing the wrong data structure changes correctness, performance, and duplicate-handling behavior. A common confusion is memorizing class names without knowing lookup order, equality rules, or iteration behavior. Example: `List<String> names = new ArrayList<>();` stores ordered elements.	19-collections-framework/theory/07-collections-unmodifiablelist-concepts.md | https://docs.oracle.com/javase/tutorial/collections/	java::core::collections-framework
collections_framework-extra-098	What confusion should you avoid with `Collections.unmodifiableList`?	Do not treat `Collections.unmodifiableList` as just a memorized word.	Use it as a practical rule. Ask what it changes in code: compile-time checks, runtime behavior, memory use, ordering, error handling, visibility, API design, or testability. `List<String> names = new ArrayList<>();` stores ordered elements.	19-collections-framework/theory/07-collections-unmodifiablelist-concepts.md | https://docs.oracle.com/javase/tutorial/collections/	java::core::collections-framework
collections_framework-extra-099	Explain `Collections.synchronizedList` deeply enough for review.	Synchronized protects a critical section by using a monitor lock.	Meaning: Synchronized protects a critical section by using a monitor lock. Why it matters: It matters because concurrent code can look correct in single-thread tests but fail under timing pressure. A common confusion is assuming visibility, ordering, and atomicity are the same guarantee. Example: `List<String> names = new ArrayList<>();` stores ordered elements.	19-collections-framework/theory/07-collections-unmodifiablelist-concepts.md | https://docs.oracle.com/javase/tutorial/collections/	java::core::collections-framework
collections_framework-extra-100	What confusion should you avoid with `Collections.synchronizedList`?	Do not treat `Collections.synchronizedList` as just a memorized word.	Use it as a practical rule. Ask what it changes in code: compile-time checks, runtime behavior, memory use, ordering, error handling, visibility, API design, or testability. `List<String> names = new ArrayList<>();` stores ordered elements.	19-collections-framework/theory/07-collections-unmodifiablelist-concepts.md | https://docs.oracle.com/javase/tutorial/collections/	java::core::collections-framework
collections_framework-extra-101	Explain `Arrays.sort` deeply enough for review.	Arrays.sort is a specific concept in Collections Framework; learn its Java rule, valid use cases, and failure mode rather than only its name.	Meaning:Arrays.sort is a specific concept in Collections Framework; learn its Java rule, valid use cases, and failure mode rather than only its name. Why it matters: Use it to predict the exact Java rule, the allowed form, and the failure mode. Review it with a tiny example instead of memorizing only the label. Example: When reading code, ask: what does `Arrays.sort` change, allow, reject, or clarify?	19-collections-framework/theory/07-collections-unmodifiablelist-concepts.md | https://docs.oracle.com/javase/tutorial/collections/	java::core::collections-framework
collections_framework-extra-102	What confusion should you avoid with `Arrays.sort`?	Do not treat `Arrays.sort` as just a memorized word.	Use it as a practical rule. Ask what it changes in code: compile-time checks, runtime behavior, memory use, ordering, error handling, visibility, API design, or testability. When reading code, ask: what does `Arrays.sort` change, allow, reject, or clarify?	19-collections-framework/theory/07-collections-unmodifiablelist-concepts.md | https://docs.oracle.com/javase/tutorial/collections/	java::core::collections-framework
collections_framework-extra-103	Explain `Arrays.binarySearch` deeply enough for review.	Arrays.binarySearch is a specific concept in Collections Framework; learn its Java rule, valid use cases, and failure mode rather than only its name.	Meaning:Arrays.binarySearch is a specific concept in Collections Framework; learn its Java rule, valid use cases, and failure mode rather than only its name. Why it matters: Use it to predict the exact Java rule, the allowed form, and the failure mode. Review it with a tiny example instead of memorizing only the label. Example: When reading code, ask: what does `Arrays.binarySearch` change, allow, reject, or clarify?	19-collections-framework/theory/07-collections-unmodifiablelist-concepts.md | https://docs.oracle.com/javase/tutorial/collections/	java::core::collections-framework
collections_framework-extra-104	What confusion should you avoid with `Arrays.binarySearch`?	Do not treat `Arrays.binarySearch` as just a memorized word.	Use it as a practical rule. Ask what it changes in code: compile-time checks, runtime behavior, memory use, ordering, error handling, visibility, API design, or testability. When reading code, ask: what does `Arrays.binarySearch` change, allow, reject, or clarify?	19-collections-framework/theory/07-collections-unmodifiablelist-concepts.md | https://docs.oracle.com/javase/tutorial/collections/	java::core::collections-framework
collections_framework-extra-105	Explain `Arrays.asList` deeply enough for review.	A List is an ordered collection that can contain duplicates and supports positional access.	Meaning: A List is an ordered collection that can contain duplicates and supports positional access. Why it matters: It matters because choosing the wrong data structure changes correctness, performance, and duplicate-handling behavior. A common confusion is memorizing class names without knowing lookup order, equality rules, or iteration behavior. Example: `List<String> names = new ArrayList<>();` stores ordered elements.	19-collections-framework/theory/07-collections-unmodifiablelist-concepts.md | https://docs.oracle.com/javase/tutorial/collections/	java::core::collections-framework
collections_framework-extra-106	What confusion should you avoid with `Arrays.asList`?	Do not treat `Arrays.asList` as just a memorized word.	Use it as a practical rule. Ask what it changes in code: compile-time checks, runtime behavior, memory use, ordering, error handling, visibility, API design, or testability. `List<String> names = new ArrayList<>();` stores ordered elements.	19-collections-framework/theory/07-collections-unmodifiablelist-concepts.md | https://docs.oracle.com/javase/tutorial/collections/	java::core::collections-framework
collections_framework-extra-107	Explain `Arrays.copyOf` deeply enough for review.	Arrays.copyOf is a specific concept in Collections Framework; learn its Java rule, valid use cases, and failure mode rather than only its name.	Meaning:Arrays.copyOf is a specific concept in Collections Framework; learn its Java rule, valid use cases, and failure mode rather than only its name. Why it matters: Use it to predict the exact Java rule, the allowed form, and the failure mode. Review it with a tiny example instead of memorizing only the label. Example: When reading code, ask: what does `Arrays.copyOf` change, allow, reject, or clarify?	19-collections-framework/theory/07-collections-unmodifiablelist-concepts.md | https://docs.oracle.com/javase/tutorial/collections/	java::core::collections-framework
collections_framework-extra-108	What confusion should you avoid with `Arrays.copyOf`?	Do not treat `Arrays.copyOf` as just a memorized word.	Use it as a practical rule. Ask what it changes in code: compile-time checks, runtime behavior, memory use, ordering, error handling, visibility, API design, or testability. When reading code, ask: what does `Arrays.copyOf` change, allow, reject, or clarify?	19-collections-framework/theory/07-collections-unmodifiablelist-concepts.md | https://docs.oracle.com/javase/tutorial/collections/	java::core::collections-framework
collections_framework-extra-109	Explain `Arrays.equals` deeply enough for review.	equals() defines logical equality between objects.	Meaning: equals() defines logical equality between objects. Why it matters: Use it to predict the exact Java rule, the allowed form, and the failure mode. Review it with a tiny example instead of memorizing only the label. Example: When reading code, ask: what does `Arrays.equals` change, allow, reject, or clarify?	19-collections-framework/theory/07-collections-unmodifiablelist-concepts.md | https://docs.oracle.com/javase/tutorial/collections/	java::core::collections-framework
collections_framework-extra-110	What confusion should you avoid with `Arrays.equals`?	Do not treat `Arrays.equals` as just a memorized word.	Use it as a practical rule. Ask what it changes in code: compile-time checks, runtime behavior, memory use, ordering, error handling, visibility, API design, or testability. When reading code, ask: what does `Arrays.equals` change, allow, reject, or clarify?	19-collections-framework/theory/07-collections-unmodifiablelist-concepts.md | https://docs.oracle.com/javase/tutorial/collections/	java::core::collections-framework
collections_framework-extra-111	Explain `Arrays.deepEquals` deeply enough for review.	equals() defines logical equality between objects.	Meaning: equals() defines logical equality between objects. Why it matters: Use it to predict the exact Java rule, the allowed form, and the failure mode. Review it with a tiny example instead of memorizing only the label. Example: When reading code, ask: what does `Arrays.deepEquals` change, allow, reject, or clarify?	19-collections-framework/theory/07-collections-unmodifiablelist-concepts.md | https://docs.oracle.com/javase/tutorial/collections/	java::core::collections-framework
collections_framework-extra-112	What confusion should you avoid with `Arrays.deepEquals`?	Do not treat `Arrays.deepEquals` as just a memorized word.	Use it as a practical rule. Ask what it changes in code: compile-time checks, runtime behavior, memory use, ordering, error handling, visibility, API design, or testability. When reading code, ask: what does `Arrays.deepEquals` change, allow, reject, or clarify?	19-collections-framework/theory/07-collections-unmodifiablelist-concepts.md | https://docs.oracle.com/javase/tutorial/collections/	java::core::collections-framework
collections-framework-aug-extra-001	What should you understand deeply about `What is the Collection Framework?`?	A collection is an object that groups multiple elements under a common API.	Review it as a rule you can apply, not just a term. Ask what code it allows, rejects, or makes easier to reason about. Then connect it to one realistic Java mistake. Source: /home/fhu_thjen/projects/learning-java/19-collections-framework/theory/01-what-is-the-collection-framework-concepts.md	/home/fhu_thjen/projects/learning-java/19-collections-framework/theory/01-what-is-the-collection-framework-concepts.md | https://docs.oracle.com/javase/tutorial/collections/	java::core::collections_framework
collections-framework-aug-extra-002	What should you understand deeply about `Iterable`?	Iterable is the root traversal contract that allows an object to be used in enhanced for loops.	Review it as a rule you can apply, not just a term. Ask what code it allows, rejects, or makes easier to reason about. Then connect it to one realistic Java mistake. Source: /home/fhu_thjen/projects/learning-java/19-collections-framework/theory/01-what-is-the-collection-framework-concepts.md	/home/fhu_thjen/projects/learning-java/19-collections-framework/theory/01-what-is-the-collection-framework-concepts.md | https://docs.oracle.com/javase/tutorial/collections/	java::core::collections_framework
collections-framework-aug-extra-003	What should you understand deeply about `Collection`?	A collection is an object that groups multiple elements under a common API.	Review it as a rule you can apply, not just a term. Ask what code it allows, rejects, or makes easier to reason about. Then connect it to one realistic Java mistake. Source: /home/fhu_thjen/projects/learning-java/19-collections-framework/theory/01-what-is-the-collection-framework-concepts.md	/home/fhu_thjen/projects/learning-java/19-collections-framework/theory/01-what-is-the-collection-framework-concepts.md | https://docs.oracle.com/javase/tutorial/collections/	java::core::collections_framework
collections-framework-aug-extra-004	What should you understand deeply about `List`?	A List is an ordered collection that can contain duplicates and supports positional access.	Review it as a rule you can apply, not just a term. Ask what code it allows, rejects, or makes easier to reason about. Then connect it to one realistic Java mistake. Source: /home/fhu_thjen/projects/learning-java/19-collections-framework/theory/01-what-is-the-collection-framework-concepts.md	/home/fhu_thjen/projects/learning-java/19-collections-framework/theory/01-what-is-the-collection-framework-concepts.md | https://docs.oracle.com/javase/tutorial/collections/	java::core::collections_framework
collections-framework-aug-extra-005	What should you understand deeply about `Set`?	A Set is a collection that rejects duplicates according to equality rules.	Review it as a rule you can apply, not just a term. Ask what code it allows, rejects, or makes easier to reason about. Then connect it to one realistic Java mistake. Source: /home/fhu_thjen/projects/learning-java/19-collections-framework/theory/01-what-is-the-collection-framework-concepts.md	/home/fhu_thjen/projects/learning-java/19-collections-framework/theory/01-what-is-the-collection-framework-concepts.md | https://docs.oracle.com/javase/tutorial/collections/	java::core::collections_framework
collections-framework-aug-extra-006	What should you understand deeply about `Queue`?	Queue represents a collection designed for holding elements before processing, usually FIFO.	Review it as a rule you can apply, not just a term. Ask what code it allows, rejects, or makes easier to reason about. Then connect it to one realistic Java mistake. Source: /home/fhu_thjen/projects/learning-java/19-collections-framework/theory/01-what-is-the-collection-framework-concepts.md	/home/fhu_thjen/projects/learning-java/19-collections-framework/theory/01-what-is-the-collection-framework-concepts.md | https://docs.oracle.com/javase/tutorial/collections/	java::core::collections_framework
collections-framework-aug-extra-007	What should you understand deeply about `Deque`?	Deque is a double-ended queue that supports insertion and removal at both ends.	Review it as a rule you can apply, not just a term. Ask what code it allows, rejects, or makes easier to reason about. Then connect it to one realistic Java mistake. Source: /home/fhu_thjen/projects/learning-java/19-collections-framework/theory/01-what-is-the-collection-framework-concepts.md	/home/fhu_thjen/projects/learning-java/19-collections-framework/theory/01-what-is-the-collection-framework-concepts.md | https://docs.oracle.com/javase/tutorial/collections/	java::core::collections_framework
collections-framework-aug-extra-008	What should you understand deeply about `Map`?	A Map stores key-value pairs and retrieves values by key.	Review it as a rule you can apply, not just a term. Ask what code it allows, rejects, or makes easier to reason about. Then connect it to one realistic Java mistake. Source: /home/fhu_thjen/projects/learning-java/19-collections-framework/theory/01-what-is-the-collection-framework-concepts.md	/home/fhu_thjen/projects/learning-java/19-collections-framework/theory/01-what-is-the-collection-framework-concepts.md | https://docs.oracle.com/javase/tutorial/collections/	java::core::collections_framework
collections-framework-aug-extra-009	What should you understand deeply about `ArrayList`?	A List is an ordered collection that can contain duplicates and supports positional access.	Review it as a rule you can apply, not just a term. Ask what code it allows, rejects, or makes easier to reason about. Then connect it to one realistic Java mistake. Source: /home/fhu_thjen/projects/learning-java/19-collections-framework/theory/02-arraylist-concepts.md	/home/fhu_thjen/projects/learning-java/19-collections-framework/theory/02-arraylist-concepts.md | https://docs.oracle.com/javase/tutorial/collections/	java::core::collections_framework
collections-framework-aug-extra-010	What should you understand deeply about `LinkedList`?	A List is an ordered collection that can contain duplicates and supports positional access.	Review it as a rule you can apply, not just a term. Ask what code it allows, rejects, or makes easier to reason about. Then connect it to one realistic Java mistake. Source: /home/fhu_thjen/projects/learning-java/19-collections-framework/theory/02-arraylist-concepts.md	/home/fhu_thjen/projects/learning-java/19-collections-framework/theory/02-arraylist-concepts.md | https://docs.oracle.com/javase/tutorial/collections/	java::core::collections_framework
collections-framework-aug-extra-011	What should you understand deeply about `Vector`?	Tiny example or mental model:	Review it as a rule you can apply, not just a term. Ask what code it allows, rejects, or makes easier to reason about. Then connect it to one realistic Java mistake. Source: /home/fhu_thjen/projects/learning-java/19-collections-framework/theory/02-arraylist-concepts.md	/home/fhu_thjen/projects/learning-java/19-collections-framework/theory/02-arraylist-concepts.md | https://docs.oracle.com/javase/tutorial/collections/	java::core::collections_framework
collections-framework-aug-extra-012	What should you understand deeply about `Stack`?	Stack stores method frames, local variables, and call flow for each thread.	Review it as a rule you can apply, not just a term. Ask what code it allows, rejects, or makes easier to reason about. Then connect it to one realistic Java mistake. Source: /home/fhu_thjen/projects/learning-java/19-collections-framework/theory/02-arraylist-concepts.md	/home/fhu_thjen/projects/learning-java/19-collections-framework/theory/02-arraylist-concepts.md | https://docs.oracle.com/javase/tutorial/collections/	java::core::collections_framework
collections-framework-aug-extra-013	What should you understand deeply about `Comparing ArrayList and LinkedList`?	A List is an ordered collection that can contain duplicates and supports positional access.	Review it as a rule you can apply, not just a term. Ask what code it allows, rejects, or makes easier to reason about. Then connect it to one realistic Java mistake. Source: /home/fhu_thjen/projects/learning-java/19-collections-framework/theory/02-arraylist-concepts.md	/home/fhu_thjen/projects/learning-java/19-collections-framework/theory/02-arraylist-concepts.md | https://docs.oracle.com/javase/tutorial/collections/	java::core::collections_framework
collections-framework-aug-extra-014	What should you understand deeply about `When to use List?`?	A List is an ordered collection that can contain duplicates and supports positional access.	Review it as a rule you can apply, not just a term. Ask what code it allows, rejects, or makes easier to reason about. Then connect it to one realistic Java mistake. Source: /home/fhu_thjen/projects/learning-java/19-collections-framework/theory/02-arraylist-concepts.md	/home/fhu_thjen/projects/learning-java/19-collections-framework/theory/02-arraylist-concepts.md | https://docs.oracle.com/javase/tutorial/collections/	java::core::collections_framework
collections-framework-aug-extra-015	What should you understand deeply about `HashSet`?	A Set is a collection that rejects duplicates according to equality rules.	Review it as a rule you can apply, not just a term. Ask what code it allows, rejects, or makes easier to reason about. Then connect it to one realistic Java mistake. Source: /home/fhu_thjen/projects/learning-java/19-collections-framework/theory/02-arraylist-concepts.md	/home/fhu_thjen/projects/learning-java/19-collections-framework/theory/02-arraylist-concepts.md | https://docs.oracle.com/javase/tutorial/collections/	java::core::collections_framework
collections-framework-aug-extra-016	What should you understand deeply about `LinkedHashSet`?	A Set is a collection that rejects duplicates according to equality rules.	Review it as a rule you can apply, not just a term. Ask what code it allows, rejects, or makes easier to reason about. Then connect it to one realistic Java mistake. Source: /home/fhu_thjen/projects/learning-java/19-collections-framework/theory/02-arraylist-concepts.md	/home/fhu_thjen/projects/learning-java/19-collections-framework/theory/02-arraylist-concepts.md | https://docs.oracle.com/javase/tutorial/collections/	java::core::collections_framework
collections-framework-aug-extra-017	What should you understand deeply about `TreeSet`?	A Set is a collection that rejects duplicates according to equality rules.	Review it as a rule you can apply, not just a term. Ask what code it allows, rejects, or makes easier to reason about. Then connect it to one realistic Java mistake. Source: /home/fhu_thjen/projects/learning-java/19-collections-framework/theory/03-treeset-concepts.md	/home/fhu_thjen/projects/learning-java/19-collections-framework/theory/03-treeset-concepts.md | https://docs.oracle.com/javase/tutorial/collections/	java::core::collections_framework
collections-framework-aug-extra-018	What should you understand deeply about `SortedSet`?	A Set is a collection that rejects duplicates according to equality rules.	Review it as a rule you can apply, not just a term. Ask what code it allows, rejects, or makes easier to reason about. Then connect it to one realistic Java mistake. Source: /home/fhu_thjen/projects/learning-java/19-collections-framework/theory/03-treeset-concepts.md	/home/fhu_thjen/projects/learning-java/19-collections-framework/theory/03-treeset-concepts.md | https://docs.oracle.com/javase/tutorial/collections/	java::core::collections_framework
collections-framework-aug-extra-019	What should you understand deeply about `NavigableSet`?	A Set is a collection that rejects duplicates according to equality rules.	Review it as a rule you can apply, not just a term. Ask what code it allows, rejects, or makes easier to reason about. Then connect it to one realistic Java mistake. Source: /home/fhu_thjen/projects/learning-java/19-collections-framework/theory/03-treeset-concepts.md	/home/fhu_thjen/projects/learning-java/19-collections-framework/theory/03-treeset-concepts.md | https://docs.oracle.com/javase/tutorial/collections/	java::core::collections_framework
collections-framework-aug-extra-020	What should you understand deeply about `When to use Set?`?	A Set is a collection that rejects duplicates according to equality rules.	Review it as a rule you can apply, not just a term. Ask what code it allows, rejects, or makes easier to reason about. Then connect it to one realistic Java mistake. Source: /home/fhu_thjen/projects/learning-java/19-collections-framework/theory/03-treeset-concepts.md	/home/fhu_thjen/projects/learning-java/19-collections-framework/theory/03-treeset-concepts.md | https://docs.oracle.com/javase/tutorial/collections/	java::core::collections_framework
collections-framework-aug-extra-021	What should you understand deeply about `Duplicate removal mechanism`?	Tiny example or mental model:	Review it as a rule you can apply, not just a term. Ask what code it allows, rejects, or makes easier to reason about. Then connect it to one realistic Java mistake. Source: /home/fhu_thjen/projects/learning-java/19-collections-framework/theory/03-treeset-concepts.md	/home/fhu_thjen/projects/learning-java/19-collections-framework/theory/03-treeset-concepts.md | https://docs.oracle.com/javase/tutorial/collections/	java::core::collections_framework
collections-framework-aug-extra-022	What should you understand deeply about `Role of equals() and hashCode()`?	equals() defines logical equality between objects.	Review it as a rule you can apply, not just a term. Ask what code it allows, rejects, or makes easier to reason about. Then connect it to one realistic Java mistake. Source: /home/fhu_thjen/projects/learning-java/19-collections-framework/theory/03-treeset-concepts.md	/home/fhu_thjen/projects/learning-java/19-collections-framework/theory/03-treeset-concepts.md | https://docs.oracle.com/javase/tutorial/collections/	java::core::collections_framework
collections-framework-aug-extra-023	What should you understand deeply about `PriorityQueue`?	PriorityQueue removes elements by priority rather than insertion order.	Review it as a rule you can apply, not just a term. Ask what code it allows, rejects, or makes easier to reason about. Then connect it to one realistic Java mistake. Source: /home/fhu_thjen/projects/learning-java/19-collections-framework/theory/03-treeset-concepts.md	/home/fhu_thjen/projects/learning-java/19-collections-framework/theory/03-treeset-concepts.md | https://docs.oracle.com/javase/tutorial/collections/	java::core::collections_framework
collections-framework-aug-extra-024	What should you understand deeply about `ArrayDeque`?	ArrayDeque is a resizable-array Deque often preferred for stack or queue behavior.	Review it as a rule you can apply, not just a term. Ask what code it allows, rejects, or makes easier to reason about. Then connect it to one realistic Java mistake. Source: /home/fhu_thjen/projects/learning-java/19-collections-framework/theory/03-treeset-concepts.md	/home/fhu_thjen/projects/learning-java/19-collections-framework/theory/03-treeset-concepts.md | https://docs.oracle.com/javase/tutorial/collections/	java::core::collections_framework
collections-framework-aug-extra-025	What should you understand deeply about `LinkedList as Queue`?	A List is an ordered collection that can contain duplicates and supports positional access.	Review it as a rule you can apply, not just a term. Ask what code it allows, rejects, or makes easier to reason about. Then connect it to one realistic Java mistake. Source: /home/fhu_thjen/projects/learning-java/19-collections-framework/theory/04-linkedlist-as-queue-concepts.md	/home/fhu_thjen/projects/learning-java/19-collections-framework/theory/04-linkedlist-as-queue-concepts.md | https://docs.oracle.com/javase/tutorial/collections/	java::core::collections_framework
collections-framework-aug-extra-026	What should you understand deeply about `FIFO`?	Tiny example or mental model:	Review it as a rule you can apply, not just a term. Ask what code it allows, rejects, or makes easier to reason about. Then connect it to one realistic Java mistake. Source: /home/fhu_thjen/projects/learning-java/19-collections-framework/theory/04-linkedlist-as-queue-concepts.md	/home/fhu_thjen/projects/learning-java/19-collections-framework/theory/04-linkedlist-as-queue-concepts.md | https://docs.oracle.com/javase/tutorial/collections/	java::core::collections_framework
collections-framework-aug-extra-027	What should you understand deeply about `LIFO`?	Tiny example or mental model:	Review it as a rule you can apply, not just a term. Ask what code it allows, rejects, or makes easier to reason about. Then connect it to one realistic Java mistake. Source: /home/fhu_thjen/projects/learning-java/19-collections-framework/theory/04-linkedlist-as-queue-concepts.md	/home/fhu_thjen/projects/learning-java/19-collections-framework/theory/04-linkedlist-as-queue-concepts.md | https://docs.oracle.com/javase/tutorial/collections/	java::core::collections_framework
collections-framework-aug-extra-028	What should you understand deeply about `Priority queue`?	Tiny example or mental model:	Review it as a rule you can apply, not just a term. Ask what code it allows, rejects, or makes easier to reason about. Then connect it to one realistic Java mistake. Source: /home/fhu_thjen/projects/learning-java/19-collections-framework/theory/04-linkedlist-as-queue-concepts.md	/home/fhu_thjen/projects/learning-java/19-collections-framework/theory/04-linkedlist-as-queue-concepts.md | https://docs.oracle.com/javase/tutorial/collections/	java::core::collections_framework
collections-framework-aug-extra-029	What should you understand deeply about `HashMap`?	A Map stores key-value pairs and retrieves values by key.	Review it as a rule you can apply, not just a term. Ask what code it allows, rejects, or makes easier to reason about. Then connect it to one realistic Java mistake. Source: /home/fhu_thjen/projects/learning-java/19-collections-framework/theory/04-linkedlist-as-queue-concepts.md	/home/fhu_thjen/projects/learning-java/19-collections-framework/theory/04-linkedlist-as-queue-concepts.md | https://docs.oracle.com/javase/tutorial/collections/	java::core::collections_framework
collections-framework-aug-extra-030	What should you understand deeply about `LinkedHashMap`?	A Map stores key-value pairs and retrieves values by key.	Review it as a rule you can apply, not just a term. Ask what code it allows, rejects, or makes easier to reason about. Then connect it to one realistic Java mistake. Source: /home/fhu_thjen/projects/learning-java/19-collections-framework/theory/04-linkedlist-as-queue-concepts.md	/home/fhu_thjen/projects/learning-java/19-collections-framework/theory/04-linkedlist-as-queue-concepts.md | https://docs.oracle.com/javase/tutorial/collections/	java::core::collections_framework
collections-framework-aug-extra-031	What should you understand deeply about `TreeMap`?	A Map stores key-value pairs and retrieves values by key.	Review it as a rule you can apply, not just a term. Ask what code it allows, rejects, or makes easier to reason about. Then connect it to one realistic Java mistake. Source: /home/fhu_thjen/projects/learning-java/19-collections-framework/theory/04-linkedlist-as-queue-concepts.md	/home/fhu_thjen/projects/learning-java/19-collections-framework/theory/04-linkedlist-as-queue-concepts.md | https://docs.oracle.com/javase/tutorial/collections/	java::core::collections_framework
collections-framework-aug-extra-032	What should you understand deeply about `Hashtable`?	Hashtable is a legacy synchronized Map generally replaced by modern alternatives.	Review it as a rule you can apply, not just a term. Ask what code it allows, rejects, or makes easier to reason about. Then connect it to one realistic Java mistake. Source: /home/fhu_thjen/projects/learning-java/19-collections-framework/theory/04-linkedlist-as-queue-concepts.md	/home/fhu_thjen/projects/learning-java/19-collections-framework/theory/04-linkedlist-as-queue-concepts.md | https://docs.oracle.com/javase/tutorial/collections/	java::core::collections_framework
collections-framework-aug-extra-033	What should you understand deeply about `ConcurrentHashMap`?	A Map stores key-value pairs and retrieves values by key.	Review it as a rule you can apply, not just a term. Ask what code it allows, rejects, or makes easier to reason about. Then connect it to one realistic Java mistake. Source: /home/fhu_thjen/projects/learning-java/19-collections-framework/theory/05-concurrenthashmap-concepts.md	/home/fhu_thjen/projects/learning-java/19-collections-framework/theory/05-concurrenthashmap-concepts.md | https://docs.oracle.com/javase/tutorial/collections/	java::core::collections_framework
collections-framework-aug-extra-034	What should you understand deeply about `WeakHashMap`?	A Map stores key-value pairs and retrieves values by key.	Review it as a rule you can apply, not just a term. Ask what code it allows, rejects, or makes easier to reason about. Then connect it to one realistic Java mistake. Source: /home/fhu_thjen/projects/learning-java/19-collections-framework/theory/05-concurrenthashmap-concepts.md	/home/fhu_thjen/projects/learning-java/19-collections-framework/theory/05-concurrenthashmap-concepts.md | https://docs.oracle.com/javase/tutorial/collections/	java::core::collections_framework
collections-framework-aug-extra-035	What should you understand deeply about `IdentityHashMap`?	A Map stores key-value pairs and retrieves values by key.	Review it as a rule you can apply, not just a term. Ask what code it allows, rejects, or makes easier to reason about. Then connect it to one realistic Java mistake. Source: /home/fhu_thjen/projects/learning-java/19-collections-framework/theory/05-concurrenthashmap-concepts.md	/home/fhu_thjen/projects/learning-java/19-collections-framework/theory/05-concurrenthashmap-concepts.md | https://docs.oracle.com/javase/tutorial/collections/	java::core::collections_framework
collections-framework-aug-extra-036	What should you understand deeply about `SortedMap`?	A Map stores key-value pairs and retrieves values by key.	Review it as a rule you can apply, not just a term. Ask what code it allows, rejects, or makes easier to reason about. Then connect it to one realistic Java mistake. Source: /home/fhu_thjen/projects/learning-java/19-collections-framework/theory/05-concurrenthashmap-concepts.md	/home/fhu_thjen/projects/learning-java/19-collections-framework/theory/05-concurrenthashmap-concepts.md | https://docs.oracle.com/javase/tutorial/collections/	java::core::collections_framework
collections-framework-aug-extra-037	What should you understand deeply about `NavigableMap`?	A Map stores key-value pairs and retrieves values by key.	Review it as a rule you can apply, not just a term. Ask what code it allows, rejects, or makes easier to reason about. Then connect it to one realistic Java mistake. Source: /home/fhu_thjen/projects/learning-java/19-collections-framework/theory/05-concurrenthashmap-concepts.md	/home/fhu_thjen/projects/learning-java/19-collections-framework/theory/05-concurrenthashmap-concepts.md | https://docs.oracle.com/javase/tutorial/collections/	java::core::collections_framework
collections-framework-aug-extra-038	What should you understand deeply about `When to use Map?`?	A Map stores key-value pairs and retrieves values by key.	Review it as a rule you can apply, not just a term. Ask what code it allows, rejects, or makes easier to reason about. Then connect it to one realistic Java mistake. Source: /home/fhu_thjen/projects/learning-java/19-collections-framework/theory/05-concurrenthashmap-concepts.md	/home/fhu_thjen/projects/learning-java/19-collections-framework/theory/05-concurrenthashmap-concepts.md | https://docs.oracle.com/javase/tutorial/collections/	java::core::collections_framework
collections-framework-aug-extra-039	What should you understand deeply about `Iterator`?	An Iterator traverses a collection while hiding its internal representation.	Review it as a rule you can apply, not just a term. Ask what code it allows, rejects, or makes easier to reason about. Then connect it to one realistic Java mistake. Source: /home/fhu_thjen/projects/learning-java/19-collections-framework/theory/05-concurrenthashmap-concepts.md	/home/fhu_thjen/projects/learning-java/19-collections-framework/theory/05-concurrenthashmap-concepts.md | https://docs.oracle.com/javase/tutorial/collections/	java::core::collections_framework
collections-framework-aug-extra-040	What should you understand deeply about `ListIterator`?	A List is an ordered collection that can contain duplicates and supports positional access.	Review it as a rule you can apply, not just a term. Ask what code it allows, rejects, or makes easier to reason about. Then connect it to one realistic Java mistake. Source: /home/fhu_thjen/projects/learning-java/19-collections-framework/theory/05-concurrenthashmap-concepts.md	/home/fhu_thjen/projects/learning-java/19-collections-framework/theory/05-concurrenthashmap-concepts.md | https://docs.oracle.com/javase/tutorial/collections/	java::core::collections_framework
collections-framework-aug-extra-041	What should you understand deeply about `Fail-fast iterator`?	An Iterator traverses a collection while hiding its internal representation.	Review it as a rule you can apply, not just a term. Ask what code it allows, rejects, or makes easier to reason about. Then connect it to one realistic Java mistake. Source: /home/fhu_thjen/projects/learning-java/19-collections-framework/theory/06-fail-fast-iterator-concepts.md	/home/fhu_thjen/projects/learning-java/19-collections-framework/theory/06-fail-fast-iterator-concepts.md | https://docs.oracle.com/javase/tutorial/collections/	java::core::collections_framework
collections-framework-aug-extra-042	What should you understand deeply about `Fail-safe iterator`?	An Iterator traverses a collection while hiding its internal representation.	Review it as a rule you can apply, not just a term. Ask what code it allows, rejects, or makes easier to reason about. Then connect it to one realistic Java mistake. Source: /home/fhu_thjen/projects/learning-java/19-collections-framework/theory/06-fail-fast-iterator-concepts.md	/home/fhu_thjen/projects/learning-java/19-collections-framework/theory/06-fail-fast-iterator-concepts.md | https://docs.oracle.com/javase/tutorial/collections/	java::core::collections_framework
collections-framework-aug-extra-043	What should you understand deeply about `ConcurrentModificationException`?	An exception represents an abnormal condition that a program may catch or propagate.	Review it as a rule you can apply, not just a term. Ask what code it allows, rejects, or makes easier to reason about. Then connect it to one realistic Java mistake. Source: /home/fhu_thjen/projects/learning-java/19-collections-framework/theory/06-fail-fast-iterator-concepts.md	/home/fhu_thjen/projects/learning-java/19-collections-framework/theory/06-fail-fast-iterator-concepts.md | https://docs.oracle.com/javase/tutorial/collections/	java::core::collections_framework
collections-framework-aug-extra-044	What should you understand deeply about `Collections.sort`?	A collection is an object that groups multiple elements under a common API.	Review it as a rule you can apply, not just a term. Ask what code it allows, rejects, or makes easier to reason about. Then connect it to one realistic Java mistake. Source: /home/fhu_thjen/projects/learning-java/19-collections-framework/theory/06-fail-fast-iterator-concepts.md	/home/fhu_thjen/projects/learning-java/19-collections-framework/theory/06-fail-fast-iterator-concepts.md | https://docs.oracle.com/javase/tutorial/collections/	java::core::collections_framework
collections-framework-aug-extra-045	What should you understand deeply about `Collections.reverse`?	A collection is an object that groups multiple elements under a common API.	Review it as a rule you can apply, not just a term. Ask what code it allows, rejects, or makes easier to reason about. Then connect it to one realistic Java mistake. Source: /home/fhu_thjen/projects/learning-java/19-collections-framework/theory/06-fail-fast-iterator-concepts.md	/home/fhu_thjen/projects/learning-java/19-collections-framework/theory/06-fail-fast-iterator-concepts.md | https://docs.oracle.com/javase/tutorial/collections/	java::core::collections_framework
collections-framework-aug-extra-046	What should you understand deeply about `Collections.shuffle`?	A collection is an object that groups multiple elements under a common API.	Review it as a rule you can apply, not just a term. Ask what code it allows, rejects, or makes easier to reason about. Then connect it to one realistic Java mistake. Source: /home/fhu_thjen/projects/learning-java/19-collections-framework/theory/06-fail-fast-iterator-concepts.md	/home/fhu_thjen/projects/learning-java/19-collections-framework/theory/06-fail-fast-iterator-concepts.md | https://docs.oracle.com/javase/tutorial/collections/	java::core::collections_framework
collections-framework-aug-extra-047	What should you understand deeply about `Collections.max`?	A collection is an object that groups multiple elements under a common API.	Review it as a rule you can apply, not just a term. Ask what code it allows, rejects, or makes easier to reason about. Then connect it to one realistic Java mistake. Source: /home/fhu_thjen/projects/learning-java/19-collections-framework/theory/06-fail-fast-iterator-concepts.md	/home/fhu_thjen/projects/learning-java/19-collections-framework/theory/06-fail-fast-iterator-concepts.md | https://docs.oracle.com/javase/tutorial/collections/	java::core::collections_framework
collections-framework-aug-extra-048	What should you understand deeply about `Collections.min`?	A collection is an object that groups multiple elements under a common API.	Review it as a rule you can apply, not just a term. Ask what code it allows, rejects, or makes easier to reason about. Then connect it to one realistic Java mistake. Source: /home/fhu_thjen/projects/learning-java/19-collections-framework/theory/06-fail-fast-iterator-concepts.md	/home/fhu_thjen/projects/learning-java/19-collections-framework/theory/06-fail-fast-iterator-concepts.md | https://docs.oracle.com/javase/tutorial/collections/	java::core::collections_framework
collections-framework-aug-extra-049	What should you understand deeply about `Collections.unmodifiableList`?	A collection is an object that groups multiple elements under a common API.	Review it as a rule you can apply, not just a term. Ask what code it allows, rejects, or makes easier to reason about. Then connect it to one realistic Java mistake. Source: /home/fhu_thjen/projects/learning-java/19-collections-framework/theory/07-collections-unmodifiablelist-concepts.md	/home/fhu_thjen/projects/learning-java/19-collections-framework/theory/07-collections-unmodifiablelist-concepts.md | https://docs.oracle.com/javase/tutorial/collections/	java::core::collections_framework
collections-framework-aug-extra-050	What should you understand deeply about `Collections.synchronizedList`?	Synchronized protects a critical section by using a monitor lock.	Review it as a rule you can apply, not just a term. Ask what code it allows, rejects, or makes easier to reason about. Then connect it to one realistic Java mistake. Source: /home/fhu_thjen/projects/learning-java/19-collections-framework/theory/07-collections-unmodifiablelist-concepts.md	/home/fhu_thjen/projects/learning-java/19-collections-framework/theory/07-collections-unmodifiablelist-concepts.md | https://docs.oracle.com/javase/tutorial/collections/	java::core::collections_framework
collections-framework-aug-extra-051	What should you understand deeply about `Arrays.sort`?	Tiny example or mental model:	Review it as a rule you can apply, not just a term. Ask what code it allows, rejects, or makes easier to reason about. Then connect it to one realistic Java mistake. Source: /home/fhu_thjen/projects/learning-java/19-collections-framework/theory/07-collections-unmodifiablelist-concepts.md	/home/fhu_thjen/projects/learning-java/19-collections-framework/theory/07-collections-unmodifiablelist-concepts.md | https://docs.oracle.com/javase/tutorial/collections/	java::core::collections_framework
collections-framework-aug-extra-052	What should you understand deeply about `Arrays.binarySearch`?	Tiny example or mental model:	Review it as a rule you can apply, not just a term. Ask what code it allows, rejects, or makes easier to reason about. Then connect it to one realistic Java mistake. Source: /home/fhu_thjen/projects/learning-java/19-collections-framework/theory/07-collections-unmodifiablelist-concepts.md	/home/fhu_thjen/projects/learning-java/19-collections-framework/theory/07-collections-unmodifiablelist-concepts.md | https://docs.oracle.com/javase/tutorial/collections/	java::core::collections_framework
collections-framework-aug-extra-053	What should you understand deeply about `Arrays.asList`?	A List is an ordered collection that can contain duplicates and supports positional access.	Review it as a rule you can apply, not just a term. Ask what code it allows, rejects, or makes easier to reason about. Then connect it to one realistic Java mistake. Source: /home/fhu_thjen/projects/learning-java/19-collections-framework/theory/07-collections-unmodifiablelist-concepts.md	/home/fhu_thjen/projects/learning-java/19-collections-framework/theory/07-collections-unmodifiablelist-concepts.md | https://docs.oracle.com/javase/tutorial/collections/	java::core::collections_framework
collections-framework-aug-extra-054	What should you understand deeply about `Arrays.copyOf`?	Tiny example or mental model:	Review it as a rule you can apply, not just a term. Ask what code it allows, rejects, or makes easier to reason about. Then connect it to one realistic Java mistake. Source: /home/fhu_thjen/projects/learning-java/19-collections-framework/theory/07-collections-unmodifiablelist-concepts.md	/home/fhu_thjen/projects/learning-java/19-collections-framework/theory/07-collections-unmodifiablelist-concepts.md | https://docs.oracle.com/javase/tutorial/collections/	java::core::collections_framework
collections-framework-aug-extra-055	What should you understand deeply about `Arrays.equals`?	equals() defines logical equality between objects.	Review it as a rule you can apply, not just a term. Ask what code it allows, rejects, or makes easier to reason about. Then connect it to one realistic Java mistake. Source: /home/fhu_thjen/projects/learning-java/19-collections-framework/theory/07-collections-unmodifiablelist-concepts.md	/home/fhu_thjen/projects/learning-java/19-collections-framework/theory/07-collections-unmodifiablelist-concepts.md | https://docs.oracle.com/javase/tutorial/collections/	java::core::collections_framework
collections-framework-aug-extra-056	What should you understand deeply about `Arrays.deepEquals`?	equals() defines logical equality between objects.	Review it as a rule you can apply, not just a term. Ask what code it allows, rejects, or makes easier to reason about. Then connect it to one realistic Java mistake. Source: /home/fhu_thjen/projects/learning-java/19-collections-framework/theory/07-collections-unmodifiablelist-concepts.md	/home/fhu_thjen/projects/learning-java/19-collections-framework/theory/07-collections-unmodifiablelist-concepts.md | https://docs.oracle.com/javase/tutorial/collections/	java::core::collections_framework
collections-framework-aug-extra-057	What should you understand deeply about `What should you know about What is the Collection Framework? in Collections Framework?`?	A collection is an object that groups multiple elements under a common API.	Review it as a rule you can apply, not just a term. Ask what code it allows, rejects, or makes easier to reason about. Then connect it to one realistic Java mistake. Source: 19-collections-framework/theory/01-what-is-the-collection-framework-concepts.md	19-collections-framework/theory/01-what-is-the-collection-framework-concepts.md | https://docs.oracle.com/javase/tutorial/collections/	java::core::collections_framework
collections-framework-aug-extra-058	What should you understand deeply about `Why does What is the Collection Framework? matter in Java?`?	It matters because choosing the wrong data structure changes correctness, performance, and duplicate-handling behavior. A common confusion is memorizing class names without knowing lookup order, equality rules, or iteration behavior.	Review it as a rule you can apply, not just a term. Ask what code it allows, rejects, or makes easier to reason about. Then connect it to one realistic Java mistake. Source: 19-collections-framework/theory/01-what-is-the-collection-framework-concepts.md	19-collections-framework/theory/01-what-is-the-collection-framework-concepts.md | https://docs.oracle.com/javase/tutorial/collections/	java::core::collections_framework
collections-framework-aug-extra-059	What should you understand deeply about `What should you know about Collection in Collections Framework?`?	A collection is an object that groups multiple elements under a common API.	Review it as a rule you can apply, not just a term. Ask what code it allows, rejects, or makes easier to reason about. Then connect it to one realistic Java mistake. Source: 19-collections-framework/theory/01-what-is-the-collection-framework-concepts.md	19-collections-framework/theory/01-what-is-the-collection-framework-concepts.md | https://docs.oracle.com/javase/tutorial/collections/	java::core::collections_framework
collections-framework-aug-extra-060	What should you understand deeply about `Why does Collection matter in Java?`?	It matters because choosing the wrong data structure changes correctness, performance, and duplicate-handling behavior. A common confusion is memorizing class names without knowing lookup order, equality rules, or iteration behavior.	Review it as a rule you can apply, not just a term. Ask what code it allows, rejects, or makes easier to reason about. Then connect it to one realistic Java mistake. Source: 19-collections-framework/theory/01-what-is-the-collection-framework-concepts.md	19-collections-framework/theory/01-what-is-the-collection-framework-concepts.md | https://docs.oracle.com/javase/tutorial/collections/	java::core::collections_framework
collections-framework-aug-extra-061	What should you understand deeply about `What should you know about List in Collections Framework?`?	A List is an ordered collection that can contain duplicates and supports positional access.	Review it as a rule you can apply, not just a term. Ask what code it allows, rejects, or makes easier to reason about. Then connect it to one realistic Java mistake. Source: 19-collections-framework/theory/01-what-is-the-collection-framework-concepts.md	19-collections-framework/theory/01-what-is-the-collection-framework-concepts.md | https://docs.oracle.com/javase/tutorial/collections/	java::core::collections_framework
collections-framework-aug-extra-062	What should you understand deeply about `Why does List matter in Java?`?	It matters because choosing the wrong data structure changes correctness, performance, and duplicate-handling behavior. A common confusion is memorizing class names without knowing lookup order, equality rules, or iteration behavior.	Review it as a rule you can apply, not just a term. Ask what code it allows, rejects, or makes easier to reason about. Then connect it to one realistic Java mistake. Source: 19-collections-framework/theory/01-what-is-the-collection-framework-concepts.md	19-collections-framework/theory/01-what-is-the-collection-framework-concepts.md | https://docs.oracle.com/javase/tutorial/collections/	java::core::collections_framework
collections-framework-aug-extra-063	What should you understand deeply about `What should you know about Set in Collections Framework?`?	A Set is a collection that rejects duplicates according to equality rules.	Review it as a rule you can apply, not just a term. Ask what code it allows, rejects, or makes easier to reason about. Then connect it to one realistic Java mistake. Source: 19-collections-framework/theory/01-what-is-the-collection-framework-concepts.md	19-collections-framework/theory/01-what-is-the-collection-framework-concepts.md | https://docs.oracle.com/javase/tutorial/collections/	java::core::collections_framework
collections-framework-aug-extra-064	What should you understand deeply about `Why does Set matter in Java?`?	It matters because choosing the wrong data structure changes correctness, performance, and duplicate-handling behavior. A common confusion is memorizing class names without knowing lookup order, equality rules, or iteration behavior.	Review it as a rule you can apply, not just a term. Ask what code it allows, rejects, or makes easier to reason about. Then connect it to one realistic Java mistake. Source: 19-collections-framework/theory/01-what-is-the-collection-framework-concepts.md	19-collections-framework/theory/01-what-is-the-collection-framework-concepts.md | https://docs.oracle.com/javase/tutorial/collections/	java::core::collections_framework
collections-framework-aug-extra-065	What should you understand deeply about `What should you know about Map in Collections Framework?`?	A Map stores key-value pairs and retrieves values by key.	Review it as a rule you can apply, not just a term. Ask what code it allows, rejects, or makes easier to reason about. Then connect it to one realistic Java mistake. Source: 19-collections-framework/theory/01-what-is-the-collection-framework-concepts.md	19-collections-framework/theory/01-what-is-the-collection-framework-concepts.md | https://docs.oracle.com/javase/tutorial/collections/	java::core::collections_framework
collections-framework-aug-extra-066	What should you understand deeply about `Why does Map matter in Java?`?	It matters because choosing the wrong data structure changes correctness, performance, and duplicate-handling behavior. A common confusion is memorizing class names without knowing lookup order, equality rules, or iteration behavior.	Review it as a rule you can apply, not just a term. Ask what code it allows, rejects, or makes easier to reason about. Then connect it to one realistic Java mistake. Source: 19-collections-framework/theory/01-what-is-the-collection-framework-concepts.md	19-collections-framework/theory/01-what-is-the-collection-framework-concepts.md | https://docs.oracle.com/javase/tutorial/collections/	java::core::collections_framework
collections-framework-aug-extra-067	What should you understand deeply about `What should you know about ArrayList in Collections Framework?`?	A List is an ordered collection that can contain duplicates and supports positional access.	Review it as a rule you can apply, not just a term. Ask what code it allows, rejects, or makes easier to reason about. Then connect it to one realistic Java mistake. Source: 19-collections-framework/theory/02-arraylist-concepts.md	19-collections-framework/theory/02-arraylist-concepts.md | https://docs.oracle.com/javase/tutorial/collections/	java::core::collections_framework
collections-framework-aug-extra-068	What should you understand deeply about `Why does ArrayList matter in Java?`?	It matters because choosing the wrong data structure changes correctness, performance, and duplicate-handling behavior. A common confusion is memorizing class names without knowing lookup order, equality rules, or iteration behavior.	Review it as a rule you can apply, not just a term. Ask what code it allows, rejects, or makes easier to reason about. Then connect it to one realistic Java mistake. Source: 19-collections-framework/theory/02-arraylist-concepts.md	19-collections-framework/theory/02-arraylist-concepts.md | https://docs.oracle.com/javase/tutorial/collections/	java::core::collections_framework
collections-framework-aug-extra-069	What should you understand deeply about `What should you know about LinkedList in Collections Framework?`?	A List is an ordered collection that can contain duplicates and supports positional access.	Review it as a rule you can apply, not just a term. Ask what code it allows, rejects, or makes easier to reason about. Then connect it to one realistic Java mistake. Source: 19-collections-framework/theory/02-arraylist-concepts.md	19-collections-framework/theory/02-arraylist-concepts.md | https://docs.oracle.com/javase/tutorial/collections/	java::core::collections_framework
collections-framework-aug-extra-070	What should you understand deeply about `Why does LinkedList matter in Java?`?	It matters because choosing the wrong data structure changes correctness, performance, and duplicate-handling behavior. A common confusion is memorizing class names without knowing lookup order, equality rules, or iteration behavior.	Review it as a rule you can apply, not just a term. Ask what code it allows, rejects, or makes easier to reason about. Then connect it to one realistic Java mistake. Source: 19-collections-framework/theory/02-arraylist-concepts.md	19-collections-framework/theory/02-arraylist-concepts.md | https://docs.oracle.com/javase/tutorial/collections/	java::core::collections_framework
collections-framework-aug-extra-071	What should you understand deeply about `What should you know about Stack in Collections Framework?`?	Stack stores method frames, local variables, and call flow for each thread.	Review it as a rule you can apply, not just a term. Ask what code it allows, rejects, or makes easier to reason about. Then connect it to one realistic Java mistake. Source: 19-collections-framework/theory/02-arraylist-concepts.md	19-collections-framework/theory/02-arraylist-concepts.md | https://docs.oracle.com/javase/tutorial/collections/	java::core::collections_framework
collections-framework-aug-extra-072	What should you understand deeply about `Why does Stack matter in Java?`?	It matters because runtime behavior explains performance, memory errors, startup behavior, and many interview questions. A common confusion is mixing compile-time concepts with JVM runtime services.	Review it as a rule you can apply, not just a term. Ask what code it allows, rejects, or makes easier to reason about. Then connect it to one realistic Java mistake. Source: 19-collections-framework/theory/02-arraylist-concepts.md	19-collections-framework/theory/02-arraylist-concepts.md | https://docs.oracle.com/javase/tutorial/collections/	java::core::collections_framework
collections-framework-aug-extra-073	What should you understand deeply about `What should you know about Comparing ArrayList and LinkedList in Collections Framework?`?	A List is an ordered collection that can contain duplicates and supports positional access.	Review it as a rule you can apply, not just a term. Ask what code it allows, rejects, or makes easier to reason about. Then connect it to one realistic Java mistake. Source: 19-collections-framework/theory/02-arraylist-concepts.md	19-collections-framework/theory/02-arraylist-concepts.md | https://docs.oracle.com/javase/tutorial/collections/	java::core::collections_framework
collections-framework-aug-extra-074	What should you understand deeply about `Why does Comparing ArrayList and LinkedList matter in Java?`?	It matters because choosing the wrong data structure changes correctness, performance, and duplicate-handling behavior. A common confusion is memorizing class names without knowing lookup order, equality rules, or iteration behavior.	Review it as a rule you can apply, not just a term. Ask what code it allows, rejects, or makes easier to reason about. Then connect it to one realistic Java mistake. Source: 19-collections-framework/theory/02-arraylist-concepts.md	19-collections-framework/theory/02-arraylist-concepts.md | https://docs.oracle.com/javase/tutorial/collections/	java::core::collections_framework
collections-framework-aug-extra-075	What should you understand deeply about `What should you know about When to use List? in Collections Framework?`?	A List is an ordered collection that can contain duplicates and supports positional access.	Review it as a rule you can apply, not just a term. Ask what code it allows, rejects, or makes easier to reason about. Then connect it to one realistic Java mistake. Source: 19-collections-framework/theory/02-arraylist-concepts.md	19-collections-framework/theory/02-arraylist-concepts.md | https://docs.oracle.com/javase/tutorial/collections/	java::core::collections_framework
collections-framework-aug-extra-076	What should you understand deeply about `Why does When to use List? matter in Java?`?	It matters because choosing the wrong data structure changes correctness, performance, and duplicate-handling behavior. A common confusion is memorizing class names without knowing lookup order, equality rules, or iteration behavior.	Review it as a rule you can apply, not just a term. Ask what code it allows, rejects, or makes easier to reason about. Then connect it to one realistic Java mistake. Source: 19-collections-framework/theory/02-arraylist-concepts.md	19-collections-framework/theory/02-arraylist-concepts.md | https://docs.oracle.com/javase/tutorial/collections/	java::core::collections_framework
collections-framework-aug-extra-077	What should you understand deeply about `What should you know about HashSet in Collections Framework?`?	A Set is a collection that rejects duplicates according to equality rules.	Review it as a rule you can apply, not just a term. Ask what code it allows, rejects, or makes easier to reason about. Then connect it to one realistic Java mistake. Source: 19-collections-framework/theory/02-arraylist-concepts.md	19-collections-framework/theory/02-arraylist-concepts.md | https://docs.oracle.com/javase/tutorial/collections/	java::core::collections_framework
collections-framework-aug-extra-078	What should you understand deeply about `Why does HashSet matter in Java?`?	It matters because choosing the wrong data structure changes correctness, performance, and duplicate-handling behavior. A common confusion is memorizing class names without knowing lookup order, equality rules, or iteration behavior.	Review it as a rule you can apply, not just a term. Ask what code it allows, rejects, or makes easier to reason about. Then connect it to one realistic Java mistake. Source: 19-collections-framework/theory/02-arraylist-concepts.md	19-collections-framework/theory/02-arraylist-concepts.md | https://docs.oracle.com/javase/tutorial/collections/	java::core::collections_framework
collections-framework-aug-extra-079	What should you understand deeply about `What should you know about LinkedHashSet in Collections Framework?`?	A Set is a collection that rejects duplicates according to equality rules.	Review it as a rule you can apply, not just a term. Ask what code it allows, rejects, or makes easier to reason about. Then connect it to one realistic Java mistake. Source: 19-collections-framework/theory/02-arraylist-concepts.md	19-collections-framework/theory/02-arraylist-concepts.md | https://docs.oracle.com/javase/tutorial/collections/	java::core::collections_framework
collections-framework-aug-extra-080	What should you understand deeply about `Why does LinkedHashSet matter in Java?`?	It matters because choosing the wrong data structure changes correctness, performance, and duplicate-handling behavior. A common confusion is memorizing class names without knowing lookup order, equality rules, or iteration behavior.	Review it as a rule you can apply, not just a term. Ask what code it allows, rejects, or makes easier to reason about. Then connect it to one realistic Java mistake. Source: 19-collections-framework/theory/02-arraylist-concepts.md	19-collections-framework/theory/02-arraylist-concepts.md | https://docs.oracle.com/javase/tutorial/collections/	java::core::collections_framework
collections-framework-aug-extra-081	What should you understand deeply about `What should you know about TreeSet in Collections Framework?`?	A Set is a collection that rejects duplicates according to equality rules.	Review it as a rule you can apply, not just a term. Ask what code it allows, rejects, or makes easier to reason about. Then connect it to one realistic Java mistake. Source: 19-collections-framework/theory/03-treeset-concepts.md	19-collections-framework/theory/03-treeset-concepts.md | https://docs.oracle.com/javase/tutorial/collections/	java::core::collections_framework
collections-framework-aug-extra-082	What should you understand deeply about `Why does TreeSet matter in Java?`?	It matters because choosing the wrong data structure changes correctness, performance, and duplicate-handling behavior. A common confusion is memorizing class names without knowing lookup order, equality rules, or iteration behavior.	Review it as a rule you can apply, not just a term. Ask what code it allows, rejects, or makes easier to reason about. Then connect it to one realistic Java mistake. Source: 19-collections-framework/theory/03-treeset-concepts.md	19-collections-framework/theory/03-treeset-concepts.md | https://docs.oracle.com/javase/tutorial/collections/	java::core::collections_framework
collections-framework-aug-extra-083	What should you understand deeply about `What should you know about SortedSet in Collections Framework?`?	A Set is a collection that rejects duplicates according to equality rules.	Review it as a rule you can apply, not just a term. Ask what code it allows, rejects, or makes easier to reason about. Then connect it to one realistic Java mistake. Source: 19-collections-framework/theory/03-treeset-concepts.md	19-collections-framework/theory/03-treeset-concepts.md | https://docs.oracle.com/javase/tutorial/collections/	java::core::collections_framework
collections-framework-aug-extra-084	What should you understand deeply about `Why does SortedSet matter in Java?`?	It matters because choosing the wrong data structure changes correctness, performance, and duplicate-handling behavior. A common confusion is memorizing class names without knowing lookup order, equality rules, or iteration behavior.	Review it as a rule you can apply, not just a term. Ask what code it allows, rejects, or makes easier to reason about. Then connect it to one realistic Java mistake. Source: 19-collections-framework/theory/03-treeset-concepts.md	19-collections-framework/theory/03-treeset-concepts.md | https://docs.oracle.com/javase/tutorial/collections/	java::core::collections_framework
collections-framework-aug-extra-085	What should you understand deeply about `What should you know about NavigableSet in Collections Framework?`?	A Set is a collection that rejects duplicates according to equality rules.	Review it as a rule you can apply, not just a term. Ask what code it allows, rejects, or makes easier to reason about. Then connect it to one realistic Java mistake. Source: 19-collections-framework/theory/03-treeset-concepts.md	19-collections-framework/theory/03-treeset-concepts.md | https://docs.oracle.com/javase/tutorial/collections/	java::core::collections_framework
collections-framework-aug-extra-086	What should you understand deeply about `Why does NavigableSet matter in Java?`?	It matters because choosing the wrong data structure changes correctness, performance, and duplicate-handling behavior. A common confusion is memorizing class names without knowing lookup order, equality rules, or iteration behavior.	Review it as a rule you can apply, not just a term. Ask what code it allows, rejects, or makes easier to reason about. Then connect it to one realistic Java mistake. Source: 19-collections-framework/theory/03-treeset-concepts.md	19-collections-framework/theory/03-treeset-concepts.md | https://docs.oracle.com/javase/tutorial/collections/	java::core::collections_framework
collections-framework-aug-extra-087	What should you understand deeply about `What should you know about When to use Set? in Collections Framework?`?	A Set is a collection that rejects duplicates according to equality rules.	Review it as a rule you can apply, not just a term. Ask what code it allows, rejects, or makes easier to reason about. Then connect it to one realistic Java mistake. Source: 19-collections-framework/theory/03-treeset-concepts.md	19-collections-framework/theory/03-treeset-concepts.md | https://docs.oracle.com/javase/tutorial/collections/	java::core::collections_framework
collections-framework-aug-extra-088	What should you understand deeply about `Why does When to use Set? matter in Java?`?	It matters because choosing the wrong data structure changes correctness, performance, and duplicate-handling behavior. A common confusion is memorizing class names without knowing lookup order, equality rules, or iteration behavior.	Review it as a rule you can apply, not just a term. Ask what code it allows, rejects, or makes easier to reason about. Then connect it to one realistic Java mistake. Source: 19-collections-framework/theory/03-treeset-concepts.md	19-collections-framework/theory/03-treeset-concepts.md | https://docs.oracle.com/javase/tutorial/collections/	java::core::collections_framework
collections-framework-aug-extra-089	What should you understand deeply about `What should you know about Role of equals() and hashCode() in Collections Framework?`?	equals() defines logical equality between objects.	Review it as a rule you can apply, not just a term. Ask what code it allows, rejects, or makes easier to reason about. Then connect it to one realistic Java mistake. Source: 19-collections-framework/theory/03-treeset-concepts.md	19-collections-framework/theory/03-treeset-concepts.md | https://docs.oracle.com/javase/tutorial/collections/	java::core::collections_framework
collections-framework-aug-extra-090	What should you understand deeply about `Why does Role of equals() and hashCode() matter in Java?`?	It matters because choosing the wrong data structure changes correctness, performance, and duplicate-handling behavior. A common confusion is memorizing class names without knowing lookup order, equality rules, or iteration behavior.	Review it as a rule you can apply, not just a term. Ask what code it allows, rejects, or makes easier to reason about. Then connect it to one realistic Java mistake. Source: 19-collections-framework/theory/03-treeset-concepts.md	19-collections-framework/theory/03-treeset-concepts.md | https://docs.oracle.com/javase/tutorial/collections/	java::core::collections_framework
collections-framework-aug-extra-091	What should you understand deeply about `What should you know about LinkedList as Queue in Collections Framework?`?	A List is an ordered collection that can contain duplicates and supports positional access.	Review it as a rule you can apply, not just a term. Ask what code it allows, rejects, or makes easier to reason about. Then connect it to one realistic Java mistake. Source: 19-collections-framework/theory/04-linkedlist-as-queue-concepts.md	19-collections-framework/theory/04-linkedlist-as-queue-concepts.md | https://docs.oracle.com/javase/tutorial/collections/	java::core::collections_framework
collections-framework-aug-extra-092	What should you understand deeply about `Why does LinkedList as Queue matter in Java?`?	It matters because choosing the wrong data structure changes correctness, performance, and duplicate-handling behavior. A common confusion is memorizing class names without knowing lookup order, equality rules, or iteration behavior.	Review it as a rule you can apply, not just a term. Ask what code it allows, rejects, or makes easier to reason about. Then connect it to one realistic Java mistake. Source: 19-collections-framework/theory/04-linkedlist-as-queue-concepts.md	19-collections-framework/theory/04-linkedlist-as-queue-concepts.md | https://docs.oracle.com/javase/tutorial/collections/	java::core::collections_framework
collections-framework-aug-extra-093	What should you understand deeply about `What should you know about HashMap in Collections Framework?`?	A Map stores key-value pairs and retrieves values by key.	Review it as a rule you can apply, not just a term. Ask what code it allows, rejects, or makes easier to reason about. Then connect it to one realistic Java mistake. Source: 19-collections-framework/theory/04-linkedlist-as-queue-concepts.md	19-collections-framework/theory/04-linkedlist-as-queue-concepts.md | https://docs.oracle.com/javase/tutorial/collections/	java::core::collections_framework
collections-framework-aug-extra-094	What should you understand deeply about `Why does HashMap matter in Java?`?	It matters because choosing the wrong data structure changes correctness, performance, and duplicate-handling behavior. A common confusion is memorizing class names without knowing lookup order, equality rules, or iteration behavior.	Review it as a rule you can apply, not just a term. Ask what code it allows, rejects, or makes easier to reason about. Then connect it to one realistic Java mistake. Source: 19-collections-framework/theory/04-linkedlist-as-queue-concepts.md	19-collections-framework/theory/04-linkedlist-as-queue-concepts.md | https://docs.oracle.com/javase/tutorial/collections/	java::core::collections_framework
collections-framework-aug-extra-095	What should you understand deeply about `What should you know about LinkedHashMap in Collections Framework?`?	A Map stores key-value pairs and retrieves values by key.	Review it as a rule you can apply, not just a term. Ask what code it allows, rejects, or makes easier to reason about. Then connect it to one realistic Java mistake. Source: 19-collections-framework/theory/04-linkedlist-as-queue-concepts.md	19-collections-framework/theory/04-linkedlist-as-queue-concepts.md | https://docs.oracle.com/javase/tutorial/collections/	java::core::collections_framework
collections-framework-aug-extra-096	What should you understand deeply about `Why does LinkedHashMap matter in Java?`?	It matters because choosing the wrong data structure changes correctness, performance, and duplicate-handling behavior. A common confusion is memorizing class names without knowing lookup order, equality rules, or iteration behavior.	Review it as a rule you can apply, not just a term. Ask what code it allows, rejects, or makes easier to reason about. Then connect it to one realistic Java mistake. Source: 19-collections-framework/theory/04-linkedlist-as-queue-concepts.md	19-collections-framework/theory/04-linkedlist-as-queue-concepts.md | https://docs.oracle.com/javase/tutorial/collections/	java::core::collections_framework
collections-framework-aug-extra-097	What should you understand deeply about `What should you know about TreeMap in Collections Framework?`?	A Map stores key-value pairs and retrieves values by key.	Review it as a rule you can apply, not just a term. Ask what code it allows, rejects, or makes easier to reason about. Then connect it to one realistic Java mistake. Source: 19-collections-framework/theory/04-linkedlist-as-queue-concepts.md	19-collections-framework/theory/04-linkedlist-as-queue-concepts.md | https://docs.oracle.com/javase/tutorial/collections/	java::core::collections_framework
collections-framework-aug-extra-098	What should you understand deeply about `Why does TreeMap matter in Java?`?	It matters because choosing the wrong data structure changes correctness, performance, and duplicate-handling behavior. A common confusion is memorizing class names without knowing lookup order, equality rules, or iteration behavior.	Review it as a rule you can apply, not just a term. Ask what code it allows, rejects, or makes easier to reason about. Then connect it to one realistic Java mistake. Source: 19-collections-framework/theory/04-linkedlist-as-queue-concepts.md	19-collections-framework/theory/04-linkedlist-as-queue-concepts.md | https://docs.oracle.com/javase/tutorial/collections/	java::core::collections_framework
collections-framework-aug-extra-099	What should you understand deeply about `Why does Hashtable matter in Java?`?	It matters because choosing the wrong data structure changes correctness, performance, and duplicate-handling behavior. A common confusion is memorizing class names without knowing lookup order, equality rules, or iteration behavior.	Review it as a rule you can apply, not just a term. Ask what code it allows, rejects, or makes easier to reason about. Then connect it to one realistic Java mistake. Source: 19-collections-framework/theory/04-linkedlist-as-queue-concepts.md	19-collections-framework/theory/04-linkedlist-as-queue-concepts.md | https://docs.oracle.com/javase/tutorial/collections/	java::core::collections_framework
collections-framework-aug-extra-100	What should you understand deeply about `What should you know about ConcurrentHashMap in Collections Framework?`?	A Map stores key-value pairs and retrieves values by key.	Review it as a rule you can apply, not just a term. Ask what code it allows, rejects, or makes easier to reason about. Then connect it to one realistic Java mistake. Source: 19-collections-framework/theory/05-concurrenthashmap-concepts.md	19-collections-framework/theory/05-concurrenthashmap-concepts.md | https://docs.oracle.com/javase/tutorial/collections/	java::core::collections_framework
collections-framework-aug-extra-101	What should you understand deeply about `Why does ConcurrentHashMap matter in Java?`?	It matters because concurrent code can look correct in single-thread tests but fail under timing pressure. A common confusion is assuming visibility, ordering, and atomicity are the same guarantee.	Review it as a rule you can apply, not just a term. Ask what code it allows, rejects, or makes easier to reason about. Then connect it to one realistic Java mistake. Source: 19-collections-framework/theory/05-concurrenthashmap-concepts.md	19-collections-framework/theory/05-concurrenthashmap-concepts.md | https://docs.oracle.com/javase/tutorial/collections/	java::core::collections_framework
collections-framework-aug-extra-102	What should you understand deeply about `What should you know about WeakHashMap in Collections Framework?`?	A Map stores key-value pairs and retrieves values by key.	Review it as a rule you can apply, not just a term. Ask what code it allows, rejects, or makes easier to reason about. Then connect it to one realistic Java mistake. Source: 19-collections-framework/theory/05-concurrenthashmap-concepts.md	19-collections-framework/theory/05-concurrenthashmap-concepts.md | https://docs.oracle.com/javase/tutorial/collections/	java::core::collections_framework
collections-framework-aug-extra-103	What should you understand deeply about `Why does WeakHashMap matter in Java?`?	It matters because choosing the wrong data structure changes correctness, performance, and duplicate-handling behavior. A common confusion is memorizing class names without knowing lookup order, equality rules, or iteration behavior.	Review it as a rule you can apply, not just a term. Ask what code it allows, rejects, or makes easier to reason about. Then connect it to one realistic Java mistake. Source: 19-collections-framework/theory/05-concurrenthashmap-concepts.md	19-collections-framework/theory/05-concurrenthashmap-concepts.md | https://docs.oracle.com/javase/tutorial/collections/	java::core::collections_framework
collections-framework-aug-extra-104	What should you understand deeply about `What should you know about IdentityHashMap in Collections Framework?`?	A Map stores key-value pairs and retrieves values by key.	Review it as a rule you can apply, not just a term. Ask what code it allows, rejects, or makes easier to reason about. Then connect it to one realistic Java mistake. Source: 19-collections-framework/theory/05-concurrenthashmap-concepts.md	19-collections-framework/theory/05-concurrenthashmap-concepts.md | https://docs.oracle.com/javase/tutorial/collections/	java::core::collections_framework
collections-framework-aug-extra-105	What should you understand deeply about `Why does IdentityHashMap matter in Java?`?	It matters because choosing the wrong data structure changes correctness, performance, and duplicate-handling behavior. A common confusion is memorizing class names without knowing lookup order, equality rules, or iteration behavior.	Review it as a rule you can apply, not just a term. Ask what code it allows, rejects, or makes easier to reason about. Then connect it to one realistic Java mistake. Source: 19-collections-framework/theory/05-concurrenthashmap-concepts.md	19-collections-framework/theory/05-concurrenthashmap-concepts.md | https://docs.oracle.com/javase/tutorial/collections/	java::core::collections_framework
collections-framework-aug-extra-106	What should you understand deeply about `What should you know about SortedMap in Collections Framework?`?	A Map stores key-value pairs and retrieves values by key.	Review it as a rule you can apply, not just a term. Ask what code it allows, rejects, or makes easier to reason about. Then connect it to one realistic Java mistake. Source: 19-collections-framework/theory/05-concurrenthashmap-concepts.md	19-collections-framework/theory/05-concurrenthashmap-concepts.md | https://docs.oracle.com/javase/tutorial/collections/	java::core::collections_framework
