ID	Front	Back	Source	Tags
collections_framework-basic-001	What should you know about `What is the Collection Framework?` in Collections Framework?	A collection is an object that groups multiple elements under a common API.	19-collections-framework/theory/01-what-is-the-collection-framework-concepts.md | https://docs.oracle.com/javase/tutorial/collections/	java::core::collections-framework
collections_framework-basic-002	Why does `What is the Collection Framework?` matter in Java?	It matters because choosing the wrong data structure changes correctness, performance, and duplicate-handling behavior. A common confusion is memorizing class names without knowing lookup order, equality rules, or iteration behavior.	19-collections-framework/theory/01-what-is-the-collection-framework-concepts.md | https://docs.oracle.com/javase/tutorial/collections/	java::core::collections-framework
collections_framework-basic-003	What should you know about `Iterable`in Collections Framework?	Iterable is a specific concept in Collections Framework; learn its Java rule, valid use cases, and failure mode rather than only its name.	19-collections-framework/theory/01-what-is-the-collection-framework-concepts.md | https://docs.oracle.com/javase/tutorial/collections/	java::core::collections-framework
collections_framework-basic-004	Why does `Iterable` matter in Java?	Use it to predict the exact Java rule, the allowed form, and the failure mode. Review it with a tiny example instead of memorizing only the label.	19-collections-framework/theory/01-what-is-the-collection-framework-concepts.md | https://docs.oracle.com/javase/tutorial/collections/	java::core::collections-framework
collections_framework-basic-005	What should you know about `Collection` in Collections Framework?	A collection is an object that groups multiple elements under a common API.	19-collections-framework/theory/01-what-is-the-collection-framework-concepts.md | https://docs.oracle.com/javase/tutorial/collections/	java::core::collections-framework
collections_framework-basic-006	Why does `Collection` matter in Java?	It matters because choosing the wrong data structure changes correctness, performance, and duplicate-handling behavior. A common confusion is memorizing class names without knowing lookup order, equality rules, or iteration behavior.	19-collections-framework/theory/01-what-is-the-collection-framework-concepts.md | https://docs.oracle.com/javase/tutorial/collections/	java::core::collections-framework
collections_framework-basic-007	What should you know about `List` in Collections Framework?	A List is an ordered collection that can contain duplicates and supports positional access.	19-collections-framework/theory/01-what-is-the-collection-framework-concepts.md | https://docs.oracle.com/javase/tutorial/collections/	java::core::collections-framework
collections_framework-basic-008	Why does `List` matter in Java?	It matters because choosing the wrong data structure changes correctness, performance, and duplicate-handling behavior. A common confusion is memorizing class names without knowing lookup order, equality rules, or iteration behavior.	19-collections-framework/theory/01-what-is-the-collection-framework-concepts.md | https://docs.oracle.com/javase/tutorial/collections/	java::core::collections-framework
collections_framework-basic-009	What should you know about `Set` in Collections Framework?	A Set is a collection that rejects duplicates according to equality rules.	19-collections-framework/theory/01-what-is-the-collection-framework-concepts.md | https://docs.oracle.com/javase/tutorial/collections/	java::core::collections-framework
collections_framework-basic-010	Why does `Set` matter in Java?	It matters because choosing the wrong data structure changes correctness, performance, and duplicate-handling behavior. A common confusion is memorizing class names without knowing lookup order, equality rules, or iteration behavior.	19-collections-framework/theory/01-what-is-the-collection-framework-concepts.md | https://docs.oracle.com/javase/tutorial/collections/	java::core::collections-framework
collections_framework-basic-011	What should you know about `Queue`in Collections Framework?	Queue is a specific concept in Collections Framework; learn its Java rule, valid use cases, and failure mode rather than only its name.	19-collections-framework/theory/01-what-is-the-collection-framework-concepts.md | https://docs.oracle.com/javase/tutorial/collections/	java::core::collections-framework
collections_framework-basic-012	Why does `Queue` matter in Java?	Use it to predict the exact Java rule, the allowed form, and the failure mode. Review it with a tiny example instead of memorizing only the label.	19-collections-framework/theory/01-what-is-the-collection-framework-concepts.md | https://docs.oracle.com/javase/tutorial/collections/	java::core::collections-framework
collections_framework-basic-013	What should you know about `Deque`in Collections Framework?	Deque is a specific concept in Collections Framework; learn its Java rule, valid use cases, and failure mode rather than only its name.	19-collections-framework/theory/01-what-is-the-collection-framework-concepts.md | https://docs.oracle.com/javase/tutorial/collections/	java::core::collections-framework
collections_framework-basic-014	Why does `Deque` matter in Java?	Use it to predict the exact Java rule, the allowed form, and the failure mode. Review it with a tiny example instead of memorizing only the label.	19-collections-framework/theory/01-what-is-the-collection-framework-concepts.md | https://docs.oracle.com/javase/tutorial/collections/	java::core::collections-framework
collections_framework-basic-015	What should you know about `Map` in Collections Framework?	A Map stores key-value pairs and retrieves values by key.	19-collections-framework/theory/01-what-is-the-collection-framework-concepts.md | https://docs.oracle.com/javase/tutorial/collections/	java::core::collections-framework
collections_framework-basic-016	Why does `Map` matter in Java?	It matters because choosing the wrong data structure changes correctness, performance, and duplicate-handling behavior. A common confusion is memorizing class names without knowing lookup order, equality rules, or iteration behavior.	19-collections-framework/theory/01-what-is-the-collection-framework-concepts.md | https://docs.oracle.com/javase/tutorial/collections/	java::core::collections-framework
collections_framework-basic-017	What should you know about `ArrayList` in Collections Framework?	A List is an ordered collection that can contain duplicates and supports positional access.	19-collections-framework/theory/02-arraylist-concepts.md | https://docs.oracle.com/javase/tutorial/collections/	java::core::collections-framework
collections_framework-basic-018	Why does `ArrayList` matter in Java?	It matters because choosing the wrong data structure changes correctness, performance, and duplicate-handling behavior. A common confusion is memorizing class names without knowing lookup order, equality rules, or iteration behavior.	19-collections-framework/theory/02-arraylist-concepts.md | https://docs.oracle.com/javase/tutorial/collections/	java::core::collections-framework
collections_framework-basic-019	What should you know about `LinkedList` in Collections Framework?	A List is an ordered collection that can contain duplicates and supports positional access.	19-collections-framework/theory/02-arraylist-concepts.md | https://docs.oracle.com/javase/tutorial/collections/	java::core::collections-framework
collections_framework-basic-020	Why does `LinkedList` matter in Java?	It matters because choosing the wrong data structure changes correctness, performance, and duplicate-handling behavior. A common confusion is memorizing class names without knowing lookup order, equality rules, or iteration behavior.	19-collections-framework/theory/02-arraylist-concepts.md | https://docs.oracle.com/javase/tutorial/collections/	java::core::collections-framework
collections_framework-basic-021	What should you know about `Vector`in Collections Framework?	Vector is a specific concept in Collections Framework; learn its Java rule, valid use cases, and failure mode rather than only its name.	19-collections-framework/theory/02-arraylist-concepts.md | https://docs.oracle.com/javase/tutorial/collections/	java::core::collections-framework
collections_framework-basic-022	Why does `Vector` matter in Java?	Use it to predict the exact Java rule, the allowed form, and the failure mode. Review it with a tiny example instead of memorizing only the label.	19-collections-framework/theory/02-arraylist-concepts.md | https://docs.oracle.com/javase/tutorial/collections/	java::core::collections-framework
collections_framework-basic-023	What should you know about `Stack` in Collections Framework?	Stack stores method frames, local variables, and call flow for each thread.	19-collections-framework/theory/02-arraylist-concepts.md | https://docs.oracle.com/javase/tutorial/collections/	java::core::collections-framework
collections_framework-basic-024	Why does `Stack` matter in Java?	It matters because runtime behavior explains performance, memory errors, startup behavior, and many interview questions. A common confusion is mixing compile-time concepts with JVM runtime services.	19-collections-framework/theory/02-arraylist-concepts.md | https://docs.oracle.com/javase/tutorial/collections/	java::core::collections-framework
collections_framework-basic-025	What should you know about `Comparing ArrayList and LinkedList` in Collections Framework?	A List is an ordered collection that can contain duplicates and supports positional access.	19-collections-framework/theory/02-arraylist-concepts.md | https://docs.oracle.com/javase/tutorial/collections/	java::core::collections-framework
collections_framework-basic-026	Why does `Comparing ArrayList and LinkedList` matter in Java?	It matters because choosing the wrong data structure changes correctness, performance, and duplicate-handling behavior. A common confusion is memorizing class names without knowing lookup order, equality rules, or iteration behavior.	19-collections-framework/theory/02-arraylist-concepts.md | https://docs.oracle.com/javase/tutorial/collections/	java::core::collections-framework
collections_framework-basic-027	What should you know about `When to use List?` in Collections Framework?	A List is an ordered collection that can contain duplicates and supports positional access.	19-collections-framework/theory/02-arraylist-concepts.md | https://docs.oracle.com/javase/tutorial/collections/	java::core::collections-framework
collections_framework-basic-028	Why does `When to use List?` matter in Java?	It matters because choosing the wrong data structure changes correctness, performance, and duplicate-handling behavior. A common confusion is memorizing class names without knowing lookup order, equality rules, or iteration behavior.	19-collections-framework/theory/02-arraylist-concepts.md | https://docs.oracle.com/javase/tutorial/collections/	java::core::collections-framework
collections_framework-basic-029	What should you know about `HashSet` in Collections Framework?	A Set is a collection that rejects duplicates according to equality rules.	19-collections-framework/theory/02-arraylist-concepts.md | https://docs.oracle.com/javase/tutorial/collections/	java::core::collections-framework
collections_framework-basic-030	Why does `HashSet` matter in Java?	It matters because choosing the wrong data structure changes correctness, performance, and duplicate-handling behavior. A common confusion is memorizing class names without knowing lookup order, equality rules, or iteration behavior.	19-collections-framework/theory/02-arraylist-concepts.md | https://docs.oracle.com/javase/tutorial/collections/	java::core::collections-framework
collections_framework-basic-031	What should you know about `LinkedHashSet` in Collections Framework?	A Set is a collection that rejects duplicates according to equality rules.	19-collections-framework/theory/02-arraylist-concepts.md | https://docs.oracle.com/javase/tutorial/collections/	java::core::collections-framework
collections_framework-basic-032	Why does `LinkedHashSet` matter in Java?	It matters because choosing the wrong data structure changes correctness, performance, and duplicate-handling behavior. A common confusion is memorizing class names without knowing lookup order, equality rules, or iteration behavior.	19-collections-framework/theory/02-arraylist-concepts.md | https://docs.oracle.com/javase/tutorial/collections/	java::core::collections-framework
collections_framework-basic-033	What should you know about `TreeSet` in Collections Framework?	A Set is a collection that rejects duplicates according to equality rules.	19-collections-framework/theory/03-treeset-concepts.md | https://docs.oracle.com/javase/tutorial/collections/	java::core::collections-framework
collections_framework-basic-034	Why does `TreeSet` matter in Java?	It matters because choosing the wrong data structure changes correctness, performance, and duplicate-handling behavior. A common confusion is memorizing class names without knowing lookup order, equality rules, or iteration behavior.	19-collections-framework/theory/03-treeset-concepts.md | https://docs.oracle.com/javase/tutorial/collections/	java::core::collections-framework
collections_framework-basic-035	What should you know about `SortedSet` in Collections Framework?	A Set is a collection that rejects duplicates according to equality rules.	19-collections-framework/theory/03-treeset-concepts.md | https://docs.oracle.com/javase/tutorial/collections/	java::core::collections-framework
collections_framework-basic-036	Why does `SortedSet` matter in Java?	It matters because choosing the wrong data structure changes correctness, performance, and duplicate-handling behavior. A common confusion is memorizing class names without knowing lookup order, equality rules, or iteration behavior.	19-collections-framework/theory/03-treeset-concepts.md | https://docs.oracle.com/javase/tutorial/collections/	java::core::collections-framework
collections_framework-basic-037	What should you know about `NavigableSet` in Collections Framework?	A Set is a collection that rejects duplicates according to equality rules.	19-collections-framework/theory/03-treeset-concepts.md | https://docs.oracle.com/javase/tutorial/collections/	java::core::collections-framework
collections_framework-basic-038	Why does `NavigableSet` matter in Java?	It matters because choosing the wrong data structure changes correctness, performance, and duplicate-handling behavior. A common confusion is memorizing class names without knowing lookup order, equality rules, or iteration behavior.	19-collections-framework/theory/03-treeset-concepts.md | https://docs.oracle.com/javase/tutorial/collections/	java::core::collections-framework
collections_framework-basic-039	What should you know about `When to use Set?` in Collections Framework?	A Set is a collection that rejects duplicates according to equality rules.	19-collections-framework/theory/03-treeset-concepts.md | https://docs.oracle.com/javase/tutorial/collections/	java::core::collections-framework
collections_framework-basic-040	Why does `When to use Set?` matter in Java?	It matters because choosing the wrong data structure changes correctness, performance, and duplicate-handling behavior. A common confusion is memorizing class names without knowing lookup order, equality rules, or iteration behavior.	19-collections-framework/theory/03-treeset-concepts.md | https://docs.oracle.com/javase/tutorial/collections/	java::core::collections-framework
collections_framework-basic-041	What should you know about `Duplicate removal mechanism`in Collections Framework?	Duplicate removal mechanism is a specific concept in Collections Framework; learn its Java rule, valid use cases, and failure mode rather than only its name.	19-collections-framework/theory/03-treeset-concepts.md | https://docs.oracle.com/javase/tutorial/collections/	java::core::collections-framework
collections_framework-basic-042	Why does `Duplicate removal mechanism` matter in Java?	Use it to predict the exact Java rule, the allowed form, and the failure mode. Review it with a tiny example instead of memorizing only the label.	19-collections-framework/theory/03-treeset-concepts.md | https://docs.oracle.com/javase/tutorial/collections/	java::core::collections-framework
collections_framework-basic-043	What should you know about `Role of equals() and hashCode()` in Collections Framework?	equals() defines logical equality between objects.	19-collections-framework/theory/03-treeset-concepts.md | https://docs.oracle.com/javase/tutorial/collections/	java::core::collections-framework java::interview
collections_framework-basic-044	Why does `Role of equals() and hashCode()` matter in Java?	It matters because choosing the wrong data structure changes correctness, performance, and duplicate-handling behavior. A common confusion is memorizing class names without knowing lookup order, equality rules, or iteration behavior.	19-collections-framework/theory/03-treeset-concepts.md | https://docs.oracle.com/javase/tutorial/collections/	java::core::collections-framework java::interview
collections_framework-basic-045	What should you know about `PriorityQueue`in Collections Framework?	PriorityQueue is a specific concept in Collections Framework; learn its Java rule, valid use cases, and failure mode rather than only its name.	19-collections-framework/theory/03-treeset-concepts.md | https://docs.oracle.com/javase/tutorial/collections/	java::core::collections-framework
collections_framework-basic-046	Why does `PriorityQueue` matter in Java?	Use it to predict the exact Java rule, the allowed form, and the failure mode. Review it with a tiny example instead of memorizing only the label.	19-collections-framework/theory/03-treeset-concepts.md | https://docs.oracle.com/javase/tutorial/collections/	java::core::collections-framework
collections_framework-basic-047	What should you know about `ArrayDeque`in Collections Framework?	ArrayDeque is a specific concept in Collections Framework; learn its Java rule, valid use cases, and failure mode rather than only its name.	19-collections-framework/theory/03-treeset-concepts.md | https://docs.oracle.com/javase/tutorial/collections/	java::core::collections-framework
collections_framework-basic-048	Why does `ArrayDeque` matter in Java?	Use it to predict the exact Java rule, the allowed form, and the failure mode. Review it with a tiny example instead of memorizing only the label.	19-collections-framework/theory/03-treeset-concepts.md | https://docs.oracle.com/javase/tutorial/collections/	java::core::collections-framework
collections_framework-basic-049	What should you know about `LinkedList as Queue` in Collections Framework?	A List is an ordered collection that can contain duplicates and supports positional access.	19-collections-framework/theory/04-linkedlist-as-queue-concepts.md | https://docs.oracle.com/javase/tutorial/collections/	java::core::collections-framework
collections_framework-basic-050	Why does `LinkedList as Queue` matter in Java?	It matters because choosing the wrong data structure changes correctness, performance, and duplicate-handling behavior. A common confusion is memorizing class names without knowing lookup order, equality rules, or iteration behavior.	19-collections-framework/theory/04-linkedlist-as-queue-concepts.md | https://docs.oracle.com/javase/tutorial/collections/	java::core::collections-framework
collections_framework-basic-051	What should you know about `FIFO`in Collections Framework?	FIFO is a specific concept in Collections Framework; learn its Java rule, valid use cases, and failure mode rather than only its name.	19-collections-framework/theory/04-linkedlist-as-queue-concepts.md | https://docs.oracle.com/javase/tutorial/collections/	java::core::collections-framework
collections_framework-basic-052	Why does `FIFO` matter in Java?	Use it to predict the exact Java rule, the allowed form, and the failure mode. Review it with a tiny example instead of memorizing only the label.	19-collections-framework/theory/04-linkedlist-as-queue-concepts.md | https://docs.oracle.com/javase/tutorial/collections/	java::core::collections-framework
collections_framework-basic-053	What should you know about `LIFO`in Collections Framework?	LIFO is a specific concept in Collections Framework; learn its Java rule, valid use cases, and failure mode rather than only its name.	19-collections-framework/theory/04-linkedlist-as-queue-concepts.md | https://docs.oracle.com/javase/tutorial/collections/	java::core::collections-framework
collections_framework-basic-054	Why does `LIFO` matter in Java?	Use it to predict the exact Java rule, the allowed form, and the failure mode. Review it with a tiny example instead of memorizing only the label.	19-collections-framework/theory/04-linkedlist-as-queue-concepts.md | https://docs.oracle.com/javase/tutorial/collections/	java::core::collections-framework
collections_framework-basic-055	What should you know about `Priority queue`in Collections Framework?	Priority queue is a specific concept in Collections Framework; learn its Java rule, valid use cases, and failure mode rather than only its name.	19-collections-framework/theory/04-linkedlist-as-queue-concepts.md | https://docs.oracle.com/javase/tutorial/collections/	java::core::collections-framework
collections_framework-basic-056	Why does `Priority queue` matter in Java?	Use it to predict the exact Java rule, the allowed form, and the failure mode. Review it with a tiny example instead of memorizing only the label.	19-collections-framework/theory/04-linkedlist-as-queue-concepts.md | https://docs.oracle.com/javase/tutorial/collections/	java::core::collections-framework
collections_framework-basic-057	What should you know about `HashMap` in Collections Framework?	A Map stores key-value pairs and retrieves values by key.	19-collections-framework/theory/04-linkedlist-as-queue-concepts.md | https://docs.oracle.com/javase/tutorial/collections/	java::core::collections-framework java::interview
collections_framework-basic-058	Why does `HashMap` matter in Java?	It matters because choosing the wrong data structure changes correctness, performance, and duplicate-handling behavior. A common confusion is memorizing class names without knowing lookup order, equality rules, or iteration behavior.	19-collections-framework/theory/04-linkedlist-as-queue-concepts.md | https://docs.oracle.com/javase/tutorial/collections/	java::core::collections-framework java::interview
collections_framework-basic-059	What should you know about `LinkedHashMap` in Collections Framework?	A Map stores key-value pairs and retrieves values by key.	19-collections-framework/theory/04-linkedlist-as-queue-concepts.md | https://docs.oracle.com/javase/tutorial/collections/	java::core::collections-framework java::interview
collections_framework-basic-060	Why does `LinkedHashMap` matter in Java?	It matters because choosing the wrong data structure changes correctness, performance, and duplicate-handling behavior. A common confusion is memorizing class names without knowing lookup order, equality rules, or iteration behavior.	19-collections-framework/theory/04-linkedlist-as-queue-concepts.md | https://docs.oracle.com/javase/tutorial/collections/	java::core::collections-framework java::interview
collections_framework-basic-061	What should you know about `TreeMap` in Collections Framework?	A Map stores key-value pairs and retrieves values by key.	19-collections-framework/theory/04-linkedlist-as-queue-concepts.md | https://docs.oracle.com/javase/tutorial/collections/	java::core::collections-framework
collections_framework-basic-062	Why does `TreeMap` matter in Java?	It matters because choosing the wrong data structure changes correctness, performance, and duplicate-handling behavior. A common confusion is memorizing class names without knowing lookup order, equality rules, or iteration behavior.	19-collections-framework/theory/04-linkedlist-as-queue-concepts.md | https://docs.oracle.com/javase/tutorial/collections/	java::core::collections-framework
collections_framework-basic-063	What should you know about `Hashtable`in Collections Framework?	Hashtable is a specific concept in Collections Framework; learn its Java rule, valid use cases, and failure mode rather than only its name.	19-collections-framework/theory/04-linkedlist-as-queue-concepts.md | https://docs.oracle.com/javase/tutorial/collections/	java::core::collections-framework
collections_framework-basic-064	Why does `Hashtable` matter in Java?	It matters because choosing the wrong data structure changes correctness, performance, and duplicate-handling behavior. A common confusion is memorizing class names without knowing lookup order, equality rules, or iteration behavior.	19-collections-framework/theory/04-linkedlist-as-queue-concepts.md | https://docs.oracle.com/javase/tutorial/collections/	java::core::collections-framework
collections_framework-basic-065	What should you know about `ConcurrentHashMap` in Collections Framework?	A Map stores key-value pairs and retrieves values by key.	19-collections-framework/theory/05-concurrenthashmap-concepts.md | https://docs.oracle.com/javase/tutorial/collections/	java::core::collections-framework java::interview
collections_framework-basic-066	Why does `ConcurrentHashMap` matter in Java?	It matters because concurrent code can look correct in single-thread tests but fail under timing pressure. A common confusion is assuming visibility, ordering, and atomicity are the same guarantee.	19-collections-framework/theory/05-concurrenthashmap-concepts.md | https://docs.oracle.com/javase/tutorial/collections/	java::core::collections-framework java::interview
collections_framework-basic-067	What should you know about `WeakHashMap` in Collections Framework?	A Map stores key-value pairs and retrieves values by key.	19-collections-framework/theory/05-concurrenthashmap-concepts.md | https://docs.oracle.com/javase/tutorial/collections/	java::core::collections-framework java::interview
collections_framework-basic-068	Why does `WeakHashMap` matter in Java?	It matters because choosing the wrong data structure changes correctness, performance, and duplicate-handling behavior. A common confusion is memorizing class names without knowing lookup order, equality rules, or iteration behavior.	19-collections-framework/theory/05-concurrenthashmap-concepts.md | https://docs.oracle.com/javase/tutorial/collections/	java::core::collections-framework java::interview
collections_framework-basic-069	What should you know about `IdentityHashMap` in Collections Framework?	A Map stores key-value pairs and retrieves values by key.	19-collections-framework/theory/05-concurrenthashmap-concepts.md | https://docs.oracle.com/javase/tutorial/collections/	java::core::collections-framework java::interview
collections_framework-basic-070	Why does `IdentityHashMap` matter in Java?	It matters because choosing the wrong data structure changes correctness, performance, and duplicate-handling behavior. A common confusion is memorizing class names without knowing lookup order, equality rules, or iteration behavior.	19-collections-framework/theory/05-concurrenthashmap-concepts.md | https://docs.oracle.com/javase/tutorial/collections/	java::core::collections-framework java::interview
collections_framework-basic-071	What should you know about `SortedMap` in Collections Framework?	A Map stores key-value pairs and retrieves values by key.	19-collections-framework/theory/05-concurrenthashmap-concepts.md | https://docs.oracle.com/javase/tutorial/collections/	java::core::collections-framework
collections_framework-basic-072	Why does `SortedMap` matter in Java?	It matters because choosing the wrong data structure changes correctness, performance, and duplicate-handling behavior. A common confusion is memorizing class names without knowing lookup order, equality rules, or iteration behavior.	19-collections-framework/theory/05-concurrenthashmap-concepts.md | https://docs.oracle.com/javase/tutorial/collections/	java::core::collections-framework
collections_framework-basic-073	What should you know about `NavigableMap` in Collections Framework?	A Map stores key-value pairs and retrieves values by key.	19-collections-framework/theory/05-concurrenthashmap-concepts.md | https://docs.oracle.com/javase/tutorial/collections/	java::core::collections-framework
collections_framework-basic-074	Why does `NavigableMap` matter in Java?	It matters because choosing the wrong data structure changes correctness, performance, and duplicate-handling behavior. A common confusion is memorizing class names without knowing lookup order, equality rules, or iteration behavior.	19-collections-framework/theory/05-concurrenthashmap-concepts.md | https://docs.oracle.com/javase/tutorial/collections/	java::core::collections-framework
collections_framework-basic-075	What should you know about `When to use Map?` in Collections Framework?	A Map stores key-value pairs and retrieves values by key.	19-collections-framework/theory/05-concurrenthashmap-concepts.md | https://docs.oracle.com/javase/tutorial/collections/	java::core::collections-framework
collections_framework-basic-076	Why does `When to use Map?` matter in Java?	It matters because choosing the wrong data structure changes correctness, performance, and duplicate-handling behavior. A common confusion is memorizing class names without knowing lookup order, equality rules, or iteration behavior.	19-collections-framework/theory/05-concurrenthashmap-concepts.md | https://docs.oracle.com/javase/tutorial/collections/	java::core::collections-framework
collections_framework-basic-077	What should you know about `Iterator` in Collections Framework?	An Iterator traverses a collection while hiding its internal representation.	19-collections-framework/theory/05-concurrenthashmap-concepts.md | https://docs.oracle.com/javase/tutorial/collections/	java::core::collections-framework
collections_framework-basic-078	Why does `Iterator` matter in Java?	It matters because choosing the wrong data structure changes correctness, performance, and duplicate-handling behavior. A common confusion is memorizing class names without knowing lookup order, equality rules, or iteration behavior.	19-collections-framework/theory/05-concurrenthashmap-concepts.md | https://docs.oracle.com/javase/tutorial/collections/	java::core::collections-framework
collections_framework-basic-079	What should you know about `ListIterator` in Collections Framework?	A List is an ordered collection that can contain duplicates and supports positional access.	19-collections-framework/theory/05-concurrenthashmap-concepts.md | https://docs.oracle.com/javase/tutorial/collections/	java::core::collections-framework
collections_framework-basic-080	Why does `ListIterator` matter in Java?	It matters because choosing the wrong data structure changes correctness, performance, and duplicate-handling behavior. A common confusion is memorizing class names without knowing lookup order, equality rules, or iteration behavior.	19-collections-framework/theory/05-concurrenthashmap-concepts.md | https://docs.oracle.com/javase/tutorial/collections/	java::core::collections-framework
collections_framework-basic-081	What should you know about `Fail-fast iterator` in Collections Framework?	An Iterator traverses a collection while hiding its internal representation.	19-collections-framework/theory/06-fail-fast-iterator-concepts.md | https://docs.oracle.com/javase/tutorial/collections/	java::core::collections-framework
collections_framework-basic-082	Why does `Fail-fast iterator` matter in Java?	It matters because choosing the wrong data structure changes correctness, performance, and duplicate-handling behavior. A common confusion is memorizing class names without knowing lookup order, equality rules, or iteration behavior.	19-collections-framework/theory/06-fail-fast-iterator-concepts.md | https://docs.oracle.com/javase/tutorial/collections/	java::core::collections-framework
collections_framework-basic-083	What should you know about `Fail-safe iterator` in Collections Framework?	An Iterator traverses a collection while hiding its internal representation.	19-collections-framework/theory/06-fail-fast-iterator-concepts.md | https://docs.oracle.com/javase/tutorial/collections/	java::core::collections-framework
collections_framework-basic-084	Why does `Fail-safe iterator` matter in Java?	It matters because choosing the wrong data structure changes correctness, performance, and duplicate-handling behavior. A common confusion is memorizing class names without knowing lookup order, equality rules, or iteration behavior.	19-collections-framework/theory/06-fail-fast-iterator-concepts.md | https://docs.oracle.com/javase/tutorial/collections/	java::core::collections-framework
collections_framework-basic-085	What should you know about `ConcurrentModificationException` in Collections Framework?	An exception represents an abnormal condition that a program may catch or propagate.	19-collections-framework/theory/06-fail-fast-iterator-concepts.md | https://docs.oracle.com/javase/tutorial/collections/	java::core::collections-framework java::interview
collections_framework-basic-086	Why does `ConcurrentModificationException` matter in Java?	It matters because exception behavior decides whether failures are handled locally, propagated, or allowed to stop the program. A common confusion is treating every exception the same instead of separating recoverable conditions from programming bugs.	19-collections-framework/theory/06-fail-fast-iterator-concepts.md | https://docs.oracle.com/javase/tutorial/collections/	java::core::collections-framework java::interview
collections_framework-basic-087	What should you know about `Collections.sort` in Collections Framework?	A collection is an object that groups multiple elements under a common API.	19-collections-framework/theory/06-fail-fast-iterator-concepts.md | https://docs.oracle.com/javase/tutorial/collections/	java::core::collections-framework
collections_framework-basic-088	Why does `Collections.sort` matter in Java?	It matters because choosing the wrong data structure changes correctness, performance, and duplicate-handling behavior. A common confusion is memorizing class names without knowing lookup order, equality rules, or iteration behavior.	19-collections-framework/theory/06-fail-fast-iterator-concepts.md | https://docs.oracle.com/javase/tutorial/collections/	java::core::collections-framework
collections_framework-basic-089	What should you know about `Collections.reverse` in Collections Framework?	A collection is an object that groups multiple elements under a common API.	19-collections-framework/theory/06-fail-fast-iterator-concepts.md | https://docs.oracle.com/javase/tutorial/collections/	java::core::collections-framework
collections_framework-basic-090	Why does `Collections.reverse` matter in Java?	It matters because choosing the wrong data structure changes correctness, performance, and duplicate-handling behavior. A common confusion is memorizing class names without knowing lookup order, equality rules, or iteration behavior.	19-collections-framework/theory/06-fail-fast-iterator-concepts.md | https://docs.oracle.com/javase/tutorial/collections/	java::core::collections-framework
collections_framework-basic-091	What should you know about `Collections.shuffle` in Collections Framework?	A collection is an object that groups multiple elements under a common API.	19-collections-framework/theory/06-fail-fast-iterator-concepts.md | https://docs.oracle.com/javase/tutorial/collections/	java::core::collections-framework
collections_framework-basic-092	Why does `Collections.shuffle` matter in Java?	It matters because choosing the wrong data structure changes correctness, performance, and duplicate-handling behavior. A common confusion is memorizing class names without knowing lookup order, equality rules, or iteration behavior.	19-collections-framework/theory/06-fail-fast-iterator-concepts.md | https://docs.oracle.com/javase/tutorial/collections/	java::core::collections-framework
collections_framework-basic-093	What should you know about `Collections.max` in Collections Framework?	A collection is an object that groups multiple elements under a common API.	19-collections-framework/theory/06-fail-fast-iterator-concepts.md | https://docs.oracle.com/javase/tutorial/collections/	java::core::collections-framework
collections_framework-basic-094	Why does `Collections.max` matter in Java?	It matters because choosing the wrong data structure changes correctness, performance, and duplicate-handling behavior. A common confusion is memorizing class names without knowing lookup order, equality rules, or iteration behavior.	19-collections-framework/theory/06-fail-fast-iterator-concepts.md | https://docs.oracle.com/javase/tutorial/collections/	java::core::collections-framework
collections_framework-basic-095	What should you know about `Collections.min` in Collections Framework?	A collection is an object that groups multiple elements under a common API.	19-collections-framework/theory/06-fail-fast-iterator-concepts.md | https://docs.oracle.com/javase/tutorial/collections/	java::core::collections-framework
collections_framework-basic-096	Why does `Collections.min` matter in Java?	It matters because choosing the wrong data structure changes correctness, performance, and duplicate-handling behavior. A common confusion is memorizing class names without knowing lookup order, equality rules, or iteration behavior.	19-collections-framework/theory/06-fail-fast-iterator-concepts.md | https://docs.oracle.com/javase/tutorial/collections/	java::core::collections-framework
collections_framework-basic-097	What should you know about `Collections.unmodifiableList` in Collections Framework?	A collection is an object that groups multiple elements under a common API.	19-collections-framework/theory/07-collections-unmodifiablelist-concepts.md | https://docs.oracle.com/javase/tutorial/collections/	java::core::collections-framework
collections_framework-basic-098	Why does `Collections.unmodifiableList` matter in Java?	It matters because choosing the wrong data structure changes correctness, performance, and duplicate-handling behavior. A common confusion is memorizing class names without knowing lookup order, equality rules, or iteration behavior.	19-collections-framework/theory/07-collections-unmodifiablelist-concepts.md | https://docs.oracle.com/javase/tutorial/collections/	java::core::collections-framework
collections_framework-basic-099	What should you know about `Collections.synchronizedList` in Collections Framework?	Synchronized protects a critical section by using a monitor lock.	19-collections-framework/theory/07-collections-unmodifiablelist-concepts.md | https://docs.oracle.com/javase/tutorial/collections/	java::core::collections-framework java::interview
collections_framework-basic-100	Why does `Collections.synchronizedList` matter in Java?	It matters because concurrent code can look correct in single-thread tests but fail under timing pressure. A common confusion is assuming visibility, ordering, and atomicity are the same guarantee.	19-collections-framework/theory/07-collections-unmodifiablelist-concepts.md | https://docs.oracle.com/javase/tutorial/collections/	java::core::collections-framework java::interview
collections_framework-basic-101	What should you know about `Arrays.sort`in Collections Framework?	Arrays.sort is a specific concept in Collections Framework; learn its Java rule, valid use cases, and failure mode rather than only its name.	19-collections-framework/theory/07-collections-unmodifiablelist-concepts.md | https://docs.oracle.com/javase/tutorial/collections/	java::core::collections-framework
collections_framework-basic-102	Why does `Arrays.sort` matter in Java?	Use it to predict the exact Java rule, the allowed form, and the failure mode. Review it with a tiny example instead of memorizing only the label.	19-collections-framework/theory/07-collections-unmodifiablelist-concepts.md | https://docs.oracle.com/javase/tutorial/collections/	java::core::collections-framework
collections_framework-basic-103	What should you know about `Arrays.binarySearch`in Collections Framework?	Arrays.binarySearch is a specific concept in Collections Framework; learn its Java rule, valid use cases, and failure mode rather than only its name.	19-collections-framework/theory/07-collections-unmodifiablelist-concepts.md | https://docs.oracle.com/javase/tutorial/collections/	java::core::collections-framework
collections_framework-basic-104	Why does `Arrays.binarySearch` matter in Java?	Use it to predict the exact Java rule, the allowed form, and the failure mode. Review it with a tiny example instead of memorizing only the label.	19-collections-framework/theory/07-collections-unmodifiablelist-concepts.md | https://docs.oracle.com/javase/tutorial/collections/	java::core::collections-framework
collections_framework-basic-105	What should you know about `Arrays.asList` in Collections Framework?	A List is an ordered collection that can contain duplicates and supports positional access.	19-collections-framework/theory/07-collections-unmodifiablelist-concepts.md | https://docs.oracle.com/javase/tutorial/collections/	java::core::collections-framework
collections_framework-basic-106	Why does `Arrays.asList` matter in Java?	It matters because choosing the wrong data structure changes correctness, performance, and duplicate-handling behavior. A common confusion is memorizing class names without knowing lookup order, equality rules, or iteration behavior.	19-collections-framework/theory/07-collections-unmodifiablelist-concepts.md | https://docs.oracle.com/javase/tutorial/collections/	java::core::collections-framework
collections_framework-basic-107	What should you know about `Arrays.copyOf`in Collections Framework?	Arrays.copyOf is a specific concept in Collections Framework; learn its Java rule, valid use cases, and failure mode rather than only its name.	19-collections-framework/theory/07-collections-unmodifiablelist-concepts.md | https://docs.oracle.com/javase/tutorial/collections/	java::core::collections-framework
collections_framework-basic-108	Why does `Arrays.copyOf` matter in Java?	Use it to predict the exact Java rule, the allowed form, and the failure mode. Review it with a tiny example instead of memorizing only the label.	19-collections-framework/theory/07-collections-unmodifiablelist-concepts.md | https://docs.oracle.com/javase/tutorial/collections/	java::core::collections-framework
collections_framework-basic-109	What should you know about `Arrays.equals` in Collections Framework?	equals() defines logical equality between objects.	19-collections-framework/theory/07-collections-unmodifiablelist-concepts.md | https://docs.oracle.com/javase/tutorial/collections/	java::core::collections-framework java::interview
collections_framework-basic-110	Why does `Arrays.equals` matter in Java?	Use it to predict the exact Java rule, the allowed form, and the failure mode. Review it with a tiny example instead of memorizing only the label.	19-collections-framework/theory/07-collections-unmodifiablelist-concepts.md | https://docs.oracle.com/javase/tutorial/collections/	java::core::collections-framework java::interview
collections_framework-basic-111	What should you know about `Arrays.deepEquals` in Collections Framework?	equals() defines logical equality between objects.	19-collections-framework/theory/07-collections-unmodifiablelist-concepts.md | https://docs.oracle.com/javase/tutorial/collections/	java::core::collections-framework java::interview
collections_framework-basic-112	Why does `Arrays.deepEquals` matter in Java?	Use it to predict the exact Java rule, the allowed form, and the failure mode. Review it with a tiny example instead of memorizing only the label.	19-collections-framework/theory/07-collections-unmodifiablelist-concepts.md | https://docs.oracle.com/javase/tutorial/collections/	java::core::collections-framework java::interview
collections_framework-basic-113	What is a common mistake with `What is the Collection Framework?`?	A common mistake is knowing the name but not knowing the rule, limitation, or runtime behavior of `What is the Collection Framework?`.	19-collections-framework/theory/01-what-is-the-collection-framework-concepts.md | https://docs.oracle.com/javase/tutorial/collections/	java::core::collections-framework
collections_framework-basic-114	What is a common mistake with `Iterable`?	A common mistake is knowing the name but not knowing the rule, limitation, or runtime behavior of `Iterable`.	19-collections-framework/theory/01-what-is-the-collection-framework-concepts.md | https://docs.oracle.com/javase/tutorial/collections/	java::core::collections-framework
collections_framework-basic-115	What is a common mistake with `Collection`?	A common mistake is knowing the name but not knowing the rule, limitation, or runtime behavior of `Collection`.	19-collections-framework/theory/01-what-is-the-collection-framework-concepts.md | https://docs.oracle.com/javase/tutorial/collections/	java::core::collections-framework
collections_framework-basic-116	What is a common mistake with `List`?	A common mistake is knowing the name but not knowing the rule, limitation, or runtime behavior of `List`.	19-collections-framework/theory/01-what-is-the-collection-framework-concepts.md | https://docs.oracle.com/javase/tutorial/collections/	java::core::collections-framework
collections_framework-basic-117	What is a common mistake with `Set`?	A common mistake is knowing the name but not knowing the rule, limitation, or runtime behavior of `Set`.	19-collections-framework/theory/01-what-is-the-collection-framework-concepts.md | https://docs.oracle.com/javase/tutorial/collections/	java::core::collections-framework
collections_framework-basic-118	What is a common mistake with `Queue`?	A common mistake is knowing the name but not knowing the rule, limitation, or runtime behavior of `Queue`.	19-collections-framework/theory/01-what-is-the-collection-framework-concepts.md | https://docs.oracle.com/javase/tutorial/collections/	java::core::collections-framework
collections_framework-basic-119	What is a common mistake with `Deque`?	A common mistake is knowing the name but not knowing the rule, limitation, or runtime behavior of `Deque`.	19-collections-framework/theory/01-what-is-the-collection-framework-concepts.md | https://docs.oracle.com/javase/tutorial/collections/	java::core::collections-framework
collections_framework-basic-120	What is a common mistake with `Map`?	A common mistake is knowing the name but not knowing the rule, limitation, or runtime behavior of `Map`.	19-collections-framework/theory/01-what-is-the-collection-framework-concepts.md | https://docs.oracle.com/javase/tutorial/collections/	java::core::collections-framework
collections_framework-basic-121	What is a common mistake with `ArrayList`?	A common mistake is knowing the name but not knowing the rule, limitation, or runtime behavior of `ArrayList`.	19-collections-framework/theory/02-arraylist-concepts.md | https://docs.oracle.com/javase/tutorial/collections/	java::core::collections-framework
collections_framework-basic-122	What is a common mistake with `LinkedList`?	A common mistake is knowing the name but not knowing the rule, limitation, or runtime behavior of `LinkedList`.	19-collections-framework/theory/02-arraylist-concepts.md | https://docs.oracle.com/javase/tutorial/collections/	java::core::collections-framework
collections_framework-basic-123	What is a common mistake with `Vector`?	A common mistake is knowing the name but not knowing the rule, limitation, or runtime behavior of `Vector`.	19-collections-framework/theory/02-arraylist-concepts.md | https://docs.oracle.com/javase/tutorial/collections/	java::core::collections-framework
collections_framework-basic-124	What is a common mistake with `Stack`?	A common mistake is knowing the name but not knowing the rule, limitation, or runtime behavior of `Stack`.	19-collections-framework/theory/02-arraylist-concepts.md | https://docs.oracle.com/javase/tutorial/collections/	java::core::collections-framework
collections_framework-basic-125	What is a common mistake with `Comparing ArrayList and LinkedList`?	A common mistake is knowing the name but not knowing the rule, limitation, or runtime behavior of `Comparing ArrayList and LinkedList`.	19-collections-framework/theory/02-arraylist-concepts.md | https://docs.oracle.com/javase/tutorial/collections/	java::core::collections-framework
collections_framework-basic-126	What is a common mistake with `When to use List?`?	A common mistake is knowing the name but not knowing the rule, limitation, or runtime behavior of `When to use List?`.	19-collections-framework/theory/02-arraylist-concepts.md | https://docs.oracle.com/javase/tutorial/collections/	java::core::collections-framework
collections_framework-basic-127	What is a common mistake with `HashSet`?	A common mistake is knowing the name but not knowing the rule, limitation, or runtime behavior of `HashSet`.	19-collections-framework/theory/02-arraylist-concepts.md | https://docs.oracle.com/javase/tutorial/collections/	java::core::collections-framework
collections_framework-basic-128	What is a common mistake with `LinkedHashSet`?	A common mistake is knowing the name but not knowing the rule, limitation, or runtime behavior of `LinkedHashSet`.	19-collections-framework/theory/02-arraylist-concepts.md | https://docs.oracle.com/javase/tutorial/collections/	java::core::collections-framework
collections_framework-basic-129	What is a common mistake with `TreeSet`?	A common mistake is knowing the name but not knowing the rule, limitation, or runtime behavior of `TreeSet`.	19-collections-framework/theory/03-treeset-concepts.md | https://docs.oracle.com/javase/tutorial/collections/	java::core::collections-framework
collections_framework-basic-130	What is a common mistake with `SortedSet`?	A common mistake is knowing the name but not knowing the rule, limitation, or runtime behavior of `SortedSet`.	19-collections-framework/theory/03-treeset-concepts.md | https://docs.oracle.com/javase/tutorial/collections/	java::core::collections-framework
collections_framework-basic-131	What is a common mistake with `NavigableSet`?	A common mistake is knowing the name but not knowing the rule, limitation, or runtime behavior of `NavigableSet`.	19-collections-framework/theory/03-treeset-concepts.md | https://docs.oracle.com/javase/tutorial/collections/	java::core::collections-framework
collections_framework-basic-132	What is a common mistake with `When to use Set?`?	A common mistake is knowing the name but not knowing the rule, limitation, or runtime behavior of `When to use Set?`.	19-collections-framework/theory/03-treeset-concepts.md | https://docs.oracle.com/javase/tutorial/collections/	java::core::collections-framework
collections_framework-basic-133	What is a common mistake with `Duplicate removal mechanism`?	A common mistake is knowing the name but not knowing the rule, limitation, or runtime behavior of `Duplicate removal mechanism`.	19-collections-framework/theory/03-treeset-concepts.md | https://docs.oracle.com/javase/tutorial/collections/	java::core::collections-framework
collections_framework-basic-134	What is a common mistake with `Role of equals() and hashCode()`?	A common mistake is knowing the name but not knowing the rule, limitation, or runtime behavior of `Role of equals() and hashCode()`.	19-collections-framework/theory/03-treeset-concepts.md | https://docs.oracle.com/javase/tutorial/collections/	java::core::collections-framework
collections_framework-basic-135	What is a common mistake with `PriorityQueue`?	A common mistake is knowing the name but not knowing the rule, limitation, or runtime behavior of `PriorityQueue`.	19-collections-framework/theory/03-treeset-concepts.md | https://docs.oracle.com/javase/tutorial/collections/	java::core::collections-framework
collections_framework-basic-136	What is a common mistake with `ArrayDeque`?	A common mistake is knowing the name but not knowing the rule, limitation, or runtime behavior of `ArrayDeque`.	19-collections-framework/theory/03-treeset-concepts.md | https://docs.oracle.com/javase/tutorial/collections/	java::core::collections-framework
collections_framework-basic-137	What is a common mistake with `LinkedList as Queue`?	A common mistake is knowing the name but not knowing the rule, limitation, or runtime behavior of `LinkedList as Queue`.	19-collections-framework/theory/04-linkedlist-as-queue-concepts.md | https://docs.oracle.com/javase/tutorial/collections/	java::core::collections-framework
collections_framework-basic-138	What is a common mistake with `FIFO`?	A common mistake is knowing the name but not knowing the rule, limitation, or runtime behavior of `FIFO`.	19-collections-framework/theory/04-linkedlist-as-queue-concepts.md | https://docs.oracle.com/javase/tutorial/collections/	java::core::collections-framework
collections_framework-basic-139	What is a common mistake with `LIFO`?	A common mistake is knowing the name but not knowing the rule, limitation, or runtime behavior of `LIFO`.	19-collections-framework/theory/04-linkedlist-as-queue-concepts.md | https://docs.oracle.com/javase/tutorial/collections/	java::core::collections-framework
collections_framework-basic-140	What is a common mistake with `Priority queue`?	A common mistake is knowing the name but not knowing the rule, limitation, or runtime behavior of `Priority queue`.	19-collections-framework/theory/04-linkedlist-as-queue-concepts.md | https://docs.oracle.com/javase/tutorial/collections/	java::core::collections-framework
collections_framework-basic-141	What is a common mistake with `HashMap`?	A common mistake is knowing the name but not knowing the rule, limitation, or runtime behavior of `HashMap`.	19-collections-framework/theory/04-linkedlist-as-queue-concepts.md | https://docs.oracle.com/javase/tutorial/collections/	java::core::collections-framework
collections_framework-basic-142	What is a common mistake with `LinkedHashMap`?	A common mistake is knowing the name but not knowing the rule, limitation, or runtime behavior of `LinkedHashMap`.	19-collections-framework/theory/04-linkedlist-as-queue-concepts.md | https://docs.oracle.com/javase/tutorial/collections/	java::core::collections-framework
collections_framework-basic-143	What is a common mistake with `TreeMap`?	A common mistake is knowing the name but not knowing the rule, limitation, or runtime behavior of `TreeMap`.	19-collections-framework/theory/04-linkedlist-as-queue-concepts.md | https://docs.oracle.com/javase/tutorial/collections/	java::core::collections-framework
collections_framework-basic-144	What is a common mistake with `Hashtable`?	A common mistake is knowing the name but not knowing the rule, limitation, or runtime behavior of `Hashtable`.	19-collections-framework/theory/04-linkedlist-as-queue-concepts.md | https://docs.oracle.com/javase/tutorial/collections/	java::core::collections-framework
collections_framework-basic-145	What is a common mistake with `ConcurrentHashMap`?	A common mistake is knowing the name but not knowing the rule, limitation, or runtime behavior of `ConcurrentHashMap`.	19-collections-framework/theory/05-concurrenthashmap-concepts.md | https://docs.oracle.com/javase/tutorial/collections/	java::core::collections-framework
collections_framework-basic-146	What is a common mistake with `WeakHashMap`?	A common mistake is knowing the name but not knowing the rule, limitation, or runtime behavior of `WeakHashMap`.	19-collections-framework/theory/05-concurrenthashmap-concepts.md | https://docs.oracle.com/javase/tutorial/collections/	java::core::collections-framework
collections_framework-basic-147	What is a common mistake with `IdentityHashMap`?	A common mistake is knowing the name but not knowing the rule, limitation, or runtime behavior of `IdentityHashMap`.	19-collections-framework/theory/05-concurrenthashmap-concepts.md | https://docs.oracle.com/javase/tutorial/collections/	java::core::collections-framework
collections_framework-basic-148	What is a common mistake with `SortedMap`?	A common mistake is knowing the name but not knowing the rule, limitation, or runtime behavior of `SortedMap`.	19-collections-framework/theory/05-concurrenthashmap-concepts.md | https://docs.oracle.com/javase/tutorial/collections/	java::core::collections-framework
collections_framework-basic-149	What is a common mistake with `NavigableMap`?	A common mistake is knowing the name but not knowing the rule, limitation, or runtime behavior of `NavigableMap`.	19-collections-framework/theory/05-concurrenthashmap-concepts.md | https://docs.oracle.com/javase/tutorial/collections/	java::core::collections-framework
collections_framework-basic-150	What is a common mistake with `When to use Map?`?	A common mistake is knowing the name but not knowing the rule, limitation, or runtime behavior of `When to use Map?`.	19-collections-framework/theory/05-concurrenthashmap-concepts.md | https://docs.oracle.com/javase/tutorial/collections/	java::core::collections-framework
collections_framework-basic-151	What is a common mistake with `Iterator`?	A common mistake is knowing the name but not knowing the rule, limitation, or runtime behavior of `Iterator`.	19-collections-framework/theory/05-concurrenthashmap-concepts.md | https://docs.oracle.com/javase/tutorial/collections/	java::core::collections-framework
collections_framework-basic-152	What is a common mistake with `ListIterator`?	A common mistake is knowing the name but not knowing the rule, limitation, or runtime behavior of `ListIterator`.	19-collections-framework/theory/05-concurrenthashmap-concepts.md | https://docs.oracle.com/javase/tutorial/collections/	java::core::collections-framework
collections_framework-basic-153	What is a common mistake with `Fail-fast iterator`?	A common mistake is knowing the name but not knowing the rule, limitation, or runtime behavior of `Fail-fast iterator`.	19-collections-framework/theory/06-fail-fast-iterator-concepts.md | https://docs.oracle.com/javase/tutorial/collections/	java::core::collections-framework
collections_framework-basic-154	What is a common mistake with `Fail-safe iterator`?	A common mistake is knowing the name but not knowing the rule, limitation, or runtime behavior of `Fail-safe iterator`.	19-collections-framework/theory/06-fail-fast-iterator-concepts.md | https://docs.oracle.com/javase/tutorial/collections/	java::core::collections-framework
collections_framework-basic-155	What is a common mistake with `ConcurrentModificationException`?	A common mistake is knowing the name but not knowing the rule, limitation, or runtime behavior of `ConcurrentModificationException`.	19-collections-framework/theory/06-fail-fast-iterator-concepts.md | https://docs.oracle.com/javase/tutorial/collections/	java::core::collections-framework
collections_framework-basic-156	What is a common mistake with `Collections.sort`?	A common mistake is knowing the name but not knowing the rule, limitation, or runtime behavior of `Collections.sort`.	19-collections-framework/theory/06-fail-fast-iterator-concepts.md | https://docs.oracle.com/javase/tutorial/collections/	java::core::collections-framework
collections_framework-basic-157	What is a common mistake with `Collections.reverse`?	A common mistake is knowing the name but not knowing the rule, limitation, or runtime behavior of `Collections.reverse`.	19-collections-framework/theory/06-fail-fast-iterator-concepts.md | https://docs.oracle.com/javase/tutorial/collections/	java::core::collections-framework
collections_framework-basic-158	What is a common mistake with `Collections.shuffle`?	A common mistake is knowing the name but not knowing the rule, limitation, or runtime behavior of `Collections.shuffle`.	19-collections-framework/theory/06-fail-fast-iterator-concepts.md | https://docs.oracle.com/javase/tutorial/collections/	java::core::collections-framework
collections_framework-basic-159	What is a common mistake with `Collections.max`?	A common mistake is knowing the name but not knowing the rule, limitation, or runtime behavior of `Collections.max`.	19-collections-framework/theory/06-fail-fast-iterator-concepts.md | https://docs.oracle.com/javase/tutorial/collections/	java::core::collections-framework
collections_framework-basic-160	What is a common mistake with `Collections.min`?	A common mistake is knowing the name but not knowing the rule, limitation, or runtime behavior of `Collections.min`.	19-collections-framework/theory/06-fail-fast-iterator-concepts.md | https://docs.oracle.com/javase/tutorial/collections/	java::core::collections-framework
collections_framework-basic-161	What is a common mistake with `Collections.unmodifiableList`?	A common mistake is knowing the name but not knowing the rule, limitation, or runtime behavior of `Collections.unmodifiableList`.	19-collections-framework/theory/07-collections-unmodifiablelist-concepts.md | https://docs.oracle.com/javase/tutorial/collections/	java::core::collections-framework
collections_framework-basic-162	What is a common mistake with `Collections.synchronizedList`?	A common mistake is knowing the name but not knowing the rule, limitation, or runtime behavior of `Collections.synchronizedList`.	19-collections-framework/theory/07-collections-unmodifiablelist-concepts.md | https://docs.oracle.com/javase/tutorial/collections/	java::core::collections-framework
collections_framework-basic-163	What is a common mistake with `Arrays.sort`?	A common mistake is knowing the name but not knowing the rule, limitation, or runtime behavior of `Arrays.sort`.	19-collections-framework/theory/07-collections-unmodifiablelist-concepts.md | https://docs.oracle.com/javase/tutorial/collections/	java::core::collections-framework
collections_framework-basic-164	What is a common mistake with `Arrays.binarySearch`?	A common mistake is knowing the name but not knowing the rule, limitation, or runtime behavior of `Arrays.binarySearch`.	19-collections-framework/theory/07-collections-unmodifiablelist-concepts.md | https://docs.oracle.com/javase/tutorial/collections/	java::core::collections-framework
collections_framework-basic-165	What is a common mistake with `Arrays.asList`?	A common mistake is knowing the name but not knowing the rule, limitation, or runtime behavior of `Arrays.asList`.	19-collections-framework/theory/07-collections-unmodifiablelist-concepts.md | https://docs.oracle.com/javase/tutorial/collections/	java::core::collections-framework
collections_framework-basic-166	What is a common mistake with `Arrays.copyOf`?	A common mistake is knowing the name but not knowing the rule, limitation, or runtime behavior of `Arrays.copyOf`.	19-collections-framework/theory/07-collections-unmodifiablelist-concepts.md | https://docs.oracle.com/javase/tutorial/collections/	java::core::collections-framework
collections_framework-basic-167	What is a common mistake with `Arrays.equals`?	A common mistake is knowing the name but not knowing the rule, limitation, or runtime behavior of `Arrays.equals`.	19-collections-framework/theory/07-collections-unmodifiablelist-concepts.md | https://docs.oracle.com/javase/tutorial/collections/	java::core::collections-framework
collections_framework-basic-168	What is a common mistake with `Arrays.deepEquals`?	A common mistake is knowing the name but not knowing the rule, limitation, or runtime behavior of `Arrays.deepEquals`.	19-collections-framework/theory/07-collections-unmodifiablelist-concepts.md | https://docs.oracle.com/javase/tutorial/collections/	java::core::collections-framework
collections-framework-aug-basic-001	What is the practical rule for `What is the Collection Framework?`?	A collection is an object that groups multiple elements under a common API.	/home/fhu_thjen/projects/learning-java/19-collections-framework/theory/01-what-is-the-collection-framework-concepts.md | https://docs.oracle.com/javase/tutorial/collections/	java::core::collections_framework
collections-framework-aug-basic-002	What is the practical rule for `Iterable`?	Iterable is the root traversal contract that allows an object to be used in enhanced for loops.	/home/fhu_thjen/projects/learning-java/19-collections-framework/theory/01-what-is-the-collection-framework-concepts.md | https://docs.oracle.com/javase/tutorial/collections/	java::core::collections_framework
collections-framework-aug-basic-003	What is the practical rule for `Collection`?	A collection is an object that groups multiple elements under a common API.	/home/fhu_thjen/projects/learning-java/19-collections-framework/theory/01-what-is-the-collection-framework-concepts.md | https://docs.oracle.com/javase/tutorial/collections/	java::core::collections_framework
collections-framework-aug-basic-004	What is the practical rule for `List`?	A List is an ordered collection that can contain duplicates and supports positional access.	/home/fhu_thjen/projects/learning-java/19-collections-framework/theory/01-what-is-the-collection-framework-concepts.md | https://docs.oracle.com/javase/tutorial/collections/	java::core::collections_framework
collections-framework-aug-basic-005	What is the practical rule for `Set`?	A Set is a collection that rejects duplicates according to equality rules.	/home/fhu_thjen/projects/learning-java/19-collections-framework/theory/01-what-is-the-collection-framework-concepts.md | https://docs.oracle.com/javase/tutorial/collections/	java::core::collections_framework
collections-framework-aug-basic-006	What is the practical rule for `Queue`?	Queue represents a collection designed for holding elements before processing, usually FIFO.	/home/fhu_thjen/projects/learning-java/19-collections-framework/theory/01-what-is-the-collection-framework-concepts.md | https://docs.oracle.com/javase/tutorial/collections/	java::core::collections_framework
collections-framework-aug-basic-007	What is the practical rule for `Deque`?	Deque is a double-ended queue that supports insertion and removal at both ends.	/home/fhu_thjen/projects/learning-java/19-collections-framework/theory/01-what-is-the-collection-framework-concepts.md | https://docs.oracle.com/javase/tutorial/collections/	java::core::collections_framework
collections-framework-aug-basic-008	What is the practical rule for `Map`?	A Map stores key-value pairs and retrieves values by key.	/home/fhu_thjen/projects/learning-java/19-collections-framework/theory/01-what-is-the-collection-framework-concepts.md | https://docs.oracle.com/javase/tutorial/collections/	java::core::collections_framework
collections-framework-aug-basic-009	What is the practical rule for `ArrayList`?	A List is an ordered collection that can contain duplicates and supports positional access.	/home/fhu_thjen/projects/learning-java/19-collections-framework/theory/02-arraylist-concepts.md | https://docs.oracle.com/javase/tutorial/collections/	java::core::collections_framework
collections-framework-aug-basic-010	What is the practical rule for `LinkedList`?	A List is an ordered collection that can contain duplicates and supports positional access.	/home/fhu_thjen/projects/learning-java/19-collections-framework/theory/02-arraylist-concepts.md | https://docs.oracle.com/javase/tutorial/collections/	java::core::collections_framework
collections-framework-aug-basic-011	What is the practical rule for `Vector`?	Tiny example or mental model:	/home/fhu_thjen/projects/learning-java/19-collections-framework/theory/02-arraylist-concepts.md | https://docs.oracle.com/javase/tutorial/collections/	java::core::collections_framework
collections-framework-aug-basic-012	What is the practical rule for `Stack`?	Stack stores method frames, local variables, and call flow for each thread.	/home/fhu_thjen/projects/learning-java/19-collections-framework/theory/02-arraylist-concepts.md | https://docs.oracle.com/javase/tutorial/collections/	java::core::collections_framework
collections-framework-aug-basic-013	What is the practical rule for `Comparing ArrayList and LinkedList`?	A List is an ordered collection that can contain duplicates and supports positional access.	/home/fhu_thjen/projects/learning-java/19-collections-framework/theory/02-arraylist-concepts.md | https://docs.oracle.com/javase/tutorial/collections/	java::core::collections_framework
collections-framework-aug-basic-014	What is the practical rule for `When to use List?`?	A List is an ordered collection that can contain duplicates and supports positional access.	/home/fhu_thjen/projects/learning-java/19-collections-framework/theory/02-arraylist-concepts.md | https://docs.oracle.com/javase/tutorial/collections/	java::core::collections_framework
collections-framework-aug-basic-015	What is the practical rule for `HashSet`?	A Set is a collection that rejects duplicates according to equality rules.	/home/fhu_thjen/projects/learning-java/19-collections-framework/theory/02-arraylist-concepts.md | https://docs.oracle.com/javase/tutorial/collections/	java::core::collections_framework
collections-framework-aug-basic-016	What is the practical rule for `LinkedHashSet`?	A Set is a collection that rejects duplicates according to equality rules.	/home/fhu_thjen/projects/learning-java/19-collections-framework/theory/02-arraylist-concepts.md | https://docs.oracle.com/javase/tutorial/collections/	java::core::collections_framework
collections-framework-aug-basic-017	What is the practical rule for `TreeSet`?	A Set is a collection that rejects duplicates according to equality rules.	/home/fhu_thjen/projects/learning-java/19-collections-framework/theory/03-treeset-concepts.md | https://docs.oracle.com/javase/tutorial/collections/	java::core::collections_framework
collections-framework-aug-basic-018	What is the practical rule for `SortedSet`?	A Set is a collection that rejects duplicates according to equality rules.	/home/fhu_thjen/projects/learning-java/19-collections-framework/theory/03-treeset-concepts.md | https://docs.oracle.com/javase/tutorial/collections/	java::core::collections_framework
collections-framework-aug-basic-019	What is the practical rule for `NavigableSet`?	A Set is a collection that rejects duplicates according to equality rules.	/home/fhu_thjen/projects/learning-java/19-collections-framework/theory/03-treeset-concepts.md | https://docs.oracle.com/javase/tutorial/collections/	java::core::collections_framework
collections-framework-aug-basic-020	What is the practical rule for `When to use Set?`?	A Set is a collection that rejects duplicates according to equality rules.	/home/fhu_thjen/projects/learning-java/19-collections-framework/theory/03-treeset-concepts.md | https://docs.oracle.com/javase/tutorial/collections/	java::core::collections_framework
collections-framework-aug-basic-021	What is the practical rule for `Duplicate removal mechanism`?	Tiny example or mental model:	/home/fhu_thjen/projects/learning-java/19-collections-framework/theory/03-treeset-concepts.md | https://docs.oracle.com/javase/tutorial/collections/	java::core::collections_framework
collections-framework-aug-basic-022	What is the practical rule for `Role of equals() and hashCode()`?	equals() defines logical equality between objects.	/home/fhu_thjen/projects/learning-java/19-collections-framework/theory/03-treeset-concepts.md | https://docs.oracle.com/javase/tutorial/collections/	java::core::collections_framework
collections-framework-aug-basic-023	What is the practical rule for `PriorityQueue`?	PriorityQueue removes elements by priority rather than insertion order.	/home/fhu_thjen/projects/learning-java/19-collections-framework/theory/03-treeset-concepts.md | https://docs.oracle.com/javase/tutorial/collections/	java::core::collections_framework
collections-framework-aug-basic-024	What is the practical rule for `ArrayDeque`?	ArrayDeque is a resizable-array Deque often preferred for stack or queue behavior.	/home/fhu_thjen/projects/learning-java/19-collections-framework/theory/03-treeset-concepts.md | https://docs.oracle.com/javase/tutorial/collections/	java::core::collections_framework
collections-framework-aug-basic-025	What is the practical rule for `LinkedList as Queue`?	A List is an ordered collection that can contain duplicates and supports positional access.	/home/fhu_thjen/projects/learning-java/19-collections-framework/theory/04-linkedlist-as-queue-concepts.md | https://docs.oracle.com/javase/tutorial/collections/	java::core::collections_framework
collections-framework-aug-basic-026	What is the practical rule for `FIFO`?	Tiny example or mental model:	/home/fhu_thjen/projects/learning-java/19-collections-framework/theory/04-linkedlist-as-queue-concepts.md | https://docs.oracle.com/javase/tutorial/collections/	java::core::collections_framework
collections-framework-aug-basic-027	What is the practical rule for `LIFO`?	Tiny example or mental model:	/home/fhu_thjen/projects/learning-java/19-collections-framework/theory/04-linkedlist-as-queue-concepts.md | https://docs.oracle.com/javase/tutorial/collections/	java::core::collections_framework
collections-framework-aug-basic-028	What is the practical rule for `Priority queue`?	Tiny example or mental model:	/home/fhu_thjen/projects/learning-java/19-collections-framework/theory/04-linkedlist-as-queue-concepts.md | https://docs.oracle.com/javase/tutorial/collections/	java::core::collections_framework
collections-framework-aug-basic-029	What is the practical rule for `HashMap`?	A Map stores key-value pairs and retrieves values by key.	/home/fhu_thjen/projects/learning-java/19-collections-framework/theory/04-linkedlist-as-queue-concepts.md | https://docs.oracle.com/javase/tutorial/collections/	java::core::collections_framework
collections-framework-aug-basic-030	What is the practical rule for `LinkedHashMap`?	A Map stores key-value pairs and retrieves values by key.	/home/fhu_thjen/projects/learning-java/19-collections-framework/theory/04-linkedlist-as-queue-concepts.md | https://docs.oracle.com/javase/tutorial/collections/	java::core::collections_framework
collections-framework-aug-basic-031	What is the practical rule for `TreeMap`?	A Map stores key-value pairs and retrieves values by key.	/home/fhu_thjen/projects/learning-java/19-collections-framework/theory/04-linkedlist-as-queue-concepts.md | https://docs.oracle.com/javase/tutorial/collections/	java::core::collections_framework
collections-framework-aug-basic-032	What is the practical rule for `Hashtable`?	Hashtable is a legacy synchronized Map generally replaced by modern alternatives.	/home/fhu_thjen/projects/learning-java/19-collections-framework/theory/04-linkedlist-as-queue-concepts.md | https://docs.oracle.com/javase/tutorial/collections/	java::core::collections_framework
collections-framework-aug-basic-033	What is the practical rule for `ConcurrentHashMap`?	A Map stores key-value pairs and retrieves values by key.	/home/fhu_thjen/projects/learning-java/19-collections-framework/theory/05-concurrenthashmap-concepts.md | https://docs.oracle.com/javase/tutorial/collections/	java::core::collections_framework
collections-framework-aug-basic-034	What is the practical rule for `WeakHashMap`?	A Map stores key-value pairs and retrieves values by key.	/home/fhu_thjen/projects/learning-java/19-collections-framework/theory/05-concurrenthashmap-concepts.md | https://docs.oracle.com/javase/tutorial/collections/	java::core::collections_framework
collections-framework-aug-basic-035	What is the practical rule for `IdentityHashMap`?	A Map stores key-value pairs and retrieves values by key.	/home/fhu_thjen/projects/learning-java/19-collections-framework/theory/05-concurrenthashmap-concepts.md | https://docs.oracle.com/javase/tutorial/collections/	java::core::collections_framework
collections-framework-aug-basic-036	What is the practical rule for `SortedMap`?	A Map stores key-value pairs and retrieves values by key.	/home/fhu_thjen/projects/learning-java/19-collections-framework/theory/05-concurrenthashmap-concepts.md | https://docs.oracle.com/javase/tutorial/collections/	java::core::collections_framework
collections-framework-aug-basic-037	What is the practical rule for `NavigableMap`?	A Map stores key-value pairs and retrieves values by key.	/home/fhu_thjen/projects/learning-java/19-collections-framework/theory/05-concurrenthashmap-concepts.md | https://docs.oracle.com/javase/tutorial/collections/	java::core::collections_framework
collections-framework-aug-basic-038	What is the practical rule for `When to use Map?`?	A Map stores key-value pairs and retrieves values by key.	/home/fhu_thjen/projects/learning-java/19-collections-framework/theory/05-concurrenthashmap-concepts.md | https://docs.oracle.com/javase/tutorial/collections/	java::core::collections_framework
collections-framework-aug-basic-039	What is the practical rule for `Iterator`?	An Iterator traverses a collection while hiding its internal representation.	/home/fhu_thjen/projects/learning-java/19-collections-framework/theory/05-concurrenthashmap-concepts.md | https://docs.oracle.com/javase/tutorial/collections/	java::core::collections_framework
collections-framework-aug-basic-040	What is the practical rule for `ListIterator`?	A List is an ordered collection that can contain duplicates and supports positional access.	/home/fhu_thjen/projects/learning-java/19-collections-framework/theory/05-concurrenthashmap-concepts.md | https://docs.oracle.com/javase/tutorial/collections/	java::core::collections_framework
collections-framework-aug-basic-041	What is the practical rule for `Fail-fast iterator`?	An Iterator traverses a collection while hiding its internal representation.	/home/fhu_thjen/projects/learning-java/19-collections-framework/theory/06-fail-fast-iterator-concepts.md | https://docs.oracle.com/javase/tutorial/collections/	java::core::collections_framework
collections-framework-aug-basic-042	What is the practical rule for `Fail-safe iterator`?	An Iterator traverses a collection while hiding its internal representation.	/home/fhu_thjen/projects/learning-java/19-collections-framework/theory/06-fail-fast-iterator-concepts.md | https://docs.oracle.com/javase/tutorial/collections/	java::core::collections_framework
collections-framework-aug-basic-043	What is the practical rule for `ConcurrentModificationException`?	An exception represents an abnormal condition that a program may catch or propagate.	/home/fhu_thjen/projects/learning-java/19-collections-framework/theory/06-fail-fast-iterator-concepts.md | https://docs.oracle.com/javase/tutorial/collections/	java::core::collections_framework
collections-framework-aug-basic-044	What is the practical rule for `Collections.sort`?	A collection is an object that groups multiple elements under a common API.	/home/fhu_thjen/projects/learning-java/19-collections-framework/theory/06-fail-fast-iterator-concepts.md | https://docs.oracle.com/javase/tutorial/collections/	java::core::collections_framework
collections-framework-aug-basic-045	What is the practical rule for `Collections.reverse`?	A collection is an object that groups multiple elements under a common API.	/home/fhu_thjen/projects/learning-java/19-collections-framework/theory/06-fail-fast-iterator-concepts.md | https://docs.oracle.com/javase/tutorial/collections/	java::core::collections_framework
collections-framework-aug-basic-046	What is the practical rule for `Collections.shuffle`?	A collection is an object that groups multiple elements under a common API.	/home/fhu_thjen/projects/learning-java/19-collections-framework/theory/06-fail-fast-iterator-concepts.md | https://docs.oracle.com/javase/tutorial/collections/	java::core::collections_framework
collections-framework-aug-basic-047	What is the practical rule for `Collections.max`?	A collection is an object that groups multiple elements under a common API.	/home/fhu_thjen/projects/learning-java/19-collections-framework/theory/06-fail-fast-iterator-concepts.md | https://docs.oracle.com/javase/tutorial/collections/	java::core::collections_framework
collections-framework-aug-basic-048	What is the practical rule for `Collections.min`?	A collection is an object that groups multiple elements under a common API.	/home/fhu_thjen/projects/learning-java/19-collections-framework/theory/06-fail-fast-iterator-concepts.md | https://docs.oracle.com/javase/tutorial/collections/	java::core::collections_framework
collections-framework-aug-basic-049	What is the practical rule for `Collections.unmodifiableList`?	A collection is an object that groups multiple elements under a common API.	/home/fhu_thjen/projects/learning-java/19-collections-framework/theory/07-collections-unmodifiablelist-concepts.md | https://docs.oracle.com/javase/tutorial/collections/	java::core::collections_framework
collections-framework-aug-basic-050	What is the practical rule for `Collections.synchronizedList`?	Synchronized protects a critical section by using a monitor lock.	/home/fhu_thjen/projects/learning-java/19-collections-framework/theory/07-collections-unmodifiablelist-concepts.md | https://docs.oracle.com/javase/tutorial/collections/	java::core::collections_framework
collections-framework-aug-basic-051	What is the practical rule for `Arrays.sort`?	Tiny example or mental model:	/home/fhu_thjen/projects/learning-java/19-collections-framework/theory/07-collections-unmodifiablelist-concepts.md | https://docs.oracle.com/javase/tutorial/collections/	java::core::collections_framework
collections-framework-aug-basic-052	What is the practical rule for `Arrays.binarySearch`?	Tiny example or mental model:	/home/fhu_thjen/projects/learning-java/19-collections-framework/theory/07-collections-unmodifiablelist-concepts.md | https://docs.oracle.com/javase/tutorial/collections/	java::core::collections_framework
collections-framework-aug-basic-053	What is the practical rule for `Arrays.asList`?	A List is an ordered collection that can contain duplicates and supports positional access.	/home/fhu_thjen/projects/learning-java/19-collections-framework/theory/07-collections-unmodifiablelist-concepts.md | https://docs.oracle.com/javase/tutorial/collections/	java::core::collections_framework
collections-framework-aug-basic-054	What is the practical rule for `Arrays.copyOf`?	Tiny example or mental model:	/home/fhu_thjen/projects/learning-java/19-collections-framework/theory/07-collections-unmodifiablelist-concepts.md | https://docs.oracle.com/javase/tutorial/collections/	java::core::collections_framework
collections-framework-aug-basic-055	What is the practical rule for `Arrays.equals`?	equals() defines logical equality between objects.	/home/fhu_thjen/projects/learning-java/19-collections-framework/theory/07-collections-unmodifiablelist-concepts.md | https://docs.oracle.com/javase/tutorial/collections/	java::core::collections_framework
collections-framework-aug-basic-056	What is the practical rule for `Arrays.deepEquals`?	equals() defines logical equality between objects.	/home/fhu_thjen/projects/learning-java/19-collections-framework/theory/07-collections-unmodifiablelist-concepts.md | https://docs.oracle.com/javase/tutorial/collections/	java::core::collections_framework
collections-framework-aug-basic-057	What is the practical rule for `What should you know about What is the Collection Framework? in Collections Framework?`?	A collection is an object that groups multiple elements under a common API.	19-collections-framework/theory/01-what-is-the-collection-framework-concepts.md | https://docs.oracle.com/javase/tutorial/collections/	java::core::collections_framework
collections-framework-aug-basic-058	What is the practical rule for `Why does What is the Collection Framework? matter in Java?`?	It matters because choosing the wrong data structure changes correctness, performance, and duplicate-handling behavior. A common confusion is memorizing class names without knowing lookup order, equality rules, or iteration behavior.	19-collections-framework/theory/01-what-is-the-collection-framework-concepts.md | https://docs.oracle.com/javase/tutorial/collections/	java::core::collections_framework
collections-framework-aug-basic-059	What is the practical rule for `What should you know about Collection in Collections Framework?`?	A collection is an object that groups multiple elements under a common API.	19-collections-framework/theory/01-what-is-the-collection-framework-concepts.md | https://docs.oracle.com/javase/tutorial/collections/	java::core::collections_framework
collections-framework-aug-basic-060	What is the practical rule for `Why does Collection matter in Java?`?	It matters because choosing the wrong data structure changes correctness, performance, and duplicate-handling behavior. A common confusion is memorizing class names without knowing lookup order, equality rules, or iteration behavior.	19-collections-framework/theory/01-what-is-the-collection-framework-concepts.md | https://docs.oracle.com/javase/tutorial/collections/	java::core::collections_framework
collections-framework-aug-basic-061	What is the practical rule for `What should you know about List in Collections Framework?`?	A List is an ordered collection that can contain duplicates and supports positional access.	19-collections-framework/theory/01-what-is-the-collection-framework-concepts.md | https://docs.oracle.com/javase/tutorial/collections/	java::core::collections_framework
collections-framework-aug-basic-062	What is the practical rule for `Why does List matter in Java?`?	It matters because choosing the wrong data structure changes correctness, performance, and duplicate-handling behavior. A common confusion is memorizing class names without knowing lookup order, equality rules, or iteration behavior.	19-collections-framework/theory/01-what-is-the-collection-framework-concepts.md | https://docs.oracle.com/javase/tutorial/collections/	java::core::collections_framework
collections-framework-aug-basic-063	What is the practical rule for `What should you know about Set in Collections Framework?`?	A Set is a collection that rejects duplicates according to equality rules.	19-collections-framework/theory/01-what-is-the-collection-framework-concepts.md | https://docs.oracle.com/javase/tutorial/collections/	java::core::collections_framework
collections-framework-aug-basic-064	What is the practical rule for `Why does Set matter in Java?`?	It matters because choosing the wrong data structure changes correctness, performance, and duplicate-handling behavior. A common confusion is memorizing class names without knowing lookup order, equality rules, or iteration behavior.	19-collections-framework/theory/01-what-is-the-collection-framework-concepts.md | https://docs.oracle.com/javase/tutorial/collections/	java::core::collections_framework
collections-framework-aug-basic-065	What is the practical rule for `What should you know about Map in Collections Framework?`?	A Map stores key-value pairs and retrieves values by key.	19-collections-framework/theory/01-what-is-the-collection-framework-concepts.md | https://docs.oracle.com/javase/tutorial/collections/	java::core::collections_framework
collections-framework-aug-basic-066	What is the practical rule for `Why does Map matter in Java?`?	It matters because choosing the wrong data structure changes correctness, performance, and duplicate-handling behavior. A common confusion is memorizing class names without knowing lookup order, equality rules, or iteration behavior.	19-collections-framework/theory/01-what-is-the-collection-framework-concepts.md | https://docs.oracle.com/javase/tutorial/collections/	java::core::collections_framework
collections-framework-aug-basic-067	What is the practical rule for `What should you know about ArrayList in Collections Framework?`?	A List is an ordered collection that can contain duplicates and supports positional access.	19-collections-framework/theory/02-arraylist-concepts.md | https://docs.oracle.com/javase/tutorial/collections/	java::core::collections_framework
collections-framework-aug-basic-068	What is the practical rule for `Why does ArrayList matter in Java?`?	It matters because choosing the wrong data structure changes correctness, performance, and duplicate-handling behavior. A common confusion is memorizing class names without knowing lookup order, equality rules, or iteration behavior.	19-collections-framework/theory/02-arraylist-concepts.md | https://docs.oracle.com/javase/tutorial/collections/	java::core::collections_framework
collections-framework-aug-basic-069	What is the practical rule for `What should you know about LinkedList in Collections Framework?`?	A List is an ordered collection that can contain duplicates and supports positional access.	19-collections-framework/theory/02-arraylist-concepts.md | https://docs.oracle.com/javase/tutorial/collections/	java::core::collections_framework
collections-framework-aug-basic-070	What is the practical rule for `Why does LinkedList matter in Java?`?	It matters because choosing the wrong data structure changes correctness, performance, and duplicate-handling behavior. A common confusion is memorizing class names without knowing lookup order, equality rules, or iteration behavior.	19-collections-framework/theory/02-arraylist-concepts.md | https://docs.oracle.com/javase/tutorial/collections/	java::core::collections_framework
collections-framework-aug-basic-071	What is the practical rule for `What should you know about Stack in Collections Framework?`?	Stack stores method frames, local variables, and call flow for each thread.	19-collections-framework/theory/02-arraylist-concepts.md | https://docs.oracle.com/javase/tutorial/collections/	java::core::collections_framework
collections-framework-aug-basic-072	What is the practical rule for `Why does Stack matter in Java?`?	It matters because runtime behavior explains performance, memory errors, startup behavior, and many interview questions. A common confusion is mixing compile-time concepts with JVM runtime services.	19-collections-framework/theory/02-arraylist-concepts.md | https://docs.oracle.com/javase/tutorial/collections/	java::core::collections_framework
collections-framework-aug-basic-073	What is the practical rule for `What should you know about Comparing ArrayList and LinkedList in Collections Framework?`?	A List is an ordered collection that can contain duplicates and supports positional access.	19-collections-framework/theory/02-arraylist-concepts.md | https://docs.oracle.com/javase/tutorial/collections/	java::core::collections_framework
collections-framework-aug-basic-074	What is the practical rule for `Why does Comparing ArrayList and LinkedList matter in Java?`?	It matters because choosing the wrong data structure changes correctness, performance, and duplicate-handling behavior. A common confusion is memorizing class names without knowing lookup order, equality rules, or iteration behavior.	19-collections-framework/theory/02-arraylist-concepts.md | https://docs.oracle.com/javase/tutorial/collections/	java::core::collections_framework
collections-framework-aug-basic-075	What is the practical rule for `What should you know about When to use List? in Collections Framework?`?	A List is an ordered collection that can contain duplicates and supports positional access.	19-collections-framework/theory/02-arraylist-concepts.md | https://docs.oracle.com/javase/tutorial/collections/	java::core::collections_framework
collections-framework-aug-basic-076	What is the practical rule for `Why does When to use List? matter in Java?`?	It matters because choosing the wrong data structure changes correctness, performance, and duplicate-handling behavior. A common confusion is memorizing class names without knowing lookup order, equality rules, or iteration behavior.	19-collections-framework/theory/02-arraylist-concepts.md | https://docs.oracle.com/javase/tutorial/collections/	java::core::collections_framework
collections-framework-aug-basic-077	What is the practical rule for `What should you know about HashSet in Collections Framework?`?	A Set is a collection that rejects duplicates according to equality rules.	19-collections-framework/theory/02-arraylist-concepts.md | https://docs.oracle.com/javase/tutorial/collections/	java::core::collections_framework
collections-framework-aug-basic-078	What is the practical rule for `Why does HashSet matter in Java?`?	It matters because choosing the wrong data structure changes correctness, performance, and duplicate-handling behavior. A common confusion is memorizing class names without knowing lookup order, equality rules, or iteration behavior.	19-collections-framework/theory/02-arraylist-concepts.md | https://docs.oracle.com/javase/tutorial/collections/	java::core::collections_framework
collections-framework-aug-basic-079	What is the practical rule for `What should you know about LinkedHashSet in Collections Framework?`?	A Set is a collection that rejects duplicates according to equality rules.	19-collections-framework/theory/02-arraylist-concepts.md | https://docs.oracle.com/javase/tutorial/collections/	java::core::collections_framework
collections-framework-aug-basic-080	What is the practical rule for `Why does LinkedHashSet matter in Java?`?	It matters because choosing the wrong data structure changes correctness, performance, and duplicate-handling behavior. A common confusion is memorizing class names without knowing lookup order, equality rules, or iteration behavior.	19-collections-framework/theory/02-arraylist-concepts.md | https://docs.oracle.com/javase/tutorial/collections/	java::core::collections_framework
collections-framework-aug-basic-081	What is the practical rule for `What should you know about TreeSet in Collections Framework?`?	A Set is a collection that rejects duplicates according to equality rules.	19-collections-framework/theory/03-treeset-concepts.md | https://docs.oracle.com/javase/tutorial/collections/	java::core::collections_framework
collections-framework-aug-basic-082	What is the practical rule for `Why does TreeSet matter in Java?`?	It matters because choosing the wrong data structure changes correctness, performance, and duplicate-handling behavior. A common confusion is memorizing class names without knowing lookup order, equality rules, or iteration behavior.	19-collections-framework/theory/03-treeset-concepts.md | https://docs.oracle.com/javase/tutorial/collections/	java::core::collections_framework
collections-framework-aug-basic-083	What is the practical rule for `What should you know about SortedSet in Collections Framework?`?	A Set is a collection that rejects duplicates according to equality rules.	19-collections-framework/theory/03-treeset-concepts.md | https://docs.oracle.com/javase/tutorial/collections/	java::core::collections_framework
collections-framework-aug-basic-084	What is the practical rule for `Why does SortedSet matter in Java?`?	It matters because choosing the wrong data structure changes correctness, performance, and duplicate-handling behavior. A common confusion is memorizing class names without knowing lookup order, equality rules, or iteration behavior.	19-collections-framework/theory/03-treeset-concepts.md | https://docs.oracle.com/javase/tutorial/collections/	java::core::collections_framework
collections-framework-aug-basic-085	What is the practical rule for `What should you know about NavigableSet in Collections Framework?`?	A Set is a collection that rejects duplicates according to equality rules.	19-collections-framework/theory/03-treeset-concepts.md | https://docs.oracle.com/javase/tutorial/collections/	java::core::collections_framework
collections-framework-aug-basic-086	What is the practical rule for `Why does NavigableSet matter in Java?`?	It matters because choosing the wrong data structure changes correctness, performance, and duplicate-handling behavior. A common confusion is memorizing class names without knowing lookup order, equality rules, or iteration behavior.	19-collections-framework/theory/03-treeset-concepts.md | https://docs.oracle.com/javase/tutorial/collections/	java::core::collections_framework
collections-framework-aug-basic-087	What is the practical rule for `What should you know about When to use Set? in Collections Framework?`?	A Set is a collection that rejects duplicates according to equality rules.	19-collections-framework/theory/03-treeset-concepts.md | https://docs.oracle.com/javase/tutorial/collections/	java::core::collections_framework
collections-framework-aug-basic-088	What is the practical rule for `Why does When to use Set? matter in Java?`?	It matters because choosing the wrong data structure changes correctness, performance, and duplicate-handling behavior. A common confusion is memorizing class names without knowing lookup order, equality rules, or iteration behavior.	19-collections-framework/theory/03-treeset-concepts.md | https://docs.oracle.com/javase/tutorial/collections/	java::core::collections_framework
collections-framework-aug-basic-089	What is the practical rule for `What should you know about Role of equals() and hashCode() in Collections Framework?`?	equals() defines logical equality between objects.	19-collections-framework/theory/03-treeset-concepts.md | https://docs.oracle.com/javase/tutorial/collections/	java::core::collections_framework
collections-framework-aug-basic-090	What is the practical rule for `Why does Role of equals() and hashCode() matter in Java?`?	It matters because choosing the wrong data structure changes correctness, performance, and duplicate-handling behavior. A common confusion is memorizing class names without knowing lookup order, equality rules, or iteration behavior.	19-collections-framework/theory/03-treeset-concepts.md | https://docs.oracle.com/javase/tutorial/collections/	java::core::collections_framework
collections-framework-aug-basic-091	What is the practical rule for `What should you know about LinkedList as Queue in Collections Framework?`?	A List is an ordered collection that can contain duplicates and supports positional access.	19-collections-framework/theory/04-linkedlist-as-queue-concepts.md | https://docs.oracle.com/javase/tutorial/collections/	java::core::collections_framework
collections-framework-aug-basic-092	What is the practical rule for `Why does LinkedList as Queue matter in Java?`?	It matters because choosing the wrong data structure changes correctness, performance, and duplicate-handling behavior. A common confusion is memorizing class names without knowing lookup order, equality rules, or iteration behavior.	19-collections-framework/theory/04-linkedlist-as-queue-concepts.md | https://docs.oracle.com/javase/tutorial/collections/	java::core::collections_framework
collections-framework-aug-basic-093	What is the practical rule for `What should you know about HashMap in Collections Framework?`?	A Map stores key-value pairs and retrieves values by key.	19-collections-framework/theory/04-linkedlist-as-queue-concepts.md | https://docs.oracle.com/javase/tutorial/collections/	java::core::collections_framework
collections-framework-aug-basic-094	What is the practical rule for `Why does HashMap matter in Java?`?	It matters because choosing the wrong data structure changes correctness, performance, and duplicate-handling behavior. A common confusion is memorizing class names without knowing lookup order, equality rules, or iteration behavior.	19-collections-framework/theory/04-linkedlist-as-queue-concepts.md | https://docs.oracle.com/javase/tutorial/collections/	java::core::collections_framework
collections-framework-aug-basic-095	What is the practical rule for `What should you know about LinkedHashMap in Collections Framework?`?	A Map stores key-value pairs and retrieves values by key.	19-collections-framework/theory/04-linkedlist-as-queue-concepts.md | https://docs.oracle.com/javase/tutorial/collections/	java::core::collections_framework
collections-framework-aug-basic-096	What is the practical rule for `Why does LinkedHashMap matter in Java?`?	It matters because choosing the wrong data structure changes correctness, performance, and duplicate-handling behavior. A common confusion is memorizing class names without knowing lookup order, equality rules, or iteration behavior.	19-collections-framework/theory/04-linkedlist-as-queue-concepts.md | https://docs.oracle.com/javase/tutorial/collections/	java::core::collections_framework
collections-framework-aug-basic-097	What is the practical rule for `What should you know about TreeMap in Collections Framework?`?	A Map stores key-value pairs and retrieves values by key.	19-collections-framework/theory/04-linkedlist-as-queue-concepts.md | https://docs.oracle.com/javase/tutorial/collections/	java::core::collections_framework
collections-framework-aug-basic-098	What is the practical rule for `Why does TreeMap matter in Java?`?	It matters because choosing the wrong data structure changes correctness, performance, and duplicate-handling behavior. A common confusion is memorizing class names without knowing lookup order, equality rules, or iteration behavior.	19-collections-framework/theory/04-linkedlist-as-queue-concepts.md | https://docs.oracle.com/javase/tutorial/collections/	java::core::collections_framework
collections-framework-aug-basic-099	What is the practical rule for `Why does Hashtable matter in Java?`?	It matters because choosing the wrong data structure changes correctness, performance, and duplicate-handling behavior. A common confusion is memorizing class names without knowing lookup order, equality rules, or iteration behavior.	19-collections-framework/theory/04-linkedlist-as-queue-concepts.md | https://docs.oracle.com/javase/tutorial/collections/	java::core::collections_framework
collections-framework-aug-basic-100	What is the practical rule for `What should you know about ConcurrentHashMap in Collections Framework?`?	A Map stores key-value pairs and retrieves values by key.	19-collections-framework/theory/05-concurrenthashmap-concepts.md | https://docs.oracle.com/javase/tutorial/collections/	java::core::collections_framework
collections-framework-aug-basic-101	What is the practical rule for `Why does ConcurrentHashMap matter in Java?`?	It matters because concurrent code can look correct in single-thread tests but fail under timing pressure. A common confusion is assuming visibility, ordering, and atomicity are the same guarantee.	19-collections-framework/theory/05-concurrenthashmap-concepts.md | https://docs.oracle.com/javase/tutorial/collections/	java::core::collections_framework
collections-framework-aug-basic-102	What is the practical rule for `What should you know about WeakHashMap in Collections Framework?`?	A Map stores key-value pairs and retrieves values by key.	19-collections-framework/theory/05-concurrenthashmap-concepts.md | https://docs.oracle.com/javase/tutorial/collections/	java::core::collections_framework
collections-framework-aug-basic-103	What is the practical rule for `Why does WeakHashMap matter in Java?`?	It matters because choosing the wrong data structure changes correctness, performance, and duplicate-handling behavior. A common confusion is memorizing class names without knowing lookup order, equality rules, or iteration behavior.	19-collections-framework/theory/05-concurrenthashmap-concepts.md | https://docs.oracle.com/javase/tutorial/collections/	java::core::collections_framework
collections-framework-aug-basic-104	What is the practical rule for `What should you know about IdentityHashMap in Collections Framework?`?	A Map stores key-value pairs and retrieves values by key.	19-collections-framework/theory/05-concurrenthashmap-concepts.md | https://docs.oracle.com/javase/tutorial/collections/	java::core::collections_framework
collections-framework-aug-basic-105	What is the practical rule for `Why does IdentityHashMap matter in Java?`?	It matters because choosing the wrong data structure changes correctness, performance, and duplicate-handling behavior. A common confusion is memorizing class names without knowing lookup order, equality rules, or iteration behavior.	19-collections-framework/theory/05-concurrenthashmap-concepts.md | https://docs.oracle.com/javase/tutorial/collections/	java::core::collections_framework
collections-framework-aug-basic-106	What is the practical rule for `What should you know about SortedMap in Collections Framework?`?	A Map stores key-value pairs and retrieves values by key.	19-collections-framework/theory/05-concurrenthashmap-concepts.md | https://docs.oracle.com/javase/tutorial/collections/	java::core::collections_framework
