ID	Text	Extra	Source	Tags
collections_framework-cloze-001	In Collections Framework, {{c1::What is the Collection Framework?}} is a concept you should define, apply, and connect to common mistakes.	It matters because choosing the wrong data structure changes correctness, performance, and duplicate-handling behavior. A common confusion is memorizing class names without knowing lookup order, equality rules, or iteration behavior.	19-collections-framework/theory/01-what-is-the-collection-framework-concepts.md | https://docs.oracle.com/javase/tutorial/collections/	java::core::collections-framework
collections_framework-cloze-002	A strong review of {{c1::What is the Collection Framework?}} should include meaning, use case, and one common confusion.	When reading code, ask: what does `What is the Collection Framework?` change, allow, reject, or clarify?	19-collections-framework/theory/01-what-is-the-collection-framework-concepts.md | https://docs.oracle.com/javase/tutorial/collections/	java::core::collections-framework
collections_framework-cloze-003	In Collections Framework, {{c1::Iterable}} is a concept you should define, apply, and connect to common mistakes.	Use it to predict the exact Java rule, the allowed form, and the failure mode. Review it with a tiny example instead of memorizing only the label.	19-collections-framework/theory/01-what-is-the-collection-framework-concepts.md | https://docs.oracle.com/javase/tutorial/collections/	java::core::collections-framework
collections_framework-cloze-004	A strong review of {{c1::Iterable}} should include meaning, use case, and one common confusion.	When reading code, ask: what does `Iterable` change, allow, reject, or clarify?	19-collections-framework/theory/01-what-is-the-collection-framework-concepts.md | https://docs.oracle.com/javase/tutorial/collections/	java::core::collections-framework
collections_framework-cloze-005	In Collections Framework, {{c1::Collection}} is a concept you should define, apply, and connect to common mistakes.	It matters because choosing the wrong data structure changes correctness, performance, and duplicate-handling behavior. A common confusion is memorizing class names without knowing lookup order, equality rules, or iteration behavior.	19-collections-framework/theory/01-what-is-the-collection-framework-concepts.md | https://docs.oracle.com/javase/tutorial/collections/	java::core::collections-framework
collections_framework-cloze-006	A strong review of {{c1::Collection}} should include meaning, use case, and one common confusion.	When reading code, ask: what does `Collection` change, allow, reject, or clarify?	19-collections-framework/theory/01-what-is-the-collection-framework-concepts.md | https://docs.oracle.com/javase/tutorial/collections/	java::core::collections-framework
collections_framework-cloze-007	In Collections Framework, {{c1::List}} is a concept you should define, apply, and connect to common mistakes.	It matters because choosing the wrong data structure changes correctness, performance, and duplicate-handling behavior. A common confusion is memorizing class names without knowing lookup order, equality rules, or iteration behavior.	19-collections-framework/theory/01-what-is-the-collection-framework-concepts.md | https://docs.oracle.com/javase/tutorial/collections/	java::core::collections-framework
collections_framework-cloze-008	A strong review of {{c1::List}} should include meaning, use case, and one common confusion.	`List<String> names = new ArrayList<>();` stores ordered elements.	19-collections-framework/theory/01-what-is-the-collection-framework-concepts.md | https://docs.oracle.com/javase/tutorial/collections/	java::core::collections-framework
collections_framework-cloze-009	In Collections Framework, {{c1::Set}} is a concept you should define, apply, and connect to common mistakes.	It matters because choosing the wrong data structure changes correctness, performance, and duplicate-handling behavior. A common confusion is memorizing class names without knowing lookup order, equality rules, or iteration behavior.	19-collections-framework/theory/01-what-is-the-collection-framework-concepts.md | https://docs.oracle.com/javase/tutorial/collections/	java::core::collections-framework
collections_framework-cloze-010	A strong review of {{c1::Set}} should include meaning, use case, and one common confusion.	When reading code, ask: what does `Set` change, allow, reject, or clarify?	19-collections-framework/theory/01-what-is-the-collection-framework-concepts.md | https://docs.oracle.com/javase/tutorial/collections/	java::core::collections-framework
collections_framework-cloze-011	In Collections Framework, {{c1::Queue}} is a concept you should define, apply, and connect to common mistakes.	Use it to predict the exact Java rule, the allowed form, and the failure mode. Review it with a tiny example instead of memorizing only the label.	19-collections-framework/theory/01-what-is-the-collection-framework-concepts.md | https://docs.oracle.com/javase/tutorial/collections/	java::core::collections-framework
collections_framework-cloze-012	A strong review of {{c1::Queue}} should include meaning, use case, and one common confusion.	When reading code, ask: what does `Queue` change, allow, reject, or clarify?	19-collections-framework/theory/01-what-is-the-collection-framework-concepts.md | https://docs.oracle.com/javase/tutorial/collections/	java::core::collections-framework
collections_framework-cloze-013	In Collections Framework, {{c1::Deque}} is a concept you should define, apply, and connect to common mistakes.	Use it to predict the exact Java rule, the allowed form, and the failure mode. Review it with a tiny example instead of memorizing only the label.	19-collections-framework/theory/01-what-is-the-collection-framework-concepts.md | https://docs.oracle.com/javase/tutorial/collections/	java::core::collections-framework
collections_framework-cloze-014	A strong review of {{c1::Deque}} should include meaning, use case, and one common confusion.	When reading code, ask: what does `Deque` change, allow, reject, or clarify?	19-collections-framework/theory/01-what-is-the-collection-framework-concepts.md | https://docs.oracle.com/javase/tutorial/collections/	java::core::collections-framework
collections_framework-cloze-015	In Collections Framework, {{c1::Map}} is a concept you should define, apply, and connect to common mistakes.	It matters because choosing the wrong data structure changes correctness, performance, and duplicate-handling behavior. A common confusion is memorizing class names without knowing lookup order, equality rules, or iteration behavior.	19-collections-framework/theory/01-what-is-the-collection-framework-concepts.md | https://docs.oracle.com/javase/tutorial/collections/	java::core::collections-framework
collections_framework-cloze-016	A strong review of {{c1::Map}} should include meaning, use case, and one common confusion.	`Map<String, Integer> scores = new HashMap<>();` maps keys to values.	19-collections-framework/theory/01-what-is-the-collection-framework-concepts.md | https://docs.oracle.com/javase/tutorial/collections/	java::core::collections-framework
collections_framework-cloze-017	In Collections Framework, {{c1::ArrayList}} is a concept you should define, apply, and connect to common mistakes.	It matters because choosing the wrong data structure changes correctness, performance, and duplicate-handling behavior. A common confusion is memorizing class names without knowing lookup order, equality rules, or iteration behavior.	19-collections-framework/theory/02-arraylist-concepts.md | https://docs.oracle.com/javase/tutorial/collections/	java::core::collections-framework
collections_framework-cloze-018	A strong review of {{c1::ArrayList}} should include meaning, use case, and one common confusion.	`List<String> names = new ArrayList<>();` stores ordered elements.	19-collections-framework/theory/02-arraylist-concepts.md | https://docs.oracle.com/javase/tutorial/collections/	java::core::collections-framework
collections_framework-cloze-019	In Collections Framework, {{c1::LinkedList}} is a concept you should define, apply, and connect to common mistakes.	It matters because choosing the wrong data structure changes correctness, performance, and duplicate-handling behavior. A common confusion is memorizing class names without knowing lookup order, equality rules, or iteration behavior.	19-collections-framework/theory/02-arraylist-concepts.md | https://docs.oracle.com/javase/tutorial/collections/	java::core::collections-framework
collections_framework-cloze-020	A strong review of {{c1::LinkedList}} should include meaning, use case, and one common confusion.	`List<String> names = new ArrayList<>();` stores ordered elements.	19-collections-framework/theory/02-arraylist-concepts.md | https://docs.oracle.com/javase/tutorial/collections/	java::core::collections-framework
collections_framework-cloze-021	In Collections Framework, {{c1::Vector}} is a concept you should define, apply, and connect to common mistakes.	Use it to predict the exact Java rule, the allowed form, and the failure mode. Review it with a tiny example instead of memorizing only the label.	19-collections-framework/theory/02-arraylist-concepts.md | https://docs.oracle.com/javase/tutorial/collections/	java::core::collections-framework
collections_framework-cloze-022	A strong review of {{c1::Vector}} should include meaning, use case, and one common confusion.	When reading code, ask: what does `Vector` change, allow, reject, or clarify?	19-collections-framework/theory/02-arraylist-concepts.md | https://docs.oracle.com/javase/tutorial/collections/	java::core::collections-framework
collections_framework-cloze-023	In Collections Framework, {{c1::Stack}} is a concept you should define, apply, and connect to common mistakes.	It matters because runtime behavior explains performance, memory errors, startup behavior, and many interview questions. A common confusion is mixing compile-time concepts with JVM runtime services.	19-collections-framework/theory/02-arraylist-concepts.md | https://docs.oracle.com/javase/tutorial/collections/	java::core::collections-framework
collections_framework-cloze-024	A strong review of {{c1::Stack}} should include meaning, use case, and one common confusion.	When reading code, ask: what does `Stack` change, allow, reject, or clarify?	19-collections-framework/theory/02-arraylist-concepts.md | https://docs.oracle.com/javase/tutorial/collections/	java::core::collections-framework
collections_framework-cloze-025	In Collections Framework, {{c1::Comparing ArrayList and LinkedList}} is a concept you should define, apply, and connect to common mistakes.	It matters because choosing the wrong data structure changes correctness, performance, and duplicate-handling behavior. A common confusion is memorizing class names without knowing lookup order, equality rules, or iteration behavior.	19-collections-framework/theory/02-arraylist-concepts.md | https://docs.oracle.com/javase/tutorial/collections/	java::core::collections-framework
collections_framework-cloze-026	A strong review of {{c1::Comparing ArrayList and LinkedList}} should include meaning, use case, and one common confusion.	`List<String> names = new ArrayList<>();` stores ordered elements.	19-collections-framework/theory/02-arraylist-concepts.md | https://docs.oracle.com/javase/tutorial/collections/	java::core::collections-framework
collections_framework-cloze-027	In Collections Framework, {{c1::When to use List?}} is a concept you should define, apply, and connect to common mistakes.	It matters because choosing the wrong data structure changes correctness, performance, and duplicate-handling behavior. A common confusion is memorizing class names without knowing lookup order, equality rules, or iteration behavior.	19-collections-framework/theory/02-arraylist-concepts.md | https://docs.oracle.com/javase/tutorial/collections/	java::core::collections-framework
collections_framework-cloze-028	A strong review of {{c1::When to use List?}} should include meaning, use case, and one common confusion.	`List<String> names = new ArrayList<>();` stores ordered elements.	19-collections-framework/theory/02-arraylist-concepts.md | https://docs.oracle.com/javase/tutorial/collections/	java::core::collections-framework
collections_framework-cloze-029	In Collections Framework, {{c1::HashSet}} is a concept you should define, apply, and connect to common mistakes.	It matters because choosing the wrong data structure changes correctness, performance, and duplicate-handling behavior. A common confusion is memorizing class names without knowing lookup order, equality rules, or iteration behavior.	19-collections-framework/theory/02-arraylist-concepts.md | https://docs.oracle.com/javase/tutorial/collections/	java::core::collections-framework
collections_framework-cloze-030	A strong review of {{c1::HashSet}} should include meaning, use case, and one common confusion.	When reading code, ask: what does `HashSet` change, allow, reject, or clarify?	19-collections-framework/theory/02-arraylist-concepts.md | https://docs.oracle.com/javase/tutorial/collections/	java::core::collections-framework
collections_framework-cloze-031	In Collections Framework, {{c1::LinkedHashSet}} is a concept you should define, apply, and connect to common mistakes.	It matters because choosing the wrong data structure changes correctness, performance, and duplicate-handling behavior. A common confusion is memorizing class names without knowing lookup order, equality rules, or iteration behavior.	19-collections-framework/theory/02-arraylist-concepts.md | https://docs.oracle.com/javase/tutorial/collections/	java::core::collections-framework
collections_framework-cloze-032	A strong review of {{c1::LinkedHashSet}} should include meaning, use case, and one common confusion.	When reading code, ask: what does `LinkedHashSet` change, allow, reject, or clarify?	19-collections-framework/theory/02-arraylist-concepts.md | https://docs.oracle.com/javase/tutorial/collections/	java::core::collections-framework
collections_framework-cloze-033	In Collections Framework, {{c1::TreeSet}} is a concept you should define, apply, and connect to common mistakes.	It matters because choosing the wrong data structure changes correctness, performance, and duplicate-handling behavior. A common confusion is memorizing class names without knowing lookup order, equality rules, or iteration behavior.	19-collections-framework/theory/03-treeset-concepts.md | https://docs.oracle.com/javase/tutorial/collections/	java::core::collections-framework
collections_framework-cloze-034	A strong review of {{c1::TreeSet}} should include meaning, use case, and one common confusion.	When reading code, ask: what does `TreeSet` change, allow, reject, or clarify?	19-collections-framework/theory/03-treeset-concepts.md | https://docs.oracle.com/javase/tutorial/collections/	java::core::collections-framework
collections_framework-cloze-035	In Collections Framework, {{c1::SortedSet}} is a concept you should define, apply, and connect to common mistakes.	It matters because choosing the wrong data structure changes correctness, performance, and duplicate-handling behavior. A common confusion is memorizing class names without knowing lookup order, equality rules, or iteration behavior.	19-collections-framework/theory/03-treeset-concepts.md | https://docs.oracle.com/javase/tutorial/collections/	java::core::collections-framework
collections_framework-cloze-036	A strong review of {{c1::SortedSet}} should include meaning, use case, and one common confusion.	When reading code, ask: what does `SortedSet` change, allow, reject, or clarify?	19-collections-framework/theory/03-treeset-concepts.md | https://docs.oracle.com/javase/tutorial/collections/	java::core::collections-framework
collections_framework-cloze-037	In Collections Framework, {{c1::NavigableSet}} is a concept you should define, apply, and connect to common mistakes.	It matters because choosing the wrong data structure changes correctness, performance, and duplicate-handling behavior. A common confusion is memorizing class names without knowing lookup order, equality rules, or iteration behavior.	19-collections-framework/theory/03-treeset-concepts.md | https://docs.oracle.com/javase/tutorial/collections/	java::core::collections-framework
collections_framework-cloze-038	A strong review of {{c1::NavigableSet}} should include meaning, use case, and one common confusion.	When reading code, ask: what does `NavigableSet` change, allow, reject, or clarify?	19-collections-framework/theory/03-treeset-concepts.md | https://docs.oracle.com/javase/tutorial/collections/	java::core::collections-framework
collections_framework-cloze-039	In Collections Framework, {{c1::When to use Set?}} is a concept you should define, apply, and connect to common mistakes.	It matters because choosing the wrong data structure changes correctness, performance, and duplicate-handling behavior. A common confusion is memorizing class names without knowing lookup order, equality rules, or iteration behavior.	19-collections-framework/theory/03-treeset-concepts.md | https://docs.oracle.com/javase/tutorial/collections/	java::core::collections-framework
collections_framework-cloze-040	A strong review of {{c1::When to use Set?}} should include meaning, use case, and one common confusion.	When reading code, ask: what does `When to use Set?` change, allow, reject, or clarify?	19-collections-framework/theory/03-treeset-concepts.md | https://docs.oracle.com/javase/tutorial/collections/	java::core::collections-framework
collections_framework-cloze-041	In Collections Framework, {{c1::Duplicate removal mechanism}} is a concept you should define, apply, and connect to common mistakes.	Use it to predict the exact Java rule, the allowed form, and the failure mode. Review it with a tiny example instead of memorizing only the label.	19-collections-framework/theory/03-treeset-concepts.md | https://docs.oracle.com/javase/tutorial/collections/	java::core::collections-framework
collections_framework-cloze-042	A strong review of {{c1::Duplicate removal mechanism}} should include meaning, use case, and one common confusion.	When reading code, ask: what does `Duplicate removal mechanism` change, allow, reject, or clarify?	19-collections-framework/theory/03-treeset-concepts.md | https://docs.oracle.com/javase/tutorial/collections/	java::core::collections-framework
collections_framework-cloze-043	In Collections Framework, {{c1::Role of equals() and hashCode()}} is a concept you should define, apply, and connect to common mistakes.	It matters because choosing the wrong data structure changes correctness, performance, and duplicate-handling behavior. A common confusion is memorizing class names without knowing lookup order, equality rules, or iteration behavior.	19-collections-framework/theory/03-treeset-concepts.md | https://docs.oracle.com/javase/tutorial/collections/	java::core::collections-framework
collections_framework-cloze-044	A strong review of {{c1::Role of equals() and hashCode()}} should include meaning, use case, and one common confusion.	When reading code, ask: what does `Role of equals() and hashCode()` change, allow, reject, or clarify?	19-collections-framework/theory/03-treeset-concepts.md | https://docs.oracle.com/javase/tutorial/collections/	java::core::collections-framework
collections_framework-cloze-045	In Collections Framework, {{c1::PriorityQueue}} is a concept you should define, apply, and connect to common mistakes.	Use it to predict the exact Java rule, the allowed form, and the failure mode. Review it with a tiny example instead of memorizing only the label.	19-collections-framework/theory/03-treeset-concepts.md | https://docs.oracle.com/javase/tutorial/collections/	java::core::collections-framework
collections_framework-cloze-046	A strong review of {{c1::PriorityQueue}} should include meaning, use case, and one common confusion.	When reading code, ask: what does `PriorityQueue` change, allow, reject, or clarify?	19-collections-framework/theory/03-treeset-concepts.md | https://docs.oracle.com/javase/tutorial/collections/	java::core::collections-framework
collections_framework-cloze-047	In Collections Framework, {{c1::ArrayDeque}} is a concept you should define, apply, and connect to common mistakes.	Use it to predict the exact Java rule, the allowed form, and the failure mode. Review it with a tiny example instead of memorizing only the label.	19-collections-framework/theory/03-treeset-concepts.md | https://docs.oracle.com/javase/tutorial/collections/	java::core::collections-framework
collections_framework-cloze-048	A strong review of {{c1::ArrayDeque}} should include meaning, use case, and one common confusion.	When reading code, ask: what does `ArrayDeque` change, allow, reject, or clarify?	19-collections-framework/theory/03-treeset-concepts.md | https://docs.oracle.com/javase/tutorial/collections/	java::core::collections-framework
collections_framework-cloze-049	In Collections Framework, {{c1::LinkedList as Queue}} is a concept you should define, apply, and connect to common mistakes.	It matters because choosing the wrong data structure changes correctness, performance, and duplicate-handling behavior. A common confusion is memorizing class names without knowing lookup order, equality rules, or iteration behavior.	19-collections-framework/theory/04-linkedlist-as-queue-concepts.md | https://docs.oracle.com/javase/tutorial/collections/	java::core::collections-framework
collections_framework-cloze-050	A strong review of {{c1::LinkedList as Queue}} should include meaning, use case, and one common confusion.	`List<String> names = new ArrayList<>();` stores ordered elements.	19-collections-framework/theory/04-linkedlist-as-queue-concepts.md | https://docs.oracle.com/javase/tutorial/collections/	java::core::collections-framework
collections_framework-cloze-051	In Collections Framework, {{c1::FIFO}} is a concept you should define, apply, and connect to common mistakes.	Use it to predict the exact Java rule, the allowed form, and the failure mode. Review it with a tiny example instead of memorizing only the label.	19-collections-framework/theory/04-linkedlist-as-queue-concepts.md | https://docs.oracle.com/javase/tutorial/collections/	java::core::collections-framework
collections_framework-cloze-052	A strong review of {{c1::FIFO}} should include meaning, use case, and one common confusion.	When reading code, ask: what does `FIFO` change, allow, reject, or clarify?	19-collections-framework/theory/04-linkedlist-as-queue-concepts.md | https://docs.oracle.com/javase/tutorial/collections/	java::core::collections-framework
collections_framework-cloze-053	In Collections Framework, {{c1::LIFO}} is a concept you should define, apply, and connect to common mistakes.	Use it to predict the exact Java rule, the allowed form, and the failure mode. Review it with a tiny example instead of memorizing only the label.	19-collections-framework/theory/04-linkedlist-as-queue-concepts.md | https://docs.oracle.com/javase/tutorial/collections/	java::core::collections-framework
collections_framework-cloze-054	A strong review of {{c1::LIFO}} should include meaning, use case, and one common confusion.	When reading code, ask: what does `LIFO` change, allow, reject, or clarify?	19-collections-framework/theory/04-linkedlist-as-queue-concepts.md | https://docs.oracle.com/javase/tutorial/collections/	java::core::collections-framework
collections_framework-cloze-055	In Collections Framework, {{c1::Priority queue}} is a concept you should define, apply, and connect to common mistakes.	Use it to predict the exact Java rule, the allowed form, and the failure mode. Review it with a tiny example instead of memorizing only the label.	19-collections-framework/theory/04-linkedlist-as-queue-concepts.md | https://docs.oracle.com/javase/tutorial/collections/	java::core::collections-framework
collections_framework-cloze-056	A strong review of {{c1::Priority queue}} should include meaning, use case, and one common confusion.	When reading code, ask: what does `Priority queue` change, allow, reject, or clarify?	19-collections-framework/theory/04-linkedlist-as-queue-concepts.md | https://docs.oracle.com/javase/tutorial/collections/	java::core::collections-framework
collections_framework-cloze-057	In Collections Framework, {{c1::HashMap}} is a concept you should define, apply, and connect to common mistakes.	It matters because choosing the wrong data structure changes correctness, performance, and duplicate-handling behavior. A common confusion is memorizing class names without knowing lookup order, equality rules, or iteration behavior.	19-collections-framework/theory/04-linkedlist-as-queue-concepts.md | https://docs.oracle.com/javase/tutorial/collections/	java::core::collections-framework
collections_framework-cloze-058	A strong review of {{c1::HashMap}} should include meaning, use case, and one common confusion.	`Map<String, Integer> scores = new HashMap<>();` maps keys to values.	19-collections-framework/theory/04-linkedlist-as-queue-concepts.md | https://docs.oracle.com/javase/tutorial/collections/	java::core::collections-framework
collections_framework-cloze-059	In Collections Framework, {{c1::LinkedHashMap}} is a concept you should define, apply, and connect to common mistakes.	It matters because choosing the wrong data structure changes correctness, performance, and duplicate-handling behavior. A common confusion is memorizing class names without knowing lookup order, equality rules, or iteration behavior.	19-collections-framework/theory/04-linkedlist-as-queue-concepts.md | https://docs.oracle.com/javase/tutorial/collections/	java::core::collections-framework
collections_framework-cloze-060	A strong review of {{c1::LinkedHashMap}} should include meaning, use case, and one common confusion.	`Map<String, Integer> scores = new HashMap<>();` maps keys to values.	19-collections-framework/theory/04-linkedlist-as-queue-concepts.md | https://docs.oracle.com/javase/tutorial/collections/	java::core::collections-framework
collections_framework-cloze-061	In Collections Framework, {{c1::TreeMap}} is a concept you should define, apply, and connect to common mistakes.	It matters because choosing the wrong data structure changes correctness, performance, and duplicate-handling behavior. A common confusion is memorizing class names without knowing lookup order, equality rules, or iteration behavior.	19-collections-framework/theory/04-linkedlist-as-queue-concepts.md | https://docs.oracle.com/javase/tutorial/collections/	java::core::collections-framework
collections_framework-cloze-062	A strong review of {{c1::TreeMap}} should include meaning, use case, and one common confusion.	`Map<String, Integer> scores = new HashMap<>();` maps keys to values.	19-collections-framework/theory/04-linkedlist-as-queue-concepts.md | https://docs.oracle.com/javase/tutorial/collections/	java::core::collections-framework
collections_framework-cloze-063	In Collections Framework, {{c1::Hashtable}} is a concept you should define, apply, and connect to common mistakes.	It matters because choosing the wrong data structure changes correctness, performance, and duplicate-handling behavior. A common confusion is memorizing class names without knowing lookup order, equality rules, or iteration behavior.	19-collections-framework/theory/04-linkedlist-as-queue-concepts.md | https://docs.oracle.com/javase/tutorial/collections/	java::core::collections-framework
collections_framework-cloze-064	A strong review of {{c1::Hashtable}} should include meaning, use case, and one common confusion.	When reading code, ask: what does `Hashtable` change, allow, reject, or clarify?	19-collections-framework/theory/04-linkedlist-as-queue-concepts.md | https://docs.oracle.com/javase/tutorial/collections/	java::core::collections-framework
collections_framework-cloze-065	In Collections Framework, {{c1::ConcurrentHashMap}} is a concept you should define, apply, and connect to common mistakes.	It matters because concurrent code can look correct in single-thread tests but fail under timing pressure. A common confusion is assuming visibility, ordering, and atomicity are the same guarantee.	19-collections-framework/theory/05-concurrenthashmap-concepts.md | https://docs.oracle.com/javase/tutorial/collections/	java::core::collections-framework
collections_framework-cloze-066	A strong review of {{c1::ConcurrentHashMap}} should include meaning, use case, and one common confusion.	`Map<String, Integer> scores = new HashMap<>();` maps keys to values.	19-collections-framework/theory/05-concurrenthashmap-concepts.md | https://docs.oracle.com/javase/tutorial/collections/	java::core::collections-framework
collections_framework-cloze-067	In Collections Framework, {{c1::WeakHashMap}} is a concept you should define, apply, and connect to common mistakes.	It matters because choosing the wrong data structure changes correctness, performance, and duplicate-handling behavior. A common confusion is memorizing class names without knowing lookup order, equality rules, or iteration behavior.	19-collections-framework/theory/05-concurrenthashmap-concepts.md | https://docs.oracle.com/javase/tutorial/collections/	java::core::collections-framework
collections_framework-cloze-068	A strong review of {{c1::WeakHashMap}} should include meaning, use case, and one common confusion.	`Map<String, Integer> scores = new HashMap<>();` maps keys to values.	19-collections-framework/theory/05-concurrenthashmap-concepts.md | https://docs.oracle.com/javase/tutorial/collections/	java::core::collections-framework
collections_framework-cloze-069	In Collections Framework, {{c1::IdentityHashMap}} is a concept you should define, apply, and connect to common mistakes.	It matters because choosing the wrong data structure changes correctness, performance, and duplicate-handling behavior. A common confusion is memorizing class names without knowing lookup order, equality rules, or iteration behavior.	19-collections-framework/theory/05-concurrenthashmap-concepts.md | https://docs.oracle.com/javase/tutorial/collections/	java::core::collections-framework
collections_framework-cloze-070	A strong review of {{c1::IdentityHashMap}} should include meaning, use case, and one common confusion.	`Map<String, Integer> scores = new HashMap<>();` maps keys to values.	19-collections-framework/theory/05-concurrenthashmap-concepts.md | https://docs.oracle.com/javase/tutorial/collections/	java::core::collections-framework
collections_framework-cloze-071	In Collections Framework, {{c1::SortedMap}} is a concept you should define, apply, and connect to common mistakes.	It matters because choosing the wrong data structure changes correctness, performance, and duplicate-handling behavior. A common confusion is memorizing class names without knowing lookup order, equality rules, or iteration behavior.	19-collections-framework/theory/05-concurrenthashmap-concepts.md | https://docs.oracle.com/javase/tutorial/collections/	java::core::collections-framework
collections_framework-cloze-072	A strong review of {{c1::SortedMap}} should include meaning, use case, and one common confusion.	`Map<String, Integer> scores = new HashMap<>();` maps keys to values.	19-collections-framework/theory/05-concurrenthashmap-concepts.md | https://docs.oracle.com/javase/tutorial/collections/	java::core::collections-framework
collections_framework-cloze-073	In Collections Framework, {{c1::NavigableMap}} is a concept you should define, apply, and connect to common mistakes.	It matters because choosing the wrong data structure changes correctness, performance, and duplicate-handling behavior. A common confusion is memorizing class names without knowing lookup order, equality rules, or iteration behavior.	19-collections-framework/theory/05-concurrenthashmap-concepts.md | https://docs.oracle.com/javase/tutorial/collections/	java::core::collections-framework
collections_framework-cloze-074	A strong review of {{c1::NavigableMap}} should include meaning, use case, and one common confusion.	`Map<String, Integer> scores = new HashMap<>();` maps keys to values.	19-collections-framework/theory/05-concurrenthashmap-concepts.md | https://docs.oracle.com/javase/tutorial/collections/	java::core::collections-framework
collections_framework-cloze-075	In Collections Framework, {{c1::When to use Map?}} is a concept you should define, apply, and connect to common mistakes.	It matters because choosing the wrong data structure changes correctness, performance, and duplicate-handling behavior. A common confusion is memorizing class names without knowing lookup order, equality rules, or iteration behavior.	19-collections-framework/theory/05-concurrenthashmap-concepts.md | https://docs.oracle.com/javase/tutorial/collections/	java::core::collections-framework
collections_framework-cloze-076	A strong review of {{c1::When to use Map?}} should include meaning, use case, and one common confusion.	`Map<String, Integer> scores = new HashMap<>();` maps keys to values.	19-collections-framework/theory/05-concurrenthashmap-concepts.md | https://docs.oracle.com/javase/tutorial/collections/	java::core::collections-framework
collections_framework-cloze-077	In Collections Framework, {{c1::Iterator}} is a concept you should define, apply, and connect to common mistakes.	It matters because choosing the wrong data structure changes correctness, performance, and duplicate-handling behavior. A common confusion is memorizing class names without knowing lookup order, equality rules, or iteration behavior.	19-collections-framework/theory/05-concurrenthashmap-concepts.md | https://docs.oracle.com/javase/tutorial/collections/	java::core::collections-framework
collections_framework-cloze-078	A strong review of {{c1::Iterator}} should include meaning, use case, and one common confusion.	When reading code, ask: what does `Iterator` change, allow, reject, or clarify?	19-collections-framework/theory/05-concurrenthashmap-concepts.md | https://docs.oracle.com/javase/tutorial/collections/	java::core::collections-framework
collections_framework-cloze-079	In Collections Framework, {{c1::ListIterator}} is a concept you should define, apply, and connect to common mistakes.	It matters because choosing the wrong data structure changes correctness, performance, and duplicate-handling behavior. A common confusion is memorizing class names without knowing lookup order, equality rules, or iteration behavior.	19-collections-framework/theory/05-concurrenthashmap-concepts.md | https://docs.oracle.com/javase/tutorial/collections/	java::core::collections-framework
collections_framework-cloze-080	A strong review of {{c1::ListIterator}} should include meaning, use case, and one common confusion.	`List<String> names = new ArrayList<>();` stores ordered elements.	19-collections-framework/theory/05-concurrenthashmap-concepts.md | https://docs.oracle.com/javase/tutorial/collections/	java::core::collections-framework
collections_framework-cloze-081	In Collections Framework, {{c1::Fail-fast iterator}} is a concept you should define, apply, and connect to common mistakes.	It matters because choosing the wrong data structure changes correctness, performance, and duplicate-handling behavior. A common confusion is memorizing class names without knowing lookup order, equality rules, or iteration behavior.	19-collections-framework/theory/06-fail-fast-iterator-concepts.md | https://docs.oracle.com/javase/tutorial/collections/	java::core::collections-framework
collections_framework-cloze-082	A strong review of {{c1::Fail-fast iterator}} should include meaning, use case, and one common confusion.	When reading code, ask: what does `Fail-fast iterator` change, allow, reject, or clarify?	19-collections-framework/theory/06-fail-fast-iterator-concepts.md | https://docs.oracle.com/javase/tutorial/collections/	java::core::collections-framework
collections_framework-cloze-083	In Collections Framework, {{c1::Fail-safe iterator}} is a concept you should define, apply, and connect to common mistakes.	It matters because choosing the wrong data structure changes correctness, performance, and duplicate-handling behavior. A common confusion is memorizing class names without knowing lookup order, equality rules, or iteration behavior.	19-collections-framework/theory/06-fail-fast-iterator-concepts.md | https://docs.oracle.com/javase/tutorial/collections/	java::core::collections-framework
collections_framework-cloze-084	A strong review of {{c1::Fail-safe iterator}} should include meaning, use case, and one common confusion.	When reading code, ask: what does `Fail-safe iterator` change, allow, reject, or clarify?	19-collections-framework/theory/06-fail-fast-iterator-concepts.md | https://docs.oracle.com/javase/tutorial/collections/	java::core::collections-framework
collections_framework-cloze-085	In Collections Framework, {{c1::ConcurrentModificationException}} is a concept you should define, apply, and connect to common mistakes.	It matters because exception behavior decides whether failures are handled locally, propagated, or allowed to stop the program. A common confusion is treating every exception the same instead of separating recoverable conditions from programming bugs.	19-collections-framework/theory/06-fail-fast-iterator-concepts.md | https://docs.oracle.com/javase/tutorial/collections/	java::core::collections-framework
collections_framework-cloze-086	A strong review of {{c1::ConcurrentModificationException}} should include meaning, use case, and one common confusion.	When reading code, ask: what does `ConcurrentModificationException` change, allow, reject, or clarify?	19-collections-framework/theory/06-fail-fast-iterator-concepts.md | https://docs.oracle.com/javase/tutorial/collections/	java::core::collections-framework
collections_framework-cloze-087	In Collections Framework, {{c1::Collections.sort}} is a concept you should define, apply, and connect to common mistakes.	It matters because choosing the wrong data structure changes correctness, performance, and duplicate-handling behavior. A common confusion is memorizing class names without knowing lookup order, equality rules, or iteration behavior.	19-collections-framework/theory/06-fail-fast-iterator-concepts.md | https://docs.oracle.com/javase/tutorial/collections/	java::core::collections-framework
collections_framework-cloze-088	A strong review of {{c1::Collections.sort}} should include meaning, use case, and one common confusion.	When reading code, ask: what does `Collections.sort` change, allow, reject, or clarify?	19-collections-framework/theory/06-fail-fast-iterator-concepts.md | https://docs.oracle.com/javase/tutorial/collections/	java::core::collections-framework
collections_framework-cloze-089	In Collections Framework, {{c1::Collections.reverse}} is a concept you should define, apply, and connect to common mistakes.	It matters because choosing the wrong data structure changes correctness, performance, and duplicate-handling behavior. A common confusion is memorizing class names without knowing lookup order, equality rules, or iteration behavior.	19-collections-framework/theory/06-fail-fast-iterator-concepts.md | https://docs.oracle.com/javase/tutorial/collections/	java::core::collections-framework
collections_framework-cloze-090	A strong review of {{c1::Collections.reverse}} should include meaning, use case, and one common confusion.	When reading code, ask: what does `Collections.reverse` change, allow, reject, or clarify?	19-collections-framework/theory/06-fail-fast-iterator-concepts.md | https://docs.oracle.com/javase/tutorial/collections/	java::core::collections-framework
collections_framework-cloze-091	In Collections Framework, {{c1::Collections.shuffle}} is a concept you should define, apply, and connect to common mistakes.	It matters because choosing the wrong data structure changes correctness, performance, and duplicate-handling behavior. A common confusion is memorizing class names without knowing lookup order, equality rules, or iteration behavior.	19-collections-framework/theory/06-fail-fast-iterator-concepts.md | https://docs.oracle.com/javase/tutorial/collections/	java::core::collections-framework
collections_framework-cloze-092	A strong review of {{c1::Collections.shuffle}} should include meaning, use case, and one common confusion.	When reading code, ask: what does `Collections.shuffle` change, allow, reject, or clarify?	19-collections-framework/theory/06-fail-fast-iterator-concepts.md | https://docs.oracle.com/javase/tutorial/collections/	java::core::collections-framework
collections_framework-cloze-093	In Collections Framework, {{c1::Collections.max}} is a concept you should define, apply, and connect to common mistakes.	It matters because choosing the wrong data structure changes correctness, performance, and duplicate-handling behavior. A common confusion is memorizing class names without knowing lookup order, equality rules, or iteration behavior.	19-collections-framework/theory/06-fail-fast-iterator-concepts.md | https://docs.oracle.com/javase/tutorial/collections/	java::core::collections-framework
collections_framework-cloze-094	A strong review of {{c1::Collections.max}} should include meaning, use case, and one common confusion.	When reading code, ask: what does `Collections.max` change, allow, reject, or clarify?	19-collections-framework/theory/06-fail-fast-iterator-concepts.md | https://docs.oracle.com/javase/tutorial/collections/	java::core::collections-framework
collections_framework-cloze-095	In Collections Framework, {{c1::Collections.min}} is a concept you should define, apply, and connect to common mistakes.	It matters because choosing the wrong data structure changes correctness, performance, and duplicate-handling behavior. A common confusion is memorizing class names without knowing lookup order, equality rules, or iteration behavior.	19-collections-framework/theory/06-fail-fast-iterator-concepts.md | https://docs.oracle.com/javase/tutorial/collections/	java::core::collections-framework
collections_framework-cloze-096	A strong review of {{c1::Collections.min}} should include meaning, use case, and one common confusion.	When reading code, ask: what does `Collections.min` change, allow, reject, or clarify?	19-collections-framework/theory/06-fail-fast-iterator-concepts.md | https://docs.oracle.com/javase/tutorial/collections/	java::core::collections-framework
collections_framework-cloze-097	In Collections Framework, {{c1::Collections.unmodifiableList}} is a concept you should define, apply, and connect to common mistakes.	It matters because choosing the wrong data structure changes correctness, performance, and duplicate-handling behavior. A common confusion is memorizing class names without knowing lookup order, equality rules, or iteration behavior.	19-collections-framework/theory/07-collections-unmodifiablelist-concepts.md | https://docs.oracle.com/javase/tutorial/collections/	java::core::collections-framework
collections_framework-cloze-098	A strong review of {{c1::Collections.unmodifiableList}} should include meaning, use case, and one common confusion.	`List<String> names = new ArrayList<>();` stores ordered elements.	19-collections-framework/theory/07-collections-unmodifiablelist-concepts.md | https://docs.oracle.com/javase/tutorial/collections/	java::core::collections-framework
collections_framework-cloze-099	In Collections Framework, {{c1::Collections.synchronizedList}} is a concept you should define, apply, and connect to common mistakes.	It matters because concurrent code can look correct in single-thread tests but fail under timing pressure. A common confusion is assuming visibility, ordering, and atomicity are the same guarantee.	19-collections-framework/theory/07-collections-unmodifiablelist-concepts.md | https://docs.oracle.com/javase/tutorial/collections/	java::core::collections-framework
collections_framework-cloze-100	A strong review of {{c1::Collections.synchronizedList}} should include meaning, use case, and one common confusion.	`List<String> names = new ArrayList<>();` stores ordered elements.	19-collections-framework/theory/07-collections-unmodifiablelist-concepts.md | https://docs.oracle.com/javase/tutorial/collections/	java::core::collections-framework
collections_framework-cloze-101	In Collections Framework, {{c1::Arrays.sort}} is a concept you should define, apply, and connect to common mistakes.	Use it to predict the exact Java rule, the allowed form, and the failure mode. Review it with a tiny example instead of memorizing only the label.	19-collections-framework/theory/07-collections-unmodifiablelist-concepts.md | https://docs.oracle.com/javase/tutorial/collections/	java::core::collections-framework
collections_framework-cloze-102	A strong review of {{c1::Arrays.sort}} should include meaning, use case, and one common confusion.	When reading code, ask: what does `Arrays.sort` change, allow, reject, or clarify?	19-collections-framework/theory/07-collections-unmodifiablelist-concepts.md | https://docs.oracle.com/javase/tutorial/collections/	java::core::collections-framework
collections_framework-cloze-103	In Collections Framework, {{c1::Arrays.binarySearch}} is a concept you should define, apply, and connect to common mistakes.	Use it to predict the exact Java rule, the allowed form, and the failure mode. Review it with a tiny example instead of memorizing only the label.	19-collections-framework/theory/07-collections-unmodifiablelist-concepts.md | https://docs.oracle.com/javase/tutorial/collections/	java::core::collections-framework
collections_framework-cloze-104	A strong review of {{c1::Arrays.binarySearch}} should include meaning, use case, and one common confusion.	When reading code, ask: what does `Arrays.binarySearch` change, allow, reject, or clarify?	19-collections-framework/theory/07-collections-unmodifiablelist-concepts.md | https://docs.oracle.com/javase/tutorial/collections/	java::core::collections-framework
collections_framework-cloze-105	In Collections Framework, {{c1::Arrays.asList}} is a concept you should define, apply, and connect to common mistakes.	It matters because choosing the wrong data structure changes correctness, performance, and duplicate-handling behavior. A common confusion is memorizing class names without knowing lookup order, equality rules, or iteration behavior.	19-collections-framework/theory/07-collections-unmodifiablelist-concepts.md | https://docs.oracle.com/javase/tutorial/collections/	java::core::collections-framework
collections_framework-cloze-106	A strong review of {{c1::Arrays.asList}} should include meaning, use case, and one common confusion.	`List<String> names = new ArrayList<>();` stores ordered elements.	19-collections-framework/theory/07-collections-unmodifiablelist-concepts.md | https://docs.oracle.com/javase/tutorial/collections/	java::core::collections-framework
collections_framework-cloze-107	In Collections Framework, {{c1::Arrays.copyOf}} is a concept you should define, apply, and connect to common mistakes.	Use it to predict the exact Java rule, the allowed form, and the failure mode. Review it with a tiny example instead of memorizing only the label.	19-collections-framework/theory/07-collections-unmodifiablelist-concepts.md | https://docs.oracle.com/javase/tutorial/collections/	java::core::collections-framework
collections_framework-cloze-108	A strong review of {{c1::Arrays.copyOf}} should include meaning, use case, and one common confusion.	When reading code, ask: what does `Arrays.copyOf` change, allow, reject, or clarify?	19-collections-framework/theory/07-collections-unmodifiablelist-concepts.md | https://docs.oracle.com/javase/tutorial/collections/	java::core::collections-framework
collections_framework-cloze-109	In Collections Framework, {{c1::Arrays.equals}} is a concept you should define, apply, and connect to common mistakes.	Use it to predict the exact Java rule, the allowed form, and the failure mode. Review it with a tiny example instead of memorizing only the label.	19-collections-framework/theory/07-collections-unmodifiablelist-concepts.md | https://docs.oracle.com/javase/tutorial/collections/	java::core::collections-framework
collections_framework-cloze-110	A strong review of {{c1::Arrays.equals}} should include meaning, use case, and one common confusion.	When reading code, ask: what does `Arrays.equals` change, allow, reject, or clarify?	19-collections-framework/theory/07-collections-unmodifiablelist-concepts.md | https://docs.oracle.com/javase/tutorial/collections/	java::core::collections-framework
collections_framework-cloze-111	In Collections Framework, {{c1::Arrays.deepEquals}} is a concept you should define, apply, and connect to common mistakes.	Use it to predict the exact Java rule, the allowed form, and the failure mode. Review it with a tiny example instead of memorizing only the label.	19-collections-framework/theory/07-collections-unmodifiablelist-concepts.md | https://docs.oracle.com/javase/tutorial/collections/	java::core::collections-framework
collections_framework-cloze-112	A strong review of {{c1::Arrays.deepEquals}} should include meaning, use case, and one common confusion.	When reading code, ask: what does `Arrays.deepEquals` change, allow, reject, or clarify?	19-collections-framework/theory/07-collections-unmodifiablelist-concepts.md | https://docs.oracle.com/javase/tutorial/collections/	java::core::collections-framework
collections-framework-aug-cloze-001	{{c1::What is the Collection Framework?}}: A collection is an object that groups multiple elements under a common API	Use this cloze for exact recall, then read the source note for examples. Source: /home/fhu_thjen/projects/learning-java/19-collections-framework/theory/01-what-is-the-collection-framework-concepts.md	/home/fhu_thjen/projects/learning-java/19-collections-framework/theory/01-what-is-the-collection-framework-concepts.md | https://docs.oracle.com/javase/tutorial/collections/	java::core::collections_framework
collections-framework-aug-cloze-002	{{c1::Iterable}}: Iterable is the root traversal contract that allows an object to be used in enhanced for loops	Use this cloze for exact recall, then read the source note for examples. Source: /home/fhu_thjen/projects/learning-java/19-collections-framework/theory/01-what-is-the-collection-framework-concepts.md	/home/fhu_thjen/projects/learning-java/19-collections-framework/theory/01-what-is-the-collection-framework-concepts.md | https://docs.oracle.com/javase/tutorial/collections/	java::core::collections_framework
collections-framework-aug-cloze-003	{{c1::Collection}}: A collection is an object that groups multiple elements under a common API	Use this cloze for exact recall, then read the source note for examples. Source: /home/fhu_thjen/projects/learning-java/19-collections-framework/theory/01-what-is-the-collection-framework-concepts.md	/home/fhu_thjen/projects/learning-java/19-collections-framework/theory/01-what-is-the-collection-framework-concepts.md | https://docs.oracle.com/javase/tutorial/collections/	java::core::collections_framework
collections-framework-aug-cloze-004	{{c1::List}}: A List is an ordered collection that can contain duplicates and supports positional access	Use this cloze for exact recall, then read the source note for examples. Source: /home/fhu_thjen/projects/learning-java/19-collections-framework/theory/01-what-is-the-collection-framework-concepts.md	/home/fhu_thjen/projects/learning-java/19-collections-framework/theory/01-what-is-the-collection-framework-concepts.md | https://docs.oracle.com/javase/tutorial/collections/	java::core::collections_framework
collections-framework-aug-cloze-005	{{c1::Set}}: A Set is a collection that rejects duplicates according to equality rules	Use this cloze for exact recall, then read the source note for examples. Source: /home/fhu_thjen/projects/learning-java/19-collections-framework/theory/01-what-is-the-collection-framework-concepts.md	/home/fhu_thjen/projects/learning-java/19-collections-framework/theory/01-what-is-the-collection-framework-concepts.md | https://docs.oracle.com/javase/tutorial/collections/	java::core::collections_framework
collections-framework-aug-cloze-006	{{c1::Queue}}: Queue represents a collection designed for holding elements before processing, usually FIFO	Use this cloze for exact recall, then read the source note for examples. Source: /home/fhu_thjen/projects/learning-java/19-collections-framework/theory/01-what-is-the-collection-framework-concepts.md	/home/fhu_thjen/projects/learning-java/19-collections-framework/theory/01-what-is-the-collection-framework-concepts.md | https://docs.oracle.com/javase/tutorial/collections/	java::core::collections_framework
collections-framework-aug-cloze-007	{{c1::Deque}}: Deque is a double-ended queue that supports insertion and removal at both ends	Use this cloze for exact recall, then read the source note for examples. Source: /home/fhu_thjen/projects/learning-java/19-collections-framework/theory/01-what-is-the-collection-framework-concepts.md	/home/fhu_thjen/projects/learning-java/19-collections-framework/theory/01-what-is-the-collection-framework-concepts.md | https://docs.oracle.com/javase/tutorial/collections/	java::core::collections_framework
collections-framework-aug-cloze-008	{{c1::Map}}: A Map stores key-value pairs and retrieves values by key	Use this cloze for exact recall, then read the source note for examples. Source: /home/fhu_thjen/projects/learning-java/19-collections-framework/theory/01-what-is-the-collection-framework-concepts.md	/home/fhu_thjen/projects/learning-java/19-collections-framework/theory/01-what-is-the-collection-framework-concepts.md | https://docs.oracle.com/javase/tutorial/collections/	java::core::collections_framework
collections-framework-aug-cloze-009	{{c1::ArrayList}}: A List is an ordered collection that can contain duplicates and supports positional access	Use this cloze for exact recall, then read the source note for examples. Source: /home/fhu_thjen/projects/learning-java/19-collections-framework/theory/02-arraylist-concepts.md	/home/fhu_thjen/projects/learning-java/19-collections-framework/theory/02-arraylist-concepts.md | https://docs.oracle.com/javase/tutorial/collections/	java::core::collections_framework
collections-framework-aug-cloze-010	{{c1::LinkedList}}: A List is an ordered collection that can contain duplicates and supports positional access	Use this cloze for exact recall, then read the source note for examples. Source: /home/fhu_thjen/projects/learning-java/19-collections-framework/theory/02-arraylist-concepts.md	/home/fhu_thjen/projects/learning-java/19-collections-framework/theory/02-arraylist-concepts.md | https://docs.oracle.com/javase/tutorial/collections/	java::core::collections_framework
collections-framework-aug-cloze-011	{{c1::Vector}}: Tiny example or mental model:	Use this cloze for exact recall, then read the source note for examples. Source: /home/fhu_thjen/projects/learning-java/19-collections-framework/theory/02-arraylist-concepts.md	/home/fhu_thjen/projects/learning-java/19-collections-framework/theory/02-arraylist-concepts.md | https://docs.oracle.com/javase/tutorial/collections/	java::core::collections_framework
collections-framework-aug-cloze-012	{{c1::Stack}}: Stack stores method frames, local variables, and call flow for each thread	Use this cloze for exact recall, then read the source note for examples. Source: /home/fhu_thjen/projects/learning-java/19-collections-framework/theory/02-arraylist-concepts.md	/home/fhu_thjen/projects/learning-java/19-collections-framework/theory/02-arraylist-concepts.md | https://docs.oracle.com/javase/tutorial/collections/	java::core::collections_framework
collections-framework-aug-cloze-013	{{c1::Comparing ArrayList and LinkedList}}: A List is an ordered collection that can contain duplicates and supports positional access	Use this cloze for exact recall, then read the source note for examples. Source: /home/fhu_thjen/projects/learning-java/19-collections-framework/theory/02-arraylist-concepts.md	/home/fhu_thjen/projects/learning-java/19-collections-framework/theory/02-arraylist-concepts.md | https://docs.oracle.com/javase/tutorial/collections/	java::core::collections_framework
collections-framework-aug-cloze-014	{{c1::When to use List?}}: A List is an ordered collection that can contain duplicates and supports positional access	Use this cloze for exact recall, then read the source note for examples. Source: /home/fhu_thjen/projects/learning-java/19-collections-framework/theory/02-arraylist-concepts.md	/home/fhu_thjen/projects/learning-java/19-collections-framework/theory/02-arraylist-concepts.md | https://docs.oracle.com/javase/tutorial/collections/	java::core::collections_framework
collections-framework-aug-cloze-015	{{c1::HashSet}}: A Set is a collection that rejects duplicates according to equality rules	Use this cloze for exact recall, then read the source note for examples. Source: /home/fhu_thjen/projects/learning-java/19-collections-framework/theory/02-arraylist-concepts.md	/home/fhu_thjen/projects/learning-java/19-collections-framework/theory/02-arraylist-concepts.md | https://docs.oracle.com/javase/tutorial/collections/	java::core::collections_framework
collections-framework-aug-cloze-016	{{c1::LinkedHashSet}}: A Set is a collection that rejects duplicates according to equality rules	Use this cloze for exact recall, then read the source note for examples. Source: /home/fhu_thjen/projects/learning-java/19-collections-framework/theory/02-arraylist-concepts.md	/home/fhu_thjen/projects/learning-java/19-collections-framework/theory/02-arraylist-concepts.md | https://docs.oracle.com/javase/tutorial/collections/	java::core::collections_framework
collections-framework-aug-cloze-017	{{c1::TreeSet}}: A Set is a collection that rejects duplicates according to equality rules	Use this cloze for exact recall, then read the source note for examples. Source: /home/fhu_thjen/projects/learning-java/19-collections-framework/theory/03-treeset-concepts.md	/home/fhu_thjen/projects/learning-java/19-collections-framework/theory/03-treeset-concepts.md | https://docs.oracle.com/javase/tutorial/collections/	java::core::collections_framework
collections-framework-aug-cloze-018	{{c1::SortedSet}}: A Set is a collection that rejects duplicates according to equality rules	Use this cloze for exact recall, then read the source note for examples. Source: /home/fhu_thjen/projects/learning-java/19-collections-framework/theory/03-treeset-concepts.md	/home/fhu_thjen/projects/learning-java/19-collections-framework/theory/03-treeset-concepts.md | https://docs.oracle.com/javase/tutorial/collections/	java::core::collections_framework
collections-framework-aug-cloze-019	{{c1::NavigableSet}}: A Set is a collection that rejects duplicates according to equality rules	Use this cloze for exact recall, then read the source note for examples. Source: /home/fhu_thjen/projects/learning-java/19-collections-framework/theory/03-treeset-concepts.md	/home/fhu_thjen/projects/learning-java/19-collections-framework/theory/03-treeset-concepts.md | https://docs.oracle.com/javase/tutorial/collections/	java::core::collections_framework
collections-framework-aug-cloze-020	{{c1::When to use Set?}}: A Set is a collection that rejects duplicates according to equality rules	Use this cloze for exact recall, then read the source note for examples. Source: /home/fhu_thjen/projects/learning-java/19-collections-framework/theory/03-treeset-concepts.md	/home/fhu_thjen/projects/learning-java/19-collections-framework/theory/03-treeset-concepts.md | https://docs.oracle.com/javase/tutorial/collections/	java::core::collections_framework
collections-framework-aug-cloze-021	{{c1::Duplicate removal mechanism}}: Tiny example or mental model:	Use this cloze for exact recall, then read the source note for examples. Source: /home/fhu_thjen/projects/learning-java/19-collections-framework/theory/03-treeset-concepts.md	/home/fhu_thjen/projects/learning-java/19-collections-framework/theory/03-treeset-concepts.md | https://docs.oracle.com/javase/tutorial/collections/	java::core::collections_framework
collections-framework-aug-cloze-022	{{c1::Role of equals() and hashCode()}}: equals() defines logical equality between objects	Use this cloze for exact recall, then read the source note for examples. Source: /home/fhu_thjen/projects/learning-java/19-collections-framework/theory/03-treeset-concepts.md	/home/fhu_thjen/projects/learning-java/19-collections-framework/theory/03-treeset-concepts.md | https://docs.oracle.com/javase/tutorial/collections/	java::core::collections_framework
collections-framework-aug-cloze-023	{{c1::PriorityQueue}}: PriorityQueue removes elements by priority rather than insertion order	Use this cloze for exact recall, then read the source note for examples. Source: /home/fhu_thjen/projects/learning-java/19-collections-framework/theory/03-treeset-concepts.md	/home/fhu_thjen/projects/learning-java/19-collections-framework/theory/03-treeset-concepts.md | https://docs.oracle.com/javase/tutorial/collections/	java::core::collections_framework
collections-framework-aug-cloze-024	{{c1::ArrayDeque}}: ArrayDeque is a resizable-array Deque often preferred for stack or queue behavior	Use this cloze for exact recall, then read the source note for examples. Source: /home/fhu_thjen/projects/learning-java/19-collections-framework/theory/03-treeset-concepts.md	/home/fhu_thjen/projects/learning-java/19-collections-framework/theory/03-treeset-concepts.md | https://docs.oracle.com/javase/tutorial/collections/	java::core::collections_framework
collections-framework-aug-cloze-025	{{c1::LinkedList as Queue}}: A List is an ordered collection that can contain duplicates and supports positional access	Use this cloze for exact recall, then read the source note for examples. Source: /home/fhu_thjen/projects/learning-java/19-collections-framework/theory/04-linkedlist-as-queue-concepts.md	/home/fhu_thjen/projects/learning-java/19-collections-framework/theory/04-linkedlist-as-queue-concepts.md | https://docs.oracle.com/javase/tutorial/collections/	java::core::collections_framework
collections-framework-aug-cloze-026	{{c1::FIFO}}: Tiny example or mental model:	Use this cloze for exact recall, then read the source note for examples. Source: /home/fhu_thjen/projects/learning-java/19-collections-framework/theory/04-linkedlist-as-queue-concepts.md	/home/fhu_thjen/projects/learning-java/19-collections-framework/theory/04-linkedlist-as-queue-concepts.md | https://docs.oracle.com/javase/tutorial/collections/	java::core::collections_framework
collections-framework-aug-cloze-027	{{c1::LIFO}}: Tiny example or mental model:	Use this cloze for exact recall, then read the source note for examples. Source: /home/fhu_thjen/projects/learning-java/19-collections-framework/theory/04-linkedlist-as-queue-concepts.md	/home/fhu_thjen/projects/learning-java/19-collections-framework/theory/04-linkedlist-as-queue-concepts.md | https://docs.oracle.com/javase/tutorial/collections/	java::core::collections_framework
collections-framework-aug-cloze-028	{{c1::Priority queue}}: Tiny example or mental model:	Use this cloze for exact recall, then read the source note for examples. Source: /home/fhu_thjen/projects/learning-java/19-collections-framework/theory/04-linkedlist-as-queue-concepts.md	/home/fhu_thjen/projects/learning-java/19-collections-framework/theory/04-linkedlist-as-queue-concepts.md | https://docs.oracle.com/javase/tutorial/collections/	java::core::collections_framework
collections-framework-aug-cloze-029	{{c1::HashMap}}: A Map stores key-value pairs and retrieves values by key	Use this cloze for exact recall, then read the source note for examples. Source: /home/fhu_thjen/projects/learning-java/19-collections-framework/theory/04-linkedlist-as-queue-concepts.md	/home/fhu_thjen/projects/learning-java/19-collections-framework/theory/04-linkedlist-as-queue-concepts.md | https://docs.oracle.com/javase/tutorial/collections/	java::core::collections_framework
collections-framework-aug-cloze-030	{{c1::LinkedHashMap}}: A Map stores key-value pairs and retrieves values by key	Use this cloze for exact recall, then read the source note for examples. Source: /home/fhu_thjen/projects/learning-java/19-collections-framework/theory/04-linkedlist-as-queue-concepts.md	/home/fhu_thjen/projects/learning-java/19-collections-framework/theory/04-linkedlist-as-queue-concepts.md | https://docs.oracle.com/javase/tutorial/collections/	java::core::collections_framework
collections-framework-aug-cloze-031	{{c1::TreeMap}}: A Map stores key-value pairs and retrieves values by key	Use this cloze for exact recall, then read the source note for examples. Source: /home/fhu_thjen/projects/learning-java/19-collections-framework/theory/04-linkedlist-as-queue-concepts.md	/home/fhu_thjen/projects/learning-java/19-collections-framework/theory/04-linkedlist-as-queue-concepts.md | https://docs.oracle.com/javase/tutorial/collections/	java::core::collections_framework
collections-framework-aug-cloze-032	{{c1::Hashtable}}: Hashtable is a legacy synchronized Map generally replaced by modern alternatives	Use this cloze for exact recall, then read the source note for examples. Source: /home/fhu_thjen/projects/learning-java/19-collections-framework/theory/04-linkedlist-as-queue-concepts.md	/home/fhu_thjen/projects/learning-java/19-collections-framework/theory/04-linkedlist-as-queue-concepts.md | https://docs.oracle.com/javase/tutorial/collections/	java::core::collections_framework
collections-framework-aug-cloze-033	{{c1::ConcurrentHashMap}}: A Map stores key-value pairs and retrieves values by key	Use this cloze for exact recall, then read the source note for examples. Source: /home/fhu_thjen/projects/learning-java/19-collections-framework/theory/05-concurrenthashmap-concepts.md	/home/fhu_thjen/projects/learning-java/19-collections-framework/theory/05-concurrenthashmap-concepts.md | https://docs.oracle.com/javase/tutorial/collections/	java::core::collections_framework
collections-framework-aug-cloze-034	{{c1::WeakHashMap}}: A Map stores key-value pairs and retrieves values by key	Use this cloze for exact recall, then read the source note for examples. Source: /home/fhu_thjen/projects/learning-java/19-collections-framework/theory/05-concurrenthashmap-concepts.md	/home/fhu_thjen/projects/learning-java/19-collections-framework/theory/05-concurrenthashmap-concepts.md | https://docs.oracle.com/javase/tutorial/collections/	java::core::collections_framework
collections-framework-aug-cloze-035	{{c1::IdentityHashMap}}: A Map stores key-value pairs and retrieves values by key	Use this cloze for exact recall, then read the source note for examples. Source: /home/fhu_thjen/projects/learning-java/19-collections-framework/theory/05-concurrenthashmap-concepts.md	/home/fhu_thjen/projects/learning-java/19-collections-framework/theory/05-concurrenthashmap-concepts.md | https://docs.oracle.com/javase/tutorial/collections/	java::core::collections_framework
collections-framework-aug-cloze-036	{{c1::SortedMap}}: A Map stores key-value pairs and retrieves values by key	Use this cloze for exact recall, then read the source note for examples. Source: /home/fhu_thjen/projects/learning-java/19-collections-framework/theory/05-concurrenthashmap-concepts.md	/home/fhu_thjen/projects/learning-java/19-collections-framework/theory/05-concurrenthashmap-concepts.md | https://docs.oracle.com/javase/tutorial/collections/	java::core::collections_framework
collections-framework-aug-cloze-037	{{c1::NavigableMap}}: A Map stores key-value pairs and retrieves values by key	Use this cloze for exact recall, then read the source note for examples. Source: /home/fhu_thjen/projects/learning-java/19-collections-framework/theory/05-concurrenthashmap-concepts.md	/home/fhu_thjen/projects/learning-java/19-collections-framework/theory/05-concurrenthashmap-concepts.md | https://docs.oracle.com/javase/tutorial/collections/	java::core::collections_framework
collections-framework-aug-cloze-038	{{c1::When to use Map?}}: A Map stores key-value pairs and retrieves values by key	Use this cloze for exact recall, then read the source note for examples. Source: /home/fhu_thjen/projects/learning-java/19-collections-framework/theory/05-concurrenthashmap-concepts.md	/home/fhu_thjen/projects/learning-java/19-collections-framework/theory/05-concurrenthashmap-concepts.md | https://docs.oracle.com/javase/tutorial/collections/	java::core::collections_framework
collections-framework-aug-cloze-039	{{c1::Iterator}}: An Iterator traverses a collection while hiding its internal representation	Use this cloze for exact recall, then read the source note for examples. Source: /home/fhu_thjen/projects/learning-java/19-collections-framework/theory/05-concurrenthashmap-concepts.md	/home/fhu_thjen/projects/learning-java/19-collections-framework/theory/05-concurrenthashmap-concepts.md | https://docs.oracle.com/javase/tutorial/collections/	java::core::collections_framework
collections-framework-aug-cloze-040	{{c1::ListIterator}}: A List is an ordered collection that can contain duplicates and supports positional access	Use this cloze for exact recall, then read the source note for examples. Source: /home/fhu_thjen/projects/learning-java/19-collections-framework/theory/05-concurrenthashmap-concepts.md	/home/fhu_thjen/projects/learning-java/19-collections-framework/theory/05-concurrenthashmap-concepts.md | https://docs.oracle.com/javase/tutorial/collections/	java::core::collections_framework
collections-framework-aug-cloze-041	{{c1::Fail-fast iterator}}: An Iterator traverses a collection while hiding its internal representation	Use this cloze for exact recall, then read the source note for examples. Source: /home/fhu_thjen/projects/learning-java/19-collections-framework/theory/06-fail-fast-iterator-concepts.md	/home/fhu_thjen/projects/learning-java/19-collections-framework/theory/06-fail-fast-iterator-concepts.md | https://docs.oracle.com/javase/tutorial/collections/	java::core::collections_framework
collections-framework-aug-cloze-042	{{c1::Fail-safe iterator}}: An Iterator traverses a collection while hiding its internal representation	Use this cloze for exact recall, then read the source note for examples. Source: /home/fhu_thjen/projects/learning-java/19-collections-framework/theory/06-fail-fast-iterator-concepts.md	/home/fhu_thjen/projects/learning-java/19-collections-framework/theory/06-fail-fast-iterator-concepts.md | https://docs.oracle.com/javase/tutorial/collections/	java::core::collections_framework
collections-framework-aug-cloze-043	{{c1::ConcurrentModificationException}}: An exception represents an abnormal condition that a program may catch or propagate	Use this cloze for exact recall, then read the source note for examples. Source: /home/fhu_thjen/projects/learning-java/19-collections-framework/theory/06-fail-fast-iterator-concepts.md	/home/fhu_thjen/projects/learning-java/19-collections-framework/theory/06-fail-fast-iterator-concepts.md | https://docs.oracle.com/javase/tutorial/collections/	java::core::collections_framework
collections-framework-aug-cloze-044	{{c1::Collections.sort}}: A collection is an object that groups multiple elements under a common API	Use this cloze for exact recall, then read the source note for examples. Source: /home/fhu_thjen/projects/learning-java/19-collections-framework/theory/06-fail-fast-iterator-concepts.md	/home/fhu_thjen/projects/learning-java/19-collections-framework/theory/06-fail-fast-iterator-concepts.md | https://docs.oracle.com/javase/tutorial/collections/	java::core::collections_framework
collections-framework-aug-cloze-045	{{c1::Collections.reverse}}: A collection is an object that groups multiple elements under a common API	Use this cloze for exact recall, then read the source note for examples. Source: /home/fhu_thjen/projects/learning-java/19-collections-framework/theory/06-fail-fast-iterator-concepts.md	/home/fhu_thjen/projects/learning-java/19-collections-framework/theory/06-fail-fast-iterator-concepts.md | https://docs.oracle.com/javase/tutorial/collections/	java::core::collections_framework
collections-framework-aug-cloze-046	{{c1::Collections.shuffle}}: A collection is an object that groups multiple elements under a common API	Use this cloze for exact recall, then read the source note for examples. Source: /home/fhu_thjen/projects/learning-java/19-collections-framework/theory/06-fail-fast-iterator-concepts.md	/home/fhu_thjen/projects/learning-java/19-collections-framework/theory/06-fail-fast-iterator-concepts.md | https://docs.oracle.com/javase/tutorial/collections/	java::core::collections_framework
collections-framework-aug-cloze-047	{{c1::Collections.max}}: A collection is an object that groups multiple elements under a common API	Use this cloze for exact recall, then read the source note for examples. Source: /home/fhu_thjen/projects/learning-java/19-collections-framework/theory/06-fail-fast-iterator-concepts.md	/home/fhu_thjen/projects/learning-java/19-collections-framework/theory/06-fail-fast-iterator-concepts.md | https://docs.oracle.com/javase/tutorial/collections/	java::core::collections_framework
collections-framework-aug-cloze-048	{{c1::Collections.min}}: A collection is an object that groups multiple elements under a common API	Use this cloze for exact recall, then read the source note for examples. Source: /home/fhu_thjen/projects/learning-java/19-collections-framework/theory/06-fail-fast-iterator-concepts.md	/home/fhu_thjen/projects/learning-java/19-collections-framework/theory/06-fail-fast-iterator-concepts.md | https://docs.oracle.com/javase/tutorial/collections/	java::core::collections_framework
collections-framework-aug-cloze-049	{{c1::Collections.unmodifiableList}}: A collection is an object that groups multiple elements under a common API	Use this cloze for exact recall, then read the source note for examples. Source: /home/fhu_thjen/projects/learning-java/19-collections-framework/theory/07-collections-unmodifiablelist-concepts.md	/home/fhu_thjen/projects/learning-java/19-collections-framework/theory/07-collections-unmodifiablelist-concepts.md | https://docs.oracle.com/javase/tutorial/collections/	java::core::collections_framework
collections-framework-aug-cloze-050	{{c1::Collections.synchronizedList}}: Synchronized protects a critical section by using a monitor lock	Use this cloze for exact recall, then read the source note for examples. Source: /home/fhu_thjen/projects/learning-java/19-collections-framework/theory/07-collections-unmodifiablelist-concepts.md	/home/fhu_thjen/projects/learning-java/19-collections-framework/theory/07-collections-unmodifiablelist-concepts.md | https://docs.oracle.com/javase/tutorial/collections/	java::core::collections_framework
collections-framework-aug-cloze-051	{{c1::Arrays.sort}}: Tiny example or mental model:	Use this cloze for exact recall, then read the source note for examples. Source: /home/fhu_thjen/projects/learning-java/19-collections-framework/theory/07-collections-unmodifiablelist-concepts.md	/home/fhu_thjen/projects/learning-java/19-collections-framework/theory/07-collections-unmodifiablelist-concepts.md | https://docs.oracle.com/javase/tutorial/collections/	java::core::collections_framework
collections-framework-aug-cloze-052	{{c1::Arrays.binarySearch}}: Tiny example or mental model:	Use this cloze for exact recall, then read the source note for examples. Source: /home/fhu_thjen/projects/learning-java/19-collections-framework/theory/07-collections-unmodifiablelist-concepts.md	/home/fhu_thjen/projects/learning-java/19-collections-framework/theory/07-collections-unmodifiablelist-concepts.md | https://docs.oracle.com/javase/tutorial/collections/	java::core::collections_framework
collections-framework-aug-cloze-053	{{c1::Arrays.asList}}: A List is an ordered collection that can contain duplicates and supports positional access	Use this cloze for exact recall, then read the source note for examples. Source: /home/fhu_thjen/projects/learning-java/19-collections-framework/theory/07-collections-unmodifiablelist-concepts.md	/home/fhu_thjen/projects/learning-java/19-collections-framework/theory/07-collections-unmodifiablelist-concepts.md | https://docs.oracle.com/javase/tutorial/collections/	java::core::collections_framework
collections-framework-aug-cloze-054	{{c1::Arrays.copyOf}}: Tiny example or mental model:	Use this cloze for exact recall, then read the source note for examples. Source: /home/fhu_thjen/projects/learning-java/19-collections-framework/theory/07-collections-unmodifiablelist-concepts.md	/home/fhu_thjen/projects/learning-java/19-collections-framework/theory/07-collections-unmodifiablelist-concepts.md | https://docs.oracle.com/javase/tutorial/collections/	java::core::collections_framework
collections-framework-aug-cloze-055	{{c1::Arrays.equals}}: equals() defines logical equality between objects	Use this cloze for exact recall, then read the source note for examples. Source: /home/fhu_thjen/projects/learning-java/19-collections-framework/theory/07-collections-unmodifiablelist-concepts.md	/home/fhu_thjen/projects/learning-java/19-collections-framework/theory/07-collections-unmodifiablelist-concepts.md | https://docs.oracle.com/javase/tutorial/collections/	java::core::collections_framework
collections-framework-aug-cloze-056	{{c1::Arrays.deepEquals}}: equals() defines logical equality between objects	Use this cloze for exact recall, then read the source note for examples. Source: /home/fhu_thjen/projects/learning-java/19-collections-framework/theory/07-collections-unmodifiablelist-concepts.md	/home/fhu_thjen/projects/learning-java/19-collections-framework/theory/07-collections-unmodifiablelist-concepts.md | https://docs.oracle.com/javase/tutorial/collections/	java::core::collections_framework
collections-framework-aug-cloze-057	{{c1::What should you know about What is the Collection Framework? in Collections Framework?}}: A collection is an object that groups multiple elements under a common API	Use this cloze for exact recall, then read the source note for examples. Source: 19-collections-framework/theory/01-what-is-the-collection-framework-concepts.md	19-collections-framework/theory/01-what-is-the-collection-framework-concepts.md | https://docs.oracle.com/javase/tutorial/collections/	java::core::collections_framework
collections-framework-aug-cloze-058	{{c1::Why does What is the Collection Framework? matter in Java?}}: It matters because choosing the wrong data structure changes correctness, performance, and duplicate-handling behavior. A common confusion is memorizing class names without knowing lookup order, equality rules, or iteration behavior	Use this cloze for exact recall, then read the source note for examples. Source: 19-collections-framework/theory/01-what-is-the-collection-framework-concepts.md	19-collections-framework/theory/01-what-is-the-collection-framework-concepts.md | https://docs.oracle.com/javase/tutorial/collections/	java::core::collections_framework
collections-framework-aug-cloze-059	{{c1::What should you know about Collection in Collections Framework?}}: A collection is an object that groups multiple elements under a common API	Use this cloze for exact recall, then read the source note for examples. Source: 19-collections-framework/theory/01-what-is-the-collection-framework-concepts.md	19-collections-framework/theory/01-what-is-the-collection-framework-concepts.md | https://docs.oracle.com/javase/tutorial/collections/	java::core::collections_framework
collections-framework-aug-cloze-060	{{c1::Why does Collection matter in Java?}}: It matters because choosing the wrong data structure changes correctness, performance, and duplicate-handling behavior. A common confusion is memorizing class names without knowing lookup order, equality rules, or iteration behavior	Use this cloze for exact recall, then read the source note for examples. Source: 19-collections-framework/theory/01-what-is-the-collection-framework-concepts.md	19-collections-framework/theory/01-what-is-the-collection-framework-concepts.md | https://docs.oracle.com/javase/tutorial/collections/	java::core::collections_framework
collections-framework-aug-cloze-061	{{c1::What should you know about List in Collections Framework?}}: A List is an ordered collection that can contain duplicates and supports positional access	Use this cloze for exact recall, then read the source note for examples. Source: 19-collections-framework/theory/01-what-is-the-collection-framework-concepts.md	19-collections-framework/theory/01-what-is-the-collection-framework-concepts.md | https://docs.oracle.com/javase/tutorial/collections/	java::core::collections_framework
collections-framework-aug-cloze-062	{{c1::Why does List matter in Java?}}: It matters because choosing the wrong data structure changes correctness, performance, and duplicate-handling behavior. A common confusion is memorizing class names without knowing lookup order, equality rules, or iteration behavior	Use this cloze for exact recall, then read the source note for examples. Source: 19-collections-framework/theory/01-what-is-the-collection-framework-concepts.md	19-collections-framework/theory/01-what-is-the-collection-framework-concepts.md | https://docs.oracle.com/javase/tutorial/collections/	java::core::collections_framework
collections-framework-aug-cloze-063	{{c1::What should you know about Set in Collections Framework?}}: A Set is a collection that rejects duplicates according to equality rules	Use this cloze for exact recall, then read the source note for examples. Source: 19-collections-framework/theory/01-what-is-the-collection-framework-concepts.md	19-collections-framework/theory/01-what-is-the-collection-framework-concepts.md | https://docs.oracle.com/javase/tutorial/collections/	java::core::collections_framework
collections-framework-aug-cloze-064	{{c1::Why does Set matter in Java?}}: It matters because choosing the wrong data structure changes correctness, performance, and duplicate-handling behavior. A common confusion is memorizing class names without knowing lookup order, equality rules, or iteration behavior	Use this cloze for exact recall, then read the source note for examples. Source: 19-collections-framework/theory/01-what-is-the-collection-framework-concepts.md	19-collections-framework/theory/01-what-is-the-collection-framework-concepts.md | https://docs.oracle.com/javase/tutorial/collections/	java::core::collections_framework
collections-framework-aug-cloze-065	{{c1::What should you know about Map in Collections Framework?}}: A Map stores key-value pairs and retrieves values by key	Use this cloze for exact recall, then read the source note for examples. Source: 19-collections-framework/theory/01-what-is-the-collection-framework-concepts.md	19-collections-framework/theory/01-what-is-the-collection-framework-concepts.md | https://docs.oracle.com/javase/tutorial/collections/	java::core::collections_framework
collections-framework-aug-cloze-066	{{c1::Why does Map matter in Java?}}: It matters because choosing the wrong data structure changes correctness, performance, and duplicate-handling behavior. A common confusion is memorizing class names without knowing lookup order, equality rules, or iteration behavior	Use this cloze for exact recall, then read the source note for examples. Source: 19-collections-framework/theory/01-what-is-the-collection-framework-concepts.md	19-collections-framework/theory/01-what-is-the-collection-framework-concepts.md | https://docs.oracle.com/javase/tutorial/collections/	java::core::collections_framework
collections-framework-aug-cloze-067	{{c1::What should you know about ArrayList in Collections Framework?}}: A List is an ordered collection that can contain duplicates and supports positional access	Use this cloze for exact recall, then read the source note for examples. Source: 19-collections-framework/theory/02-arraylist-concepts.md	19-collections-framework/theory/02-arraylist-concepts.md | https://docs.oracle.com/javase/tutorial/collections/	java::core::collections_framework
collections-framework-aug-cloze-068	{{c1::Why does ArrayList matter in Java?}}: It matters because choosing the wrong data structure changes correctness, performance, and duplicate-handling behavior. A common confusion is memorizing class names without knowing lookup order, equality rules, or iteration behavior	Use this cloze for exact recall, then read the source note for examples. Source: 19-collections-framework/theory/02-arraylist-concepts.md	19-collections-framework/theory/02-arraylist-concepts.md | https://docs.oracle.com/javase/tutorial/collections/	java::core::collections_framework
collections-framework-aug-cloze-069	{{c1::What should you know about LinkedList in Collections Framework?}}: A List is an ordered collection that can contain duplicates and supports positional access	Use this cloze for exact recall, then read the source note for examples. Source: 19-collections-framework/theory/02-arraylist-concepts.md	19-collections-framework/theory/02-arraylist-concepts.md | https://docs.oracle.com/javase/tutorial/collections/	java::core::collections_framework
collections-framework-aug-cloze-070	{{c1::Why does LinkedList matter in Java?}}: It matters because choosing the wrong data structure changes correctness, performance, and duplicate-handling behavior. A common confusion is memorizing class names without knowing lookup order, equality rules, or iteration behavior	Use this cloze for exact recall, then read the source note for examples. Source: 19-collections-framework/theory/02-arraylist-concepts.md	19-collections-framework/theory/02-arraylist-concepts.md | https://docs.oracle.com/javase/tutorial/collections/	java::core::collections_framework
collections-framework-aug-cloze-071	{{c1::What should you know about Stack in Collections Framework?}}: Stack stores method frames, local variables, and call flow for each thread	Use this cloze for exact recall, then read the source note for examples. Source: 19-collections-framework/theory/02-arraylist-concepts.md	19-collections-framework/theory/02-arraylist-concepts.md | https://docs.oracle.com/javase/tutorial/collections/	java::core::collections_framework
collections-framework-aug-cloze-072	{{c1::Why does Stack matter in Java?}}: It matters because runtime behavior explains performance, memory errors, startup behavior, and many interview questions. A common confusion is mixing compile-time concepts with JVM runtime services	Use this cloze for exact recall, then read the source note for examples. Source: 19-collections-framework/theory/02-arraylist-concepts.md	19-collections-framework/theory/02-arraylist-concepts.md | https://docs.oracle.com/javase/tutorial/collections/	java::core::collections_framework
collections-framework-aug-cloze-073	{{c1::What should you know about Comparing ArrayList and LinkedList in Collections Framework?}}: A List is an ordered collection that can contain duplicates and supports positional access	Use this cloze for exact recall, then read the source note for examples. Source: 19-collections-framework/theory/02-arraylist-concepts.md	19-collections-framework/theory/02-arraylist-concepts.md | https://docs.oracle.com/javase/tutorial/collections/	java::core::collections_framework
collections-framework-aug-cloze-074	{{c1::Why does Comparing ArrayList and LinkedList matter in Java?}}: It matters because choosing the wrong data structure changes correctness, performance, and duplicate-handling behavior. A common confusion is memorizing class names without knowing lookup order, equality rules, or iteration behavior	Use this cloze for exact recall, then read the source note for examples. Source: 19-collections-framework/theory/02-arraylist-concepts.md	19-collections-framework/theory/02-arraylist-concepts.md | https://docs.oracle.com/javase/tutorial/collections/	java::core::collections_framework
collections-framework-aug-cloze-075	{{c1::What should you know about When to use List? in Collections Framework?}}: A List is an ordered collection that can contain duplicates and supports positional access	Use this cloze for exact recall, then read the source note for examples. Source: 19-collections-framework/theory/02-arraylist-concepts.md	19-collections-framework/theory/02-arraylist-concepts.md | https://docs.oracle.com/javase/tutorial/collections/	java::core::collections_framework
collections-framework-aug-cloze-076	{{c1::Why does When to use List? matter in Java?}}: It matters because choosing the wrong data structure changes correctness, performance, and duplicate-handling behavior. A common confusion is memorizing class names without knowing lookup order, equality rules, or iteration behavior	Use this cloze for exact recall, then read the source note for examples. Source: 19-collections-framework/theory/02-arraylist-concepts.md	19-collections-framework/theory/02-arraylist-concepts.md | https://docs.oracle.com/javase/tutorial/collections/	java::core::collections_framework
collections-framework-aug-cloze-077	{{c1::What should you know about HashSet in Collections Framework?}}: A Set is a collection that rejects duplicates according to equality rules	Use this cloze for exact recall, then read the source note for examples. Source: 19-collections-framework/theory/02-arraylist-concepts.md	19-collections-framework/theory/02-arraylist-concepts.md | https://docs.oracle.com/javase/tutorial/collections/	java::core::collections_framework
collections-framework-aug-cloze-078	{{c1::Why does HashSet matter in Java?}}: It matters because choosing the wrong data structure changes correctness, performance, and duplicate-handling behavior. A common confusion is memorizing class names without knowing lookup order, equality rules, or iteration behavior	Use this cloze for exact recall, then read the source note for examples. Source: 19-collections-framework/theory/02-arraylist-concepts.md	19-collections-framework/theory/02-arraylist-concepts.md | https://docs.oracle.com/javase/tutorial/collections/	java::core::collections_framework
collections-framework-aug-cloze-079	{{c1::What should you know about LinkedHashSet in Collections Framework?}}: A Set is a collection that rejects duplicates according to equality rules	Use this cloze for exact recall, then read the source note for examples. Source: 19-collections-framework/theory/02-arraylist-concepts.md	19-collections-framework/theory/02-arraylist-concepts.md | https://docs.oracle.com/javase/tutorial/collections/	java::core::collections_framework
collections-framework-aug-cloze-080	{{c1::Why does LinkedHashSet matter in Java?}}: It matters because choosing the wrong data structure changes correctness, performance, and duplicate-handling behavior. A common confusion is memorizing class names without knowing lookup order, equality rules, or iteration behavior	Use this cloze for exact recall, then read the source note for examples. Source: 19-collections-framework/theory/02-arraylist-concepts.md	19-collections-framework/theory/02-arraylist-concepts.md | https://docs.oracle.com/javase/tutorial/collections/	java::core::collections_framework
collections-framework-aug-cloze-081	{{c1::What should you know about TreeSet in Collections Framework?}}: A Set is a collection that rejects duplicates according to equality rules	Use this cloze for exact recall, then read the source note for examples. Source: 19-collections-framework/theory/03-treeset-concepts.md	19-collections-framework/theory/03-treeset-concepts.md | https://docs.oracle.com/javase/tutorial/collections/	java::core::collections_framework
collections-framework-aug-cloze-082	{{c1::Why does TreeSet matter in Java?}}: It matters because choosing the wrong data structure changes correctness, performance, and duplicate-handling behavior. A common confusion is memorizing class names without knowing lookup order, equality rules, or iteration behavior	Use this cloze for exact recall, then read the source note for examples. Source: 19-collections-framework/theory/03-treeset-concepts.md	19-collections-framework/theory/03-treeset-concepts.md | https://docs.oracle.com/javase/tutorial/collections/	java::core::collections_framework
collections-framework-aug-cloze-083	{{c1::What should you know about SortedSet in Collections Framework?}}: A Set is a collection that rejects duplicates according to equality rules	Use this cloze for exact recall, then read the source note for examples. Source: 19-collections-framework/theory/03-treeset-concepts.md	19-collections-framework/theory/03-treeset-concepts.md | https://docs.oracle.com/javase/tutorial/collections/	java::core::collections_framework
collections-framework-aug-cloze-084	{{c1::Why does SortedSet matter in Java?}}: It matters because choosing the wrong data structure changes correctness, performance, and duplicate-handling behavior. A common confusion is memorizing class names without knowing lookup order, equality rules, or iteration behavior	Use this cloze for exact recall, then read the source note for examples. Source: 19-collections-framework/theory/03-treeset-concepts.md	19-collections-framework/theory/03-treeset-concepts.md | https://docs.oracle.com/javase/tutorial/collections/	java::core::collections_framework
collections-framework-aug-cloze-085	{{c1::What should you know about NavigableSet in Collections Framework?}}: A Set is a collection that rejects duplicates according to equality rules	Use this cloze for exact recall, then read the source note for examples. Source: 19-collections-framework/theory/03-treeset-concepts.md	19-collections-framework/theory/03-treeset-concepts.md | https://docs.oracle.com/javase/tutorial/collections/	java::core::collections_framework
collections-framework-aug-cloze-086	{{c1::Why does NavigableSet matter in Java?}}: It matters because choosing the wrong data structure changes correctness, performance, and duplicate-handling behavior. A common confusion is memorizing class names without knowing lookup order, equality rules, or iteration behavior	Use this cloze for exact recall, then read the source note for examples. Source: 19-collections-framework/theory/03-treeset-concepts.md	19-collections-framework/theory/03-treeset-concepts.md | https://docs.oracle.com/javase/tutorial/collections/	java::core::collections_framework
collections-framework-aug-cloze-087	{{c1::What should you know about When to use Set? in Collections Framework?}}: A Set is a collection that rejects duplicates according to equality rules	Use this cloze for exact recall, then read the source note for examples. Source: 19-collections-framework/theory/03-treeset-concepts.md	19-collections-framework/theory/03-treeset-concepts.md | https://docs.oracle.com/javase/tutorial/collections/	java::core::collections_framework
collections-framework-aug-cloze-088	{{c1::Why does When to use Set? matter in Java?}}: It matters because choosing the wrong data structure changes correctness, performance, and duplicate-handling behavior. A common confusion is memorizing class names without knowing lookup order, equality rules, or iteration behavior	Use this cloze for exact recall, then read the source note for examples. Source: 19-collections-framework/theory/03-treeset-concepts.md	19-collections-framework/theory/03-treeset-concepts.md | https://docs.oracle.com/javase/tutorial/collections/	java::core::collections_framework
collections-framework-aug-cloze-089	{{c1::What should you know about Role of equals() and hashCode() in Collections Framework?}}: equals() defines logical equality between objects	Use this cloze for exact recall, then read the source note for examples. Source: 19-collections-framework/theory/03-treeset-concepts.md	19-collections-framework/theory/03-treeset-concepts.md | https://docs.oracle.com/javase/tutorial/collections/	java::core::collections_framework
collections-framework-aug-cloze-090	{{c1::Why does Role of equals() and hashCode() matter in Java?}}: It matters because choosing the wrong data structure changes correctness, performance, and duplicate-handling behavior. A common confusion is memorizing class names without knowing lookup order, equality rules, or iteration behavior	Use this cloze for exact recall, then read the source note for examples. Source: 19-collections-framework/theory/03-treeset-concepts.md	19-collections-framework/theory/03-treeset-concepts.md | https://docs.oracle.com/javase/tutorial/collections/	java::core::collections_framework
collections-framework-aug-cloze-091	{{c1::What should you know about LinkedList as Queue in Collections Framework?}}: A List is an ordered collection that can contain duplicates and supports positional access	Use this cloze for exact recall, then read the source note for examples. Source: 19-collections-framework/theory/04-linkedlist-as-queue-concepts.md	19-collections-framework/theory/04-linkedlist-as-queue-concepts.md | https://docs.oracle.com/javase/tutorial/collections/	java::core::collections_framework
collections-framework-aug-cloze-092	{{c1::Why does LinkedList as Queue matter in Java?}}: It matters because choosing the wrong data structure changes correctness, performance, and duplicate-handling behavior. A common confusion is memorizing class names without knowing lookup order, equality rules, or iteration behavior	Use this cloze for exact recall, then read the source note for examples. Source: 19-collections-framework/theory/04-linkedlist-as-queue-concepts.md	19-collections-framework/theory/04-linkedlist-as-queue-concepts.md | https://docs.oracle.com/javase/tutorial/collections/	java::core::collections_framework
collections-framework-aug-cloze-093	{{c1::What should you know about HashMap in Collections Framework?}}: A Map stores key-value pairs and retrieves values by key	Use this cloze for exact recall, then read the source note for examples. Source: 19-collections-framework/theory/04-linkedlist-as-queue-concepts.md	19-collections-framework/theory/04-linkedlist-as-queue-concepts.md | https://docs.oracle.com/javase/tutorial/collections/	java::core::collections_framework
collections-framework-aug-cloze-094	{{c1::Why does HashMap matter in Java?}}: It matters because choosing the wrong data structure changes correctness, performance, and duplicate-handling behavior. A common confusion is memorizing class names without knowing lookup order, equality rules, or iteration behavior	Use this cloze for exact recall, then read the source note for examples. Source: 19-collections-framework/theory/04-linkedlist-as-queue-concepts.md	19-collections-framework/theory/04-linkedlist-as-queue-concepts.md | https://docs.oracle.com/javase/tutorial/collections/	java::core::collections_framework
collections-framework-aug-cloze-095	{{c1::What should you know about LinkedHashMap in Collections Framework?}}: A Map stores key-value pairs and retrieves values by key	Use this cloze for exact recall, then read the source note for examples. Source: 19-collections-framework/theory/04-linkedlist-as-queue-concepts.md	19-collections-framework/theory/04-linkedlist-as-queue-concepts.md | https://docs.oracle.com/javase/tutorial/collections/	java::core::collections_framework
collections-framework-aug-cloze-096	{{c1::Why does LinkedHashMap matter in Java?}}: It matters because choosing the wrong data structure changes correctness, performance, and duplicate-handling behavior. A common confusion is memorizing class names without knowing lookup order, equality rules, or iteration behavior	Use this cloze for exact recall, then read the source note for examples. Source: 19-collections-framework/theory/04-linkedlist-as-queue-concepts.md	19-collections-framework/theory/04-linkedlist-as-queue-concepts.md | https://docs.oracle.com/javase/tutorial/collections/	java::core::collections_framework
collections-framework-aug-cloze-097	{{c1::What should you know about TreeMap in Collections Framework?}}: A Map stores key-value pairs and retrieves values by key	Use this cloze for exact recall, then read the source note for examples. Source: 19-collections-framework/theory/04-linkedlist-as-queue-concepts.md	19-collections-framework/theory/04-linkedlist-as-queue-concepts.md | https://docs.oracle.com/javase/tutorial/collections/	java::core::collections_framework
collections-framework-aug-cloze-098	{{c1::Why does TreeMap matter in Java?}}: It matters because choosing the wrong data structure changes correctness, performance, and duplicate-handling behavior. A common confusion is memorizing class names without knowing lookup order, equality rules, or iteration behavior	Use this cloze for exact recall, then read the source note for examples. Source: 19-collections-framework/theory/04-linkedlist-as-queue-concepts.md	19-collections-framework/theory/04-linkedlist-as-queue-concepts.md | https://docs.oracle.com/javase/tutorial/collections/	java::core::collections_framework
collections-framework-aug-cloze-099	{{c1::Why does Hashtable matter in Java?}}: It matters because choosing the wrong data structure changes correctness, performance, and duplicate-handling behavior. A common confusion is memorizing class names without knowing lookup order, equality rules, or iteration behavior	Use this cloze for exact recall, then read the source note for examples. Source: 19-collections-framework/theory/04-linkedlist-as-queue-concepts.md	19-collections-framework/theory/04-linkedlist-as-queue-concepts.md | https://docs.oracle.com/javase/tutorial/collections/	java::core::collections_framework
collections-framework-aug-cloze-100	{{c1::What should you know about ConcurrentHashMap in Collections Framework?}}: A Map stores key-value pairs and retrieves values by key	Use this cloze for exact recall, then read the source note for examples. Source: 19-collections-framework/theory/05-concurrenthashmap-concepts.md	19-collections-framework/theory/05-concurrenthashmap-concepts.md | https://docs.oracle.com/javase/tutorial/collections/	java::core::collections_framework
collections-framework-aug-cloze-101	{{c1::Why does ConcurrentHashMap matter in Java?}}: It matters because concurrent code can look correct in single-thread tests but fail under timing pressure. A common confusion is assuming visibility, ordering, and atomicity are the same guarantee	Use this cloze for exact recall, then read the source note for examples. Source: 19-collections-framework/theory/05-concurrenthashmap-concepts.md	19-collections-framework/theory/05-concurrenthashmap-concepts.md | https://docs.oracle.com/javase/tutorial/collections/	java::core::collections_framework
collections-framework-aug-cloze-102	{{c1::What should you know about WeakHashMap in Collections Framework?}}: A Map stores key-value pairs and retrieves values by key	Use this cloze for exact recall, then read the source note for examples. Source: 19-collections-framework/theory/05-concurrenthashmap-concepts.md	19-collections-framework/theory/05-concurrenthashmap-concepts.md | https://docs.oracle.com/javase/tutorial/collections/	java::core::collections_framework
collections-framework-aug-cloze-103	{{c1::Why does WeakHashMap matter in Java?}}: It matters because choosing the wrong data structure changes correctness, performance, and duplicate-handling behavior. A common confusion is memorizing class names without knowing lookup order, equality rules, or iteration behavior	Use this cloze for exact recall, then read the source note for examples. Source: 19-collections-framework/theory/05-concurrenthashmap-concepts.md	19-collections-framework/theory/05-concurrenthashmap-concepts.md | https://docs.oracle.com/javase/tutorial/collections/	java::core::collections_framework
collections-framework-aug-cloze-104	{{c1::What should you know about IdentityHashMap in Collections Framework?}}: A Map stores key-value pairs and retrieves values by key	Use this cloze for exact recall, then read the source note for examples. Source: 19-collections-framework/theory/05-concurrenthashmap-concepts.md	19-collections-framework/theory/05-concurrenthashmap-concepts.md | https://docs.oracle.com/javase/tutorial/collections/	java::core::collections_framework
collections-framework-aug-cloze-105	{{c1::Why does IdentityHashMap matter in Java?}}: It matters because choosing the wrong data structure changes correctness, performance, and duplicate-handling behavior. A common confusion is memorizing class names without knowing lookup order, equality rules, or iteration behavior	Use this cloze for exact recall, then read the source note for examples. Source: 19-collections-framework/theory/05-concurrenthashmap-concepts.md	19-collections-framework/theory/05-concurrenthashmap-concepts.md | https://docs.oracle.com/javase/tutorial/collections/	java::core::collections_framework
collections-framework-aug-cloze-106	{{c1::What should you know about SortedMap in Collections Framework?}}: A Map stores key-value pairs and retrieves values by key	Use this cloze for exact recall, then read the source note for examples. Source: 19-collections-framework/theory/05-concurrenthashmap-concepts.md	19-collections-framework/theory/05-concurrenthashmap-concepts.md | https://docs.oracle.com/javase/tutorial/collections/	java::core::collections_framework
