ID	Question	Code	Answer	Explanation	Source	Tags
collections_framework-code-001	What is printed?	Set<String> names = new HashSet<>();\nnames.add("A");\nnames.add("A");\nSystem.out.println(names.size());	`1`	A Set keeps unique elements according to equality rules.	19-collections-framework/README.md | https://docs.oracle.com/javase/tutorial/collections/	java::core::collections-framework java::code
collections_framework-code-002	What should you explain when you see `What is the Collection Framework?` in code or an interview prompt?	// Concept: What is the Collection Framework?\n// Review task: identify the rule, API, or mistake connected to this concept.\n// Topic: Collections Framework	A collection is an object that groups multiple elements under a common API.	It matters because choosing the wrong data structure changes correctness, performance, and duplicate-handling behavior. A common confusion is memorizing class names without knowing lookup order, equality rules, or iteration behavior.	19-collections-framework/theory/01-what-is-the-collection-framework-concepts.md | https://docs.oracle.com/javase/tutorial/collections/	java::core::collections-framework java::code
collections_framework-code-003	What should you explain when you see `Iterable`in code or an interview prompt?	// Concept: Iterable\n// Review task: identify the rule, API, or mistake connected to this concept.\n// Topic: Collections Framework	Iterable is a specific concept in Collections Framework; learn its Java rule, valid use cases, and failure mode rather than only its name.	Use it to predict the exact Java rule, the allowed form, and the failure mode. Review it with a tiny example instead of memorizing only the label.	19-collections-framework/theory/01-what-is-the-collection-framework-concepts.md | https://docs.oracle.com/javase/tutorial/collections/	java::core::collections-framework java::code
collections_framework-code-004	What should you explain when you see `Collection` in code or an interview prompt?	// Concept: Collection\n// Review task: identify the rule, API, or mistake connected to this concept.\n// Topic: Collections Framework	A collection is an object that groups multiple elements under a common API.	It matters because choosing the wrong data structure changes correctness, performance, and duplicate-handling behavior. A common confusion is memorizing class names without knowing lookup order, equality rules, or iteration behavior.	19-collections-framework/theory/01-what-is-the-collection-framework-concepts.md | https://docs.oracle.com/javase/tutorial/collections/	java::core::collections-framework java::code
collections_framework-code-005	What should you explain when you see `List` in code or an interview prompt?	// Concept: List\n// Review task: identify the rule, API, or mistake connected to this concept.\n// Topic: Collections Framework	A List is an ordered collection that can contain duplicates and supports positional access.	It matters because choosing the wrong data structure changes correctness, performance, and duplicate-handling behavior. A common confusion is memorizing class names without knowing lookup order, equality rules, or iteration behavior.	19-collections-framework/theory/01-what-is-the-collection-framework-concepts.md | https://docs.oracle.com/javase/tutorial/collections/	java::core::collections-framework java::code
collections_framework-code-006	What should you explain when you see `Set` in code or an interview prompt?	// Concept: Set\n// Review task: identify the rule, API, or mistake connected to this concept.\n// Topic: Collections Framework	A Set is a collection that rejects duplicates according to equality rules.	It matters because choosing the wrong data structure changes correctness, performance, and duplicate-handling behavior. A common confusion is memorizing class names without knowing lookup order, equality rules, or iteration behavior.	19-collections-framework/theory/01-what-is-the-collection-framework-concepts.md | https://docs.oracle.com/javase/tutorial/collections/	java::core::collections-framework java::code
collections_framework-code-007	What should you explain when you see `Queue`in code or an interview prompt?	// Concept: Queue\n// Review task: identify the rule, API, or mistake connected to this concept.\n// Topic: Collections Framework	Queue is a specific concept in Collections Framework; learn its Java rule, valid use cases, and failure mode rather than only its name.	Use it to predict the exact Java rule, the allowed form, and the failure mode. Review it with a tiny example instead of memorizing only the label.	19-collections-framework/theory/01-what-is-the-collection-framework-concepts.md | https://docs.oracle.com/javase/tutorial/collections/	java::core::collections-framework java::code
collections_framework-code-008	What should you explain when you see `Deque`in code or an interview prompt?	// Concept: Deque\n// Review task: identify the rule, API, or mistake connected to this concept.\n// Topic: Collections Framework	Deque is a specific concept in Collections Framework; learn its Java rule, valid use cases, and failure mode rather than only its name.	Use it to predict the exact Java rule, the allowed form, and the failure mode. Review it with a tiny example instead of memorizing only the label.	19-collections-framework/theory/01-what-is-the-collection-framework-concepts.md | https://docs.oracle.com/javase/tutorial/collections/	java::core::collections-framework java::code
collections_framework-code-009	What should you explain when you see `Map` in code or an interview prompt?	// Concept: Map\n// Review task: identify the rule, API, or mistake connected to this concept.\n// Topic: Collections Framework	A Map stores key-value pairs and retrieves values by key.	It matters because choosing the wrong data structure changes correctness, performance, and duplicate-handling behavior. A common confusion is memorizing class names without knowing lookup order, equality rules, or iteration behavior.	19-collections-framework/theory/01-what-is-the-collection-framework-concepts.md | https://docs.oracle.com/javase/tutorial/collections/	java::core::collections-framework java::code
collections_framework-code-010	What should you explain when you see `ArrayList` in code or an interview prompt?	// Concept: ArrayList\n// Review task: identify the rule, API, or mistake connected to this concept.\n// Topic: Collections Framework	A List is an ordered collection that can contain duplicates and supports positional access.	It matters because choosing the wrong data structure changes correctness, performance, and duplicate-handling behavior. A common confusion is memorizing class names without knowing lookup order, equality rules, or iteration behavior.	19-collections-framework/theory/02-arraylist-concepts.md | https://docs.oracle.com/javase/tutorial/collections/	java::core::collections-framework java::code
collections_framework-code-011	What should you explain when you see `LinkedList` in code or an interview prompt?	// Concept: LinkedList\n// Review task: identify the rule, API, or mistake connected to this concept.\n// Topic: Collections Framework	A List is an ordered collection that can contain duplicates and supports positional access.	It matters because choosing the wrong data structure changes correctness, performance, and duplicate-handling behavior. A common confusion is memorizing class names without knowing lookup order, equality rules, or iteration behavior.	19-collections-framework/theory/02-arraylist-concepts.md | https://docs.oracle.com/javase/tutorial/collections/	java::core::collections-framework java::code
collections_framework-code-012	What should you explain when you see `Vector`in code or an interview prompt?	// Concept: Vector\n// Review task: identify the rule, API, or mistake connected to this concept.\n// Topic: Collections Framework	Vector is a specific concept in Collections Framework; learn its Java rule, valid use cases, and failure mode rather than only its name.	Use it to predict the exact Java rule, the allowed form, and the failure mode. Review it with a tiny example instead of memorizing only the label.	19-collections-framework/theory/02-arraylist-concepts.md | https://docs.oracle.com/javase/tutorial/collections/	java::core::collections-framework java::code
collections_framework-code-013	What should you explain when you see `Stack` in code or an interview prompt?	// Concept: Stack\n// Review task: identify the rule, API, or mistake connected to this concept.\n// Topic: Collections Framework	Stack stores method frames, local variables, and call flow for each thread.	It matters because runtime behavior explains performance, memory errors, startup behavior, and many interview questions. A common confusion is mixing compile-time concepts with JVM runtime services.	19-collections-framework/theory/02-arraylist-concepts.md | https://docs.oracle.com/javase/tutorial/collections/	java::core::collections-framework java::code
collections_framework-code-014	What should you explain when you see `Comparing ArrayList and LinkedList` in code or an interview prompt?	// Concept: Comparing ArrayList and LinkedList\n// Review task: identify the rule, API, or mistake connected to this concept.\n// Topic: Collections Framework	A List is an ordered collection that can contain duplicates and supports positional access.	It matters because choosing the wrong data structure changes correctness, performance, and duplicate-handling behavior. A common confusion is memorizing class names without knowing lookup order, equality rules, or iteration behavior.	19-collections-framework/theory/02-arraylist-concepts.md | https://docs.oracle.com/javase/tutorial/collections/	java::core::collections-framework java::code
collections_framework-code-015	What should you explain when you see `When to use List?` in code or an interview prompt?	// Concept: When to use List?\n// Review task: identify the rule, API, or mistake connected to this concept.\n// Topic: Collections Framework	A List is an ordered collection that can contain duplicates and supports positional access.	It matters because choosing the wrong data structure changes correctness, performance, and duplicate-handling behavior. A common confusion is memorizing class names without knowing lookup order, equality rules, or iteration behavior.	19-collections-framework/theory/02-arraylist-concepts.md | https://docs.oracle.com/javase/tutorial/collections/	java::core::collections-framework java::code
collections_framework-code-016	What should you explain when you see `HashSet` in code or an interview prompt?	// Concept: HashSet\n// Review task: identify the rule, API, or mistake connected to this concept.\n// Topic: Collections Framework	A Set is a collection that rejects duplicates according to equality rules.	It matters because choosing the wrong data structure changes correctness, performance, and duplicate-handling behavior. A common confusion is memorizing class names without knowing lookup order, equality rules, or iteration behavior.	19-collections-framework/theory/02-arraylist-concepts.md | https://docs.oracle.com/javase/tutorial/collections/	java::core::collections-framework java::code
collections_framework-code-017	What should you explain when you see `LinkedHashSet` in code or an interview prompt?	// Concept: LinkedHashSet\n// Review task: identify the rule, API, or mistake connected to this concept.\n// Topic: Collections Framework	A Set is a collection that rejects duplicates according to equality rules.	It matters because choosing the wrong data structure changes correctness, performance, and duplicate-handling behavior. A common confusion is memorizing class names without knowing lookup order, equality rules, or iteration behavior.	19-collections-framework/theory/02-arraylist-concepts.md | https://docs.oracle.com/javase/tutorial/collections/	java::core::collections-framework java::code
collections_framework-code-018	What should you explain when you see `TreeSet` in code or an interview prompt?	// Concept: TreeSet\n// Review task: identify the rule, API, or mistake connected to this concept.\n// Topic: Collections Framework	A Set is a collection that rejects duplicates according to equality rules.	It matters because choosing the wrong data structure changes correctness, performance, and duplicate-handling behavior. A common confusion is memorizing class names without knowing lookup order, equality rules, or iteration behavior.	19-collections-framework/theory/03-treeset-concepts.md | https://docs.oracle.com/javase/tutorial/collections/	java::core::collections-framework java::code
collections_framework-code-019	What should you explain when you see `SortedSet` in code or an interview prompt?	// Concept: SortedSet\n// Review task: identify the rule, API, or mistake connected to this concept.\n// Topic: Collections Framework	A Set is a collection that rejects duplicates according to equality rules.	It matters because choosing the wrong data structure changes correctness, performance, and duplicate-handling behavior. A common confusion is memorizing class names without knowing lookup order, equality rules, or iteration behavior.	19-collections-framework/theory/03-treeset-concepts.md | https://docs.oracle.com/javase/tutorial/collections/	java::core::collections-framework java::code
collections_framework-code-020	What should you explain when you see `NavigableSet` in code or an interview prompt?	// Concept: NavigableSet\n// Review task: identify the rule, API, or mistake connected to this concept.\n// Topic: Collections Framework	A Set is a collection that rejects duplicates according to equality rules.	It matters because choosing the wrong data structure changes correctness, performance, and duplicate-handling behavior. A common confusion is memorizing class names without knowing lookup order, equality rules, or iteration behavior.	19-collections-framework/theory/03-treeset-concepts.md | https://docs.oracle.com/javase/tutorial/collections/	java::core::collections-framework java::code
collections_framework-code-021	What should you explain when you see `When to use Set?` in code or an interview prompt?	// Concept: When to use Set?\n// Review task: identify the rule, API, or mistake connected to this concept.\n// Topic: Collections Framework	A Set is a collection that rejects duplicates according to equality rules.	It matters because choosing the wrong data structure changes correctness, performance, and duplicate-handling behavior. A common confusion is memorizing class names without knowing lookup order, equality rules, or iteration behavior.	19-collections-framework/theory/03-treeset-concepts.md | https://docs.oracle.com/javase/tutorial/collections/	java::core::collections-framework java::code
collections_framework-code-022	What should you explain when you see `Duplicate removal mechanism`in code or an interview prompt?	// Concept: Duplicate removal mechanism\n// Review task: identify the rule, API, or mistake connected to this concept.\n// Topic: Collections Framework	Duplicate removal mechanism is a specific concept in Collections Framework; learn its Java rule, valid use cases, and failure mode rather than only its name.	Use it to predict the exact Java rule, the allowed form, and the failure mode. Review it with a tiny example instead of memorizing only the label.	19-collections-framework/theory/03-treeset-concepts.md | https://docs.oracle.com/javase/tutorial/collections/	java::core::collections-framework java::code
collections_framework-code-023	What should you explain when you see `Role of equals() and hashCode()` in code or an interview prompt?	// Concept: Role of equals() and hashCode()\n// Review task: identify the rule, API, or mistake connected to this concept.\n// Topic: Collections Framework	equals() defines logical equality between objects.	It matters because choosing the wrong data structure changes correctness, performance, and duplicate-handling behavior. A common confusion is memorizing class names without knowing lookup order, equality rules, or iteration behavior.	19-collections-framework/theory/03-treeset-concepts.md | https://docs.oracle.com/javase/tutorial/collections/	java::core::collections-framework java::code
collections_framework-code-024	What should you explain when you see `PriorityQueue`in code or an interview prompt?	// Concept: PriorityQueue\n// Review task: identify the rule, API, or mistake connected to this concept.\n// Topic: Collections Framework	PriorityQueue is a specific concept in Collections Framework; learn its Java rule, valid use cases, and failure mode rather than only its name.	Use it to predict the exact Java rule, the allowed form, and the failure mode. Review it with a tiny example instead of memorizing only the label.	19-collections-framework/theory/03-treeset-concepts.md | https://docs.oracle.com/javase/tutorial/collections/	java::core::collections-framework java::code
collections_framework-code-025	What should you explain when you see `ArrayDeque`in code or an interview prompt?	// Concept: ArrayDeque\n// Review task: identify the rule, API, or mistake connected to this concept.\n// Topic: Collections Framework	ArrayDeque is a specific concept in Collections Framework; learn its Java rule, valid use cases, and failure mode rather than only its name.	Use it to predict the exact Java rule, the allowed form, and the failure mode. Review it with a tiny example instead of memorizing only the label.	19-collections-framework/theory/03-treeset-concepts.md | https://docs.oracle.com/javase/tutorial/collections/	java::core::collections-framework java::code
collections_framework-code-026	What should you explain when you see `LinkedList as Queue` in code or an interview prompt?	// Concept: LinkedList as Queue\n// Review task: identify the rule, API, or mistake connected to this concept.\n// Topic: Collections Framework	A List is an ordered collection that can contain duplicates and supports positional access.	It matters because choosing the wrong data structure changes correctness, performance, and duplicate-handling behavior. A common confusion is memorizing class names without knowing lookup order, equality rules, or iteration behavior.	19-collections-framework/theory/04-linkedlist-as-queue-concepts.md | https://docs.oracle.com/javase/tutorial/collections/	java::core::collections-framework java::code
collections_framework-code-027	What should you explain when you see `FIFO`in code or an interview prompt?	// Concept: FIFO\n// Review task: identify the rule, API, or mistake connected to this concept.\n// Topic: Collections Framework	FIFO is a specific concept in Collections Framework; learn its Java rule, valid use cases, and failure mode rather than only its name.	Use it to predict the exact Java rule, the allowed form, and the failure mode. Review it with a tiny example instead of memorizing only the label.	19-collections-framework/theory/04-linkedlist-as-queue-concepts.md | https://docs.oracle.com/javase/tutorial/collections/	java::core::collections-framework java::code
collections_framework-code-028	What should you explain when you see `LIFO`in code or an interview prompt?	// Concept: LIFO\n// Review task: identify the rule, API, or mistake connected to this concept.\n// Topic: Collections Framework	LIFO is a specific concept in Collections Framework; learn its Java rule, valid use cases, and failure mode rather than only its name.	Use it to predict the exact Java rule, the allowed form, and the failure mode. Review it with a tiny example instead of memorizing only the label.	19-collections-framework/theory/04-linkedlist-as-queue-concepts.md | https://docs.oracle.com/javase/tutorial/collections/	java::core::collections-framework java::code
collections_framework-code-029	What should you explain when you see `Priority queue`in code or an interview prompt?	// Concept: Priority queue\n// Review task: identify the rule, API, or mistake connected to this concept.\n// Topic: Collections Framework	Priority queue is a specific concept in Collections Framework; learn its Java rule, valid use cases, and failure mode rather than only its name.	Use it to predict the exact Java rule, the allowed form, and the failure mode. Review it with a tiny example instead of memorizing only the label.	19-collections-framework/theory/04-linkedlist-as-queue-concepts.md | https://docs.oracle.com/javase/tutorial/collections/	java::core::collections-framework java::code
collections_framework-code-030	What should you explain when you see `HashMap` in code or an interview prompt?	// Concept: HashMap\n// Review task: identify the rule, API, or mistake connected to this concept.\n// Topic: Collections Framework	A Map stores key-value pairs and retrieves values by key.	It matters because choosing the wrong data structure changes correctness, performance, and duplicate-handling behavior. A common confusion is memorizing class names without knowing lookup order, equality rules, or iteration behavior.	19-collections-framework/theory/04-linkedlist-as-queue-concepts.md | https://docs.oracle.com/javase/tutorial/collections/	java::core::collections-framework java::code
collections_framework-code-031	What should you explain when you see `LinkedHashMap` in code or an interview prompt?	// Concept: LinkedHashMap\n// Review task: identify the rule, API, or mistake connected to this concept.\n// Topic: Collections Framework	A Map stores key-value pairs and retrieves values by key.	It matters because choosing the wrong data structure changes correctness, performance, and duplicate-handling behavior. A common confusion is memorizing class names without knowing lookup order, equality rules, or iteration behavior.	19-collections-framework/theory/04-linkedlist-as-queue-concepts.md | https://docs.oracle.com/javase/tutorial/collections/	java::core::collections-framework java::code
collections-framework-aug-code-001	When reviewing `What is the Collection Framework?`, what should you prove with a tiny Java example?	// Concept: What is the Collection Framework?\n// Task: explain the Java rule, the common mistake, and one concrete use case.\nclass What_is_the_Collection_FReview {\n    // Fill this with a tiny example while reviewing.\n}	A collection is an object that groups multiple elements under a common API.	A useful review example should show the rule, one allowed use, and one mistake or limitation. Source: /home/fhu_thjen/projects/learning-java/19-collections-framework/theory/01-what-is-the-collection-framework-concepts.md	/home/fhu_thjen/projects/learning-java/19-collections-framework/theory/01-what-is-the-collection-framework-concepts.md | https://docs.oracle.com/javase/tutorial/collections/	java::core::collections_framework java::code
collections-framework-aug-code-002	When reviewing `Iterable`, what should you prove with a tiny Java example?	// Concept: Iterable\n// Task: explain the Java rule, the common mistake, and one concrete use case.\nclass IterableReview {\n    // Fill this with a tiny example while reviewing.\n}	Iterable is the root traversal contract that allows an object to be used in enhanced for loops.	A useful review example should show the rule, one allowed use, and one mistake or limitation. Source: /home/fhu_thjen/projects/learning-java/19-collections-framework/theory/01-what-is-the-collection-framework-concepts.md	/home/fhu_thjen/projects/learning-java/19-collections-framework/theory/01-what-is-the-collection-framework-concepts.md | https://docs.oracle.com/javase/tutorial/collections/	java::core::collections_framework java::code
collections-framework-aug-code-003	When reviewing `Collection`, what should you prove with a tiny Java example?	// Concept: Collection\n// Task: explain the Java rule, the common mistake, and one concrete use case.\nclass CollectionReview {\n    // Fill this with a tiny example while reviewing.\n}	A collection is an object that groups multiple elements under a common API.	A useful review example should show the rule, one allowed use, and one mistake or limitation. Source: /home/fhu_thjen/projects/learning-java/19-collections-framework/theory/01-what-is-the-collection-framework-concepts.md	/home/fhu_thjen/projects/learning-java/19-collections-framework/theory/01-what-is-the-collection-framework-concepts.md | https://docs.oracle.com/javase/tutorial/collections/	java::core::collections_framework java::code
collections-framework-aug-code-004	When reviewing `List`, what should you prove with a tiny Java example?	// Concept: List\n// Task: explain the Java rule, the common mistake, and one concrete use case.\nclass ListReview {\n    // Fill this with a tiny example while reviewing.\n}	A List is an ordered collection that can contain duplicates and supports positional access.	A useful review example should show the rule, one allowed use, and one mistake or limitation. Source: /home/fhu_thjen/projects/learning-java/19-collections-framework/theory/01-what-is-the-collection-framework-concepts.md	/home/fhu_thjen/projects/learning-java/19-collections-framework/theory/01-what-is-the-collection-framework-concepts.md | https://docs.oracle.com/javase/tutorial/collections/	java::core::collections_framework java::code
collections-framework-aug-code-005	When reviewing `Set`, what should you prove with a tiny Java example?	// Concept: Set\n// Task: explain the Java rule, the common mistake, and one concrete use case.\nclass SetReview {\n    // Fill this with a tiny example while reviewing.\n}	A Set is a collection that rejects duplicates according to equality rules.	A useful review example should show the rule, one allowed use, and one mistake or limitation. Source: /home/fhu_thjen/projects/learning-java/19-collections-framework/theory/01-what-is-the-collection-framework-concepts.md	/home/fhu_thjen/projects/learning-java/19-collections-framework/theory/01-what-is-the-collection-framework-concepts.md | https://docs.oracle.com/javase/tutorial/collections/	java::core::collections_framework java::code
collections-framework-aug-code-006	When reviewing `Queue`, what should you prove with a tiny Java example?	// Concept: Queue\n// Task: explain the Java rule, the common mistake, and one concrete use case.\nclass QueueReview {\n    // Fill this with a tiny example while reviewing.\n}	Queue represents a collection designed for holding elements before processing, usually FIFO.	A useful review example should show the rule, one allowed use, and one mistake or limitation. Source: /home/fhu_thjen/projects/learning-java/19-collections-framework/theory/01-what-is-the-collection-framework-concepts.md	/home/fhu_thjen/projects/learning-java/19-collections-framework/theory/01-what-is-the-collection-framework-concepts.md | https://docs.oracle.com/javase/tutorial/collections/	java::core::collections_framework java::code
collections-framework-aug-code-007	When reviewing `Deque`, what should you prove with a tiny Java example?	// Concept: Deque\n// Task: explain the Java rule, the common mistake, and one concrete use case.\nclass DequeReview {\n    // Fill this with a tiny example while reviewing.\n}	Deque is a double-ended queue that supports insertion and removal at both ends.	A useful review example should show the rule, one allowed use, and one mistake or limitation. Source: /home/fhu_thjen/projects/learning-java/19-collections-framework/theory/01-what-is-the-collection-framework-concepts.md	/home/fhu_thjen/projects/learning-java/19-collections-framework/theory/01-what-is-the-collection-framework-concepts.md | https://docs.oracle.com/javase/tutorial/collections/	java::core::collections_framework java::code
collections-framework-aug-code-008	When reviewing `Map`, what should you prove with a tiny Java example?	// Concept: Map\n// Task: explain the Java rule, the common mistake, and one concrete use case.\nclass MapReview {\n    // Fill this with a tiny example while reviewing.\n}	A Map stores key-value pairs and retrieves values by key.	A useful review example should show the rule, one allowed use, and one mistake or limitation. Source: /home/fhu_thjen/projects/learning-java/19-collections-framework/theory/01-what-is-the-collection-framework-concepts.md	/home/fhu_thjen/projects/learning-java/19-collections-framework/theory/01-what-is-the-collection-framework-concepts.md | https://docs.oracle.com/javase/tutorial/collections/	java::core::collections_framework java::code
collections-framework-aug-code-009	When reviewing `ArrayList`, what should you prove with a tiny Java example?	// Concept: ArrayList\n// Task: explain the Java rule, the common mistake, and one concrete use case.\nclass ArrayListReview {\n    // Fill this with a tiny example while reviewing.\n}	A List is an ordered collection that can contain duplicates and supports positional access.	A useful review example should show the rule, one allowed use, and one mistake or limitation. Source: /home/fhu_thjen/projects/learning-java/19-collections-framework/theory/02-arraylist-concepts.md	/home/fhu_thjen/projects/learning-java/19-collections-framework/theory/02-arraylist-concepts.md | https://docs.oracle.com/javase/tutorial/collections/	java::core::collections_framework java::code
collections-framework-aug-code-010	When reviewing `LinkedList`, what should you prove with a tiny Java example?	// Concept: LinkedList\n// Task: explain the Java rule, the common mistake, and one concrete use case.\nclass LinkedListReview {\n    // Fill this with a tiny example while reviewing.\n}	A List is an ordered collection that can contain duplicates and supports positional access.	A useful review example should show the rule, one allowed use, and one mistake or limitation. Source: /home/fhu_thjen/projects/learning-java/19-collections-framework/theory/02-arraylist-concepts.md	/home/fhu_thjen/projects/learning-java/19-collections-framework/theory/02-arraylist-concepts.md | https://docs.oracle.com/javase/tutorial/collections/	java::core::collections_framework java::code
collections-framework-aug-code-011	When reviewing `Vector`, what should you prove with a tiny Java example?	// Concept: Vector\n// Task: explain the Java rule, the common mistake, and one concrete use case.\nclass VectorReview {\n    // Fill this with a tiny example while reviewing.\n}	Tiny example or mental model:	A useful review example should show the rule, one allowed use, and one mistake or limitation. Source: /home/fhu_thjen/projects/learning-java/19-collections-framework/theory/02-arraylist-concepts.md	/home/fhu_thjen/projects/learning-java/19-collections-framework/theory/02-arraylist-concepts.md | https://docs.oracle.com/javase/tutorial/collections/	java::core::collections_framework java::code
collections-framework-aug-code-012	When reviewing `Stack`, what should you prove with a tiny Java example?	// Concept: Stack\n// Task: explain the Java rule, the common mistake, and one concrete use case.\nclass StackReview {\n    // Fill this with a tiny example while reviewing.\n}	Stack stores method frames, local variables, and call flow for each thread.	A useful review example should show the rule, one allowed use, and one mistake or limitation. Source: /home/fhu_thjen/projects/learning-java/19-collections-framework/theory/02-arraylist-concepts.md	/home/fhu_thjen/projects/learning-java/19-collections-framework/theory/02-arraylist-concepts.md | https://docs.oracle.com/javase/tutorial/collections/	java::core::collections_framework java::code
collections-framework-aug-code-013	When reviewing `Comparing ArrayList and LinkedList`, what should you prove with a tiny Java example?	// Concept: Comparing ArrayList and LinkedList\n// Task: explain the Java rule, the common mistake, and one concrete use case.\nclass Comparing_ArrayList_and_Review {\n    // Fill this with a tiny example while reviewing.\n}	A List is an ordered collection that can contain duplicates and supports positional access.	A useful review example should show the rule, one allowed use, and one mistake or limitation. Source: /home/fhu_thjen/projects/learning-java/19-collections-framework/theory/02-arraylist-concepts.md	/home/fhu_thjen/projects/learning-java/19-collections-framework/theory/02-arraylist-concepts.md | https://docs.oracle.com/javase/tutorial/collections/	java::core::collections_framework java::code
collections-framework-aug-code-014	When reviewing `When to use List?`, what should you prove with a tiny Java example?	// Concept: When to use List?\n// Task: explain the Java rule, the common mistake, and one concrete use case.\nclass When_to_use_ListReview {\n    // Fill this with a tiny example while reviewing.\n}	A List is an ordered collection that can contain duplicates and supports positional access.	A useful review example should show the rule, one allowed use, and one mistake or limitation. Source: /home/fhu_thjen/projects/learning-java/19-collections-framework/theory/02-arraylist-concepts.md	/home/fhu_thjen/projects/learning-java/19-collections-framework/theory/02-arraylist-concepts.md | https://docs.oracle.com/javase/tutorial/collections/	java::core::collections_framework java::code
collections-framework-aug-code-015	When reviewing `HashSet`, what should you prove with a tiny Java example?	// Concept: HashSet\n// Task: explain the Java rule, the common mistake, and one concrete use case.\nclass HashSetReview {\n    // Fill this with a tiny example while reviewing.\n}	A Set is a collection that rejects duplicates according to equality rules.	A useful review example should show the rule, one allowed use, and one mistake or limitation. Source: /home/fhu_thjen/projects/learning-java/19-collections-framework/theory/02-arraylist-concepts.md	/home/fhu_thjen/projects/learning-java/19-collections-framework/theory/02-arraylist-concepts.md | https://docs.oracle.com/javase/tutorial/collections/	java::core::collections_framework java::code
collections-framework-aug-code-016	When reviewing `LinkedHashSet`, what should you prove with a tiny Java example?	// Concept: LinkedHashSet\n// Task: explain the Java rule, the common mistake, and one concrete use case.\nclass LinkedHashSetReview {\n    // Fill this with a tiny example while reviewing.\n}	A Set is a collection that rejects duplicates according to equality rules.	A useful review example should show the rule, one allowed use, and one mistake or limitation. Source: /home/fhu_thjen/projects/learning-java/19-collections-framework/theory/02-arraylist-concepts.md	/home/fhu_thjen/projects/learning-java/19-collections-framework/theory/02-arraylist-concepts.md | https://docs.oracle.com/javase/tutorial/collections/	java::core::collections_framework java::code
collections-framework-aug-code-017	When reviewing `TreeSet`, what should you prove with a tiny Java example?	// Concept: TreeSet\n// Task: explain the Java rule, the common mistake, and one concrete use case.\nclass TreeSetReview {\n    // Fill this with a tiny example while reviewing.\n}	A Set is a collection that rejects duplicates according to equality rules.	A useful review example should show the rule, one allowed use, and one mistake or limitation. Source: /home/fhu_thjen/projects/learning-java/19-collections-framework/theory/03-treeset-concepts.md	/home/fhu_thjen/projects/learning-java/19-collections-framework/theory/03-treeset-concepts.md | https://docs.oracle.com/javase/tutorial/collections/	java::core::collections_framework java::code
collections-framework-aug-code-018	When reviewing `SortedSet`, what should you prove with a tiny Java example?	// Concept: SortedSet\n// Task: explain the Java rule, the common mistake, and one concrete use case.\nclass SortedSetReview {\n    // Fill this with a tiny example while reviewing.\n}	A Set is a collection that rejects duplicates according to equality rules.	A useful review example should show the rule, one allowed use, and one mistake or limitation. Source: /home/fhu_thjen/projects/learning-java/19-collections-framework/theory/03-treeset-concepts.md	/home/fhu_thjen/projects/learning-java/19-collections-framework/theory/03-treeset-concepts.md | https://docs.oracle.com/javase/tutorial/collections/	java::core::collections_framework java::code
collections-framework-aug-code-019	When reviewing `NavigableSet`, what should you prove with a tiny Java example?	// Concept: NavigableSet\n// Task: explain the Java rule, the common mistake, and one concrete use case.\nclass NavigableSetReview {\n    // Fill this with a tiny example while reviewing.\n}	A Set is a collection that rejects duplicates according to equality rules.	A useful review example should show the rule, one allowed use, and one mistake or limitation. Source: /home/fhu_thjen/projects/learning-java/19-collections-framework/theory/03-treeset-concepts.md	/home/fhu_thjen/projects/learning-java/19-collections-framework/theory/03-treeset-concepts.md | https://docs.oracle.com/javase/tutorial/collections/	java::core::collections_framework java::code
collections-framework-aug-code-020	When reviewing `When to use Set?`, what should you prove with a tiny Java example?	// Concept: When to use Set?\n// Task: explain the Java rule, the common mistake, and one concrete use case.\nclass When_to_use_SetReview {\n    // Fill this with a tiny example while reviewing.\n}	A Set is a collection that rejects duplicates according to equality rules.	A useful review example should show the rule, one allowed use, and one mistake or limitation. Source: /home/fhu_thjen/projects/learning-java/19-collections-framework/theory/03-treeset-concepts.md	/home/fhu_thjen/projects/learning-java/19-collections-framework/theory/03-treeset-concepts.md | https://docs.oracle.com/javase/tutorial/collections/	java::core::collections_framework java::code
collections-framework-aug-code-021	When reviewing `Duplicate removal mechanism`, what should you prove with a tiny Java example?	// Concept: Duplicate removal mechanism\n// Task: explain the Java rule, the common mistake, and one concrete use case.\nclass Duplicate_removal_mechanReview {\n    // Fill this with a tiny example while reviewing.\n}	Tiny example or mental model:	A useful review example should show the rule, one allowed use, and one mistake or limitation. Source: /home/fhu_thjen/projects/learning-java/19-collections-framework/theory/03-treeset-concepts.md	/home/fhu_thjen/projects/learning-java/19-collections-framework/theory/03-treeset-concepts.md | https://docs.oracle.com/javase/tutorial/collections/	java::core::collections_framework java::code
collections-framework-aug-code-022	When reviewing `Role of equals() and hashCode()`, what should you prove with a tiny Java example?	// Concept: Role of equals() and hashCode()\n// Task: explain the Java rule, the common mistake, and one concrete use case.\nclass Role_of_equals___and_hasReview {\n    // Fill this with a tiny example while reviewing.\n}	equals() defines logical equality between objects.	A useful review example should show the rule, one allowed use, and one mistake or limitation. Source: /home/fhu_thjen/projects/learning-java/19-collections-framework/theory/03-treeset-concepts.md	/home/fhu_thjen/projects/learning-java/19-collections-framework/theory/03-treeset-concepts.md | https://docs.oracle.com/javase/tutorial/collections/	java::core::collections_framework java::code
collections-framework-aug-code-023	When reviewing `PriorityQueue`, what should you prove with a tiny Java example?	// Concept: PriorityQueue\n// Task: explain the Java rule, the common mistake, and one concrete use case.\nclass PriorityQueueReview {\n    // Fill this with a tiny example while reviewing.\n}	PriorityQueue removes elements by priority rather than insertion order.	A useful review example should show the rule, one allowed use, and one mistake or limitation. Source: /home/fhu_thjen/projects/learning-java/19-collections-framework/theory/03-treeset-concepts.md	/home/fhu_thjen/projects/learning-java/19-collections-framework/theory/03-treeset-concepts.md | https://docs.oracle.com/javase/tutorial/collections/	java::core::collections_framework java::code
collections-framework-aug-code-024	When reviewing `ArrayDeque`, what should you prove with a tiny Java example?	// Concept: ArrayDeque\n// Task: explain the Java rule, the common mistake, and one concrete use case.\nclass ArrayDequeReview {\n    // Fill this with a tiny example while reviewing.\n}	ArrayDeque is a resizable-array Deque often preferred for stack or queue behavior.	A useful review example should show the rule, one allowed use, and one mistake or limitation. Source: /home/fhu_thjen/projects/learning-java/19-collections-framework/theory/03-treeset-concepts.md	/home/fhu_thjen/projects/learning-java/19-collections-framework/theory/03-treeset-concepts.md | https://docs.oracle.com/javase/tutorial/collections/	java::core::collections_framework java::code
collections-framework-aug-code-025	When reviewing `LinkedList as Queue`, what should you prove with a tiny Java example?	// Concept: LinkedList as Queue\n// Task: explain the Java rule, the common mistake, and one concrete use case.\nclass LinkedList_as_QueueReview {\n    // Fill this with a tiny example while reviewing.\n}	A List is an ordered collection that can contain duplicates and supports positional access.	A useful review example should show the rule, one allowed use, and one mistake or limitation. Source: /home/fhu_thjen/projects/learning-java/19-collections-framework/theory/04-linkedlist-as-queue-concepts.md	/home/fhu_thjen/projects/learning-java/19-collections-framework/theory/04-linkedlist-as-queue-concepts.md | https://docs.oracle.com/javase/tutorial/collections/	java::core::collections_framework java::code
collections-framework-aug-code-026	When reviewing `FIFO`, what should you prove with a tiny Java example?	// Concept: FIFO\n// Task: explain the Java rule, the common mistake, and one concrete use case.\nclass FIFOReview {\n    // Fill this with a tiny example while reviewing.\n}	Tiny example or mental model:	A useful review example should show the rule, one allowed use, and one mistake or limitation. Source: /home/fhu_thjen/projects/learning-java/19-collections-framework/theory/04-linkedlist-as-queue-concepts.md	/home/fhu_thjen/projects/learning-java/19-collections-framework/theory/04-linkedlist-as-queue-concepts.md | https://docs.oracle.com/javase/tutorial/collections/	java::core::collections_framework java::code
collections-framework-aug-code-027	When reviewing `LIFO`, what should you prove with a tiny Java example?	// Concept: LIFO\n// Task: explain the Java rule, the common mistake, and one concrete use case.\nclass LIFOReview {\n    // Fill this with a tiny example while reviewing.\n}	Tiny example or mental model:	A useful review example should show the rule, one allowed use, and one mistake or limitation. Source: /home/fhu_thjen/projects/learning-java/19-collections-framework/theory/04-linkedlist-as-queue-concepts.md	/home/fhu_thjen/projects/learning-java/19-collections-framework/theory/04-linkedlist-as-queue-concepts.md | https://docs.oracle.com/javase/tutorial/collections/	java::core::collections_framework java::code
collections-framework-aug-code-028	When reviewing `Priority queue`, what should you prove with a tiny Java example?	// Concept: Priority queue\n// Task: explain the Java rule, the common mistake, and one concrete use case.\nclass Priority_queueReview {\n    // Fill this with a tiny example while reviewing.\n}	Tiny example or mental model:	A useful review example should show the rule, one allowed use, and one mistake or limitation. Source: /home/fhu_thjen/projects/learning-java/19-collections-framework/theory/04-linkedlist-as-queue-concepts.md	/home/fhu_thjen/projects/learning-java/19-collections-framework/theory/04-linkedlist-as-queue-concepts.md | https://docs.oracle.com/javase/tutorial/collections/	java::core::collections_framework java::code
collections-framework-aug-code-029	When reviewing `HashMap`, what should you prove with a tiny Java example?	// Concept: HashMap\n// Task: explain the Java rule, the common mistake, and one concrete use case.\nclass HashMapReview {\n    // Fill this with a tiny example while reviewing.\n}	A Map stores key-value pairs and retrieves values by key.	A useful review example should show the rule, one allowed use, and one mistake or limitation. Source: /home/fhu_thjen/projects/learning-java/19-collections-framework/theory/04-linkedlist-as-queue-concepts.md	/home/fhu_thjen/projects/learning-java/19-collections-framework/theory/04-linkedlist-as-queue-concepts.md | https://docs.oracle.com/javase/tutorial/collections/	java::core::collections_framework java::code
collections-framework-aug-code-030	When reviewing `LinkedHashMap`, what should you prove with a tiny Java example?	// Concept: LinkedHashMap\n// Task: explain the Java rule, the common mistake, and one concrete use case.\nclass LinkedHashMapReview {\n    // Fill this with a tiny example while reviewing.\n}	A Map stores key-value pairs and retrieves values by key.	A useful review example should show the rule, one allowed use, and one mistake or limitation. Source: /home/fhu_thjen/projects/learning-java/19-collections-framework/theory/04-linkedlist-as-queue-concepts.md	/home/fhu_thjen/projects/learning-java/19-collections-framework/theory/04-linkedlist-as-queue-concepts.md | https://docs.oracle.com/javase/tutorial/collections/	java::core::collections_framework java::code
collections-framework-aug-code-031	When reviewing `TreeMap`, what should you prove with a tiny Java example?	// Concept: TreeMap\n// Task: explain the Java rule, the common mistake, and one concrete use case.\nclass TreeMapReview {\n    // Fill this with a tiny example while reviewing.\n}	A Map stores key-value pairs and retrieves values by key.	A useful review example should show the rule, one allowed use, and one mistake or limitation. Source: /home/fhu_thjen/projects/learning-java/19-collections-framework/theory/04-linkedlist-as-queue-concepts.md	/home/fhu_thjen/projects/learning-java/19-collections-framework/theory/04-linkedlist-as-queue-concepts.md | https://docs.oracle.com/javase/tutorial/collections/	java::core::collections_framework java::code
collections-framework-aug-code-032	When reviewing `Hashtable`, what should you prove with a tiny Java example?	// Concept: Hashtable\n// Task: explain the Java rule, the common mistake, and one concrete use case.\nclass HashtableReview {\n    // Fill this with a tiny example while reviewing.\n}	Hashtable is a legacy synchronized Map generally replaced by modern alternatives.	A useful review example should show the rule, one allowed use, and one mistake or limitation. Source: /home/fhu_thjen/projects/learning-java/19-collections-framework/theory/04-linkedlist-as-queue-concepts.md	/home/fhu_thjen/projects/learning-java/19-collections-framework/theory/04-linkedlist-as-queue-concepts.md | https://docs.oracle.com/javase/tutorial/collections/	java::core::collections_framework java::code
collections-framework-aug-code-033	When reviewing `ConcurrentHashMap`, what should you prove with a tiny Java example?	// Concept: ConcurrentHashMap\n// Task: explain the Java rule, the common mistake, and one concrete use case.\nclass ConcurrentHashMapReview {\n    // Fill this with a tiny example while reviewing.\n}	A Map stores key-value pairs and retrieves values by key.	A useful review example should show the rule, one allowed use, and one mistake or limitation. Source: /home/fhu_thjen/projects/learning-java/19-collections-framework/theory/05-concurrenthashmap-concepts.md	/home/fhu_thjen/projects/learning-java/19-collections-framework/theory/05-concurrenthashmap-concepts.md | https://docs.oracle.com/javase/tutorial/collections/	java::core::collections_framework java::code
collections-framework-aug-code-034	When reviewing `WeakHashMap`, what should you prove with a tiny Java example?	// Concept: WeakHashMap\n// Task: explain the Java rule, the common mistake, and one concrete use case.\nclass WeakHashMapReview {\n    // Fill this with a tiny example while reviewing.\n}	A Map stores key-value pairs and retrieves values by key.	A useful review example should show the rule, one allowed use, and one mistake or limitation. Source: /home/fhu_thjen/projects/learning-java/19-collections-framework/theory/05-concurrenthashmap-concepts.md	/home/fhu_thjen/projects/learning-java/19-collections-framework/theory/05-concurrenthashmap-concepts.md | https://docs.oracle.com/javase/tutorial/collections/	java::core::collections_framework java::code
collections-framework-aug-code-035	When reviewing `IdentityHashMap`, what should you prove with a tiny Java example?	// Concept: IdentityHashMap\n// Task: explain the Java rule, the common mistake, and one concrete use case.\nclass IdentityHashMapReview {\n    // Fill this with a tiny example while reviewing.\n}	A Map stores key-value pairs and retrieves values by key.	A useful review example should show the rule, one allowed use, and one mistake or limitation. Source: /home/fhu_thjen/projects/learning-java/19-collections-framework/theory/05-concurrenthashmap-concepts.md	/home/fhu_thjen/projects/learning-java/19-collections-framework/theory/05-concurrenthashmap-concepts.md | https://docs.oracle.com/javase/tutorial/collections/	java::core::collections_framework java::code
collections-framework-aug-code-036	When reviewing `SortedMap`, what should you prove with a tiny Java example?	// Concept: SortedMap\n// Task: explain the Java rule, the common mistake, and one concrete use case.\nclass SortedMapReview {\n    // Fill this with a tiny example while reviewing.\n}	A Map stores key-value pairs and retrieves values by key.	A useful review example should show the rule, one allowed use, and one mistake or limitation. Source: /home/fhu_thjen/projects/learning-java/19-collections-framework/theory/05-concurrenthashmap-concepts.md	/home/fhu_thjen/projects/learning-java/19-collections-framework/theory/05-concurrenthashmap-concepts.md | https://docs.oracle.com/javase/tutorial/collections/	java::core::collections_framework java::code
collections-framework-aug-code-037	When reviewing `NavigableMap`, what should you prove with a tiny Java example?	// Concept: NavigableMap\n// Task: explain the Java rule, the common mistake, and one concrete use case.\nclass NavigableMapReview {\n    // Fill this with a tiny example while reviewing.\n}	A Map stores key-value pairs and retrieves values by key.	A useful review example should show the rule, one allowed use, and one mistake or limitation. Source: /home/fhu_thjen/projects/learning-java/19-collections-framework/theory/05-concurrenthashmap-concepts.md	/home/fhu_thjen/projects/learning-java/19-collections-framework/theory/05-concurrenthashmap-concepts.md | https://docs.oracle.com/javase/tutorial/collections/	java::core::collections_framework java::code
collections-framework-aug-code-038	When reviewing `When to use Map?`, what should you prove with a tiny Java example?	// Concept: When to use Map?\n// Task: explain the Java rule, the common mistake, and one concrete use case.\nclass When_to_use_MapReview {\n    // Fill this with a tiny example while reviewing.\n}	A Map stores key-value pairs and retrieves values by key.	A useful review example should show the rule, one allowed use, and one mistake or limitation. Source: /home/fhu_thjen/projects/learning-java/19-collections-framework/theory/05-concurrenthashmap-concepts.md	/home/fhu_thjen/projects/learning-java/19-collections-framework/theory/05-concurrenthashmap-concepts.md | https://docs.oracle.com/javase/tutorial/collections/	java::core::collections_framework java::code
collections-framework-aug-code-039	When reviewing `Iterator`, what should you prove with a tiny Java example?	// Concept: Iterator\n// Task: explain the Java rule, the common mistake, and one concrete use case.\nclass IteratorReview {\n    // Fill this with a tiny example while reviewing.\n}	An Iterator traverses a collection while hiding its internal representation.	A useful review example should show the rule, one allowed use, and one mistake or limitation. Source: /home/fhu_thjen/projects/learning-java/19-collections-framework/theory/05-concurrenthashmap-concepts.md	/home/fhu_thjen/projects/learning-java/19-collections-framework/theory/05-concurrenthashmap-concepts.md | https://docs.oracle.com/javase/tutorial/collections/	java::core::collections_framework java::code
collections-framework-aug-code-040	When reviewing `ListIterator`, what should you prove with a tiny Java example?	// Concept: ListIterator\n// Task: explain the Java rule, the common mistake, and one concrete use case.\nclass ListIteratorReview {\n    // Fill this with a tiny example while reviewing.\n}	A List is an ordered collection that can contain duplicates and supports positional access.	A useful review example should show the rule, one allowed use, and one mistake or limitation. Source: /home/fhu_thjen/projects/learning-java/19-collections-framework/theory/05-concurrenthashmap-concepts.md	/home/fhu_thjen/projects/learning-java/19-collections-framework/theory/05-concurrenthashmap-concepts.md | https://docs.oracle.com/javase/tutorial/collections/	java::core::collections_framework java::code
collections-framework-aug-code-041	When reviewing `Fail-fast iterator`, what should you prove with a tiny Java example?	// Concept: Fail-fast iterator\n// Task: explain the Java rule, the common mistake, and one concrete use case.\nclass Fail_fast_iteratorReview {\n    // Fill this with a tiny example while reviewing.\n}	An Iterator traverses a collection while hiding its internal representation.	A useful review example should show the rule, one allowed use, and one mistake or limitation. Source: /home/fhu_thjen/projects/learning-java/19-collections-framework/theory/06-fail-fast-iterator-concepts.md	/home/fhu_thjen/projects/learning-java/19-collections-framework/theory/06-fail-fast-iterator-concepts.md | https://docs.oracle.com/javase/tutorial/collections/	java::core::collections_framework java::code
collections-framework-aug-code-042	When reviewing `Fail-safe iterator`, what should you prove with a tiny Java example?	// Concept: Fail-safe iterator\n// Task: explain the Java rule, the common mistake, and one concrete use case.\nclass Fail_safe_iteratorReview {\n    // Fill this with a tiny example while reviewing.\n}	An Iterator traverses a collection while hiding its internal representation.	A useful review example should show the rule, one allowed use, and one mistake or limitation. Source: /home/fhu_thjen/projects/learning-java/19-collections-framework/theory/06-fail-fast-iterator-concepts.md	/home/fhu_thjen/projects/learning-java/19-collections-framework/theory/06-fail-fast-iterator-concepts.md | https://docs.oracle.com/javase/tutorial/collections/	java::core::collections_framework java::code
collections-framework-aug-code-043	When reviewing `ConcurrentModificationException`, what should you prove with a tiny Java example?	// Concept: ConcurrentModificationException\n// Task: explain the Java rule, the common mistake, and one concrete use case.\nclass ConcurrentModificationExReview {\n    // Fill this with a tiny example while reviewing.\n}	An exception represents an abnormal condition that a program may catch or propagate.	A useful review example should show the rule, one allowed use, and one mistake or limitation. Source: /home/fhu_thjen/projects/learning-java/19-collections-framework/theory/06-fail-fast-iterator-concepts.md	/home/fhu_thjen/projects/learning-java/19-collections-framework/theory/06-fail-fast-iterator-concepts.md | https://docs.oracle.com/javase/tutorial/collections/	java::core::collections_framework java::code
collections-framework-aug-code-044	When reviewing `Collections.sort`, what should you prove with a tiny Java example?	// Concept: Collections.sort\n// Task: explain the Java rule, the common mistake, and one concrete use case.\nclass Collections_sortReview {\n    // Fill this with a tiny example while reviewing.\n}	A collection is an object that groups multiple elements under a common API.	A useful review example should show the rule, one allowed use, and one mistake or limitation. Source: /home/fhu_thjen/projects/learning-java/19-collections-framework/theory/06-fail-fast-iterator-concepts.md	/home/fhu_thjen/projects/learning-java/19-collections-framework/theory/06-fail-fast-iterator-concepts.md | https://docs.oracle.com/javase/tutorial/collections/	java::core::collections_framework java::code
collections-framework-aug-code-045	When reviewing `Collections.reverse`, what should you prove with a tiny Java example?	// Concept: Collections.reverse\n// Task: explain the Java rule, the common mistake, and one concrete use case.\nclass Collections_reverseReview {\n    // Fill this with a tiny example while reviewing.\n}	A collection is an object that groups multiple elements under a common API.	A useful review example should show the rule, one allowed use, and one mistake or limitation. Source: /home/fhu_thjen/projects/learning-java/19-collections-framework/theory/06-fail-fast-iterator-concepts.md	/home/fhu_thjen/projects/learning-java/19-collections-framework/theory/06-fail-fast-iterator-concepts.md | https://docs.oracle.com/javase/tutorial/collections/	java::core::collections_framework java::code
collections-framework-aug-code-046	When reviewing `Collections.shuffle`, what should you prove with a tiny Java example?	// Concept: Collections.shuffle\n// Task: explain the Java rule, the common mistake, and one concrete use case.\nclass Collections_shuffleReview {\n    // Fill this with a tiny example while reviewing.\n}	A collection is an object that groups multiple elements under a common API.	A useful review example should show the rule, one allowed use, and one mistake or limitation. Source: /home/fhu_thjen/projects/learning-java/19-collections-framework/theory/06-fail-fast-iterator-concepts.md	/home/fhu_thjen/projects/learning-java/19-collections-framework/theory/06-fail-fast-iterator-concepts.md | https://docs.oracle.com/javase/tutorial/collections/	java::core::collections_framework java::code
collections-framework-aug-code-047	When reviewing `Collections.max`, what should you prove with a tiny Java example?	// Concept: Collections.max\n// Task: explain the Java rule, the common mistake, and one concrete use case.\nclass Collections_maxReview {\n    // Fill this with a tiny example while reviewing.\n}	A collection is an object that groups multiple elements under a common API.	A useful review example should show the rule, one allowed use, and one mistake or limitation. Source: /home/fhu_thjen/projects/learning-java/19-collections-framework/theory/06-fail-fast-iterator-concepts.md	/home/fhu_thjen/projects/learning-java/19-collections-framework/theory/06-fail-fast-iterator-concepts.md | https://docs.oracle.com/javase/tutorial/collections/	java::core::collections_framework java::code
collections-framework-aug-code-048	When reviewing `Collections.min`, what should you prove with a tiny Java example?	// Concept: Collections.min\n// Task: explain the Java rule, the common mistake, and one concrete use case.\nclass Collections_minReview {\n    // Fill this with a tiny example while reviewing.\n}	A collection is an object that groups multiple elements under a common API.	A useful review example should show the rule, one allowed use, and one mistake or limitation. Source: /home/fhu_thjen/projects/learning-java/19-collections-framework/theory/06-fail-fast-iterator-concepts.md	/home/fhu_thjen/projects/learning-java/19-collections-framework/theory/06-fail-fast-iterator-concepts.md | https://docs.oracle.com/javase/tutorial/collections/	java::core::collections_framework java::code
collections-framework-aug-code-049	When reviewing `Collections.unmodifiableList`, what should you prove with a tiny Java example?	// Concept: Collections.unmodifiableList\n// Task: explain the Java rule, the common mistake, and one concrete use case.\nclass Collections_unmodifiableReview {\n    // Fill this with a tiny example while reviewing.\n}	A collection is an object that groups multiple elements under a common API.	A useful review example should show the rule, one allowed use, and one mistake or limitation. Source: /home/fhu_thjen/projects/learning-java/19-collections-framework/theory/07-collections-unmodifiablelist-concepts.md	/home/fhu_thjen/projects/learning-java/19-collections-framework/theory/07-collections-unmodifiablelist-concepts.md | https://docs.oracle.com/javase/tutorial/collections/	java::core::collections_framework java::code
collections-framework-aug-code-050	When reviewing `Collections.synchronizedList`, what should you prove with a tiny Java example?	// Concept: Collections.synchronizedList\n// Task: explain the Java rule, the common mistake, and one concrete use case.\nclass Collections_synchronizedReview {\n    // Fill this with a tiny example while reviewing.\n}	Synchronized protects a critical section by using a monitor lock.	A useful review example should show the rule, one allowed use, and one mistake or limitation. Source: /home/fhu_thjen/projects/learning-java/19-collections-framework/theory/07-collections-unmodifiablelist-concepts.md	/home/fhu_thjen/projects/learning-java/19-collections-framework/theory/07-collections-unmodifiablelist-concepts.md | https://docs.oracle.com/javase/tutorial/collections/	java::core::collections_framework java::code
collections-framework-aug-code-051	When reviewing `Arrays.sort`, what should you prove with a tiny Java example?	// Concept: Arrays.sort\n// Task: explain the Java rule, the common mistake, and one concrete use case.\nclass Arrays_sortReview {\n    // Fill this with a tiny example while reviewing.\n}	Tiny example or mental model:	A useful review example should show the rule, one allowed use, and one mistake or limitation. Source: /home/fhu_thjen/projects/learning-java/19-collections-framework/theory/07-collections-unmodifiablelist-concepts.md	/home/fhu_thjen/projects/learning-java/19-collections-framework/theory/07-collections-unmodifiablelist-concepts.md | https://docs.oracle.com/javase/tutorial/collections/	java::core::collections_framework java::code
collections-framework-aug-code-052	When reviewing `Arrays.binarySearch`, what should you prove with a tiny Java example?	// Concept: Arrays.binarySearch\n// Task: explain the Java rule, the common mistake, and one concrete use case.\nclass Arrays_binarySearchReview {\n    // Fill this with a tiny example while reviewing.\n}	Tiny example or mental model:	A useful review example should show the rule, one allowed use, and one mistake or limitation. Source: /home/fhu_thjen/projects/learning-java/19-collections-framework/theory/07-collections-unmodifiablelist-concepts.md	/home/fhu_thjen/projects/learning-java/19-collections-framework/theory/07-collections-unmodifiablelist-concepts.md | https://docs.oracle.com/javase/tutorial/collections/	java::core::collections_framework java::code
collections-framework-aug-code-053	When reviewing `Arrays.asList`, what should you prove with a tiny Java example?	// Concept: Arrays.asList\n// Task: explain the Java rule, the common mistake, and one concrete use case.\nclass Arrays_asListReview {\n    // Fill this with a tiny example while reviewing.\n}	A List is an ordered collection that can contain duplicates and supports positional access.	A useful review example should show the rule, one allowed use, and one mistake or limitation. Source: /home/fhu_thjen/projects/learning-java/19-collections-framework/theory/07-collections-unmodifiablelist-concepts.md	/home/fhu_thjen/projects/learning-java/19-collections-framework/theory/07-collections-unmodifiablelist-concepts.md | https://docs.oracle.com/javase/tutorial/collections/	java::core::collections_framework java::code
collections-framework-aug-code-054	When reviewing `Arrays.copyOf`, what should you prove with a tiny Java example?	// Concept: Arrays.copyOf\n// Task: explain the Java rule, the common mistake, and one concrete use case.\nclass Arrays_copyOfReview {\n    // Fill this with a tiny example while reviewing.\n}	Tiny example or mental model:	A useful review example should show the rule, one allowed use, and one mistake or limitation. Source: /home/fhu_thjen/projects/learning-java/19-collections-framework/theory/07-collections-unmodifiablelist-concepts.md	/home/fhu_thjen/projects/learning-java/19-collections-framework/theory/07-collections-unmodifiablelist-concepts.md | https://docs.oracle.com/javase/tutorial/collections/	java::core::collections_framework java::code
collections-framework-aug-code-055	When reviewing `Arrays.equals`, what should you prove with a tiny Java example?	// Concept: Arrays.equals\n// Task: explain the Java rule, the common mistake, and one concrete use case.\nclass Arrays_equalsReview {\n    // Fill this with a tiny example while reviewing.\n}	equals() defines logical equality between objects.	A useful review example should show the rule, one allowed use, and one mistake or limitation. Source: /home/fhu_thjen/projects/learning-java/19-collections-framework/theory/07-collections-unmodifiablelist-concepts.md	/home/fhu_thjen/projects/learning-java/19-collections-framework/theory/07-collections-unmodifiablelist-concepts.md | https://docs.oracle.com/javase/tutorial/collections/	java::core::collections_framework java::code
collections-framework-aug-code-056	When reviewing `Arrays.deepEquals`, what should you prove with a tiny Java example?	// Concept: Arrays.deepEquals\n// Task: explain the Java rule, the common mistake, and one concrete use case.\nclass Arrays_deepEqualsReview {\n    // Fill this with a tiny example while reviewing.\n}	equals() defines logical equality between objects.	A useful review example should show the rule, one allowed use, and one mistake or limitation. Source: /home/fhu_thjen/projects/learning-java/19-collections-framework/theory/07-collections-unmodifiablelist-concepts.md	/home/fhu_thjen/projects/learning-java/19-collections-framework/theory/07-collections-unmodifiablelist-concepts.md | https://docs.oracle.com/javase/tutorial/collections/	java::core::collections_framework java::code
collections-framework-aug-code-057	When reviewing `What should you know about What is the Collection Framework? in Collections Framework?`, what should you prove with a tiny Java example?	// Concept: What should you know about What is the Collection Framework? in Collections Framework?\n// Task: explain the Java rule, the common mistake, and one concrete use case.\nclass What_should_you_know_aboReview {\n    // Fill this with a tiny example while reviewing.\n}	A collection is an object that groups multiple elements under a common API.	A useful review example should show the rule, one allowed use, and one mistake or limitation. Source: 19-collections-framework/theory/01-what-is-the-collection-framework-concepts.md	19-collections-framework/theory/01-what-is-the-collection-framework-concepts.md | https://docs.oracle.com/javase/tutorial/collections/	java::core::collections_framework java::code
collections-framework-aug-code-058	When reviewing `Why does What is the Collection Framework? matter in Java?`, what should you prove with a tiny Java example?	// Concept: Why does What is the Collection Framework? matter in Java?\n// Task: explain the Java rule, the common mistake, and one concrete use case.\nclass Why_does_What_is_the_ColReview {\n    // Fill this with a tiny example while reviewing.\n}	It matters because choosing the wrong data structure changes correctness, performance, and duplicate-handling behavior. A common confusion is memorizing class names without knowing lookup order, equality rules, or iteration behavior.	A useful review example should show the rule, one allowed use, and one mistake or limitation. Source: 19-collections-framework/theory/01-what-is-the-collection-framework-concepts.md	19-collections-framework/theory/01-what-is-the-collection-framework-concepts.md | https://docs.oracle.com/javase/tutorial/collections/	java::core::collections_framework java::code
collections-framework-aug-code-059	When reviewing `What should you know about Collection in Collections Framework?`, what should you prove with a tiny Java example?	// Concept: What should you know about Collection in Collections Framework?\n// Task: explain the Java rule, the common mistake, and one concrete use case.\nclass What_should_you_know_aboReview {\n    // Fill this with a tiny example while reviewing.\n}	A collection is an object that groups multiple elements under a common API.	A useful review example should show the rule, one allowed use, and one mistake or limitation. Source: 19-collections-framework/theory/01-what-is-the-collection-framework-concepts.md	19-collections-framework/theory/01-what-is-the-collection-framework-concepts.md | https://docs.oracle.com/javase/tutorial/collections/	java::core::collections_framework java::code
collections-framework-aug-code-060	When reviewing `Why does Collection matter in Java?`, what should you prove with a tiny Java example?	// Concept: Why does Collection matter in Java?\n// Task: explain the Java rule, the common mistake, and one concrete use case.\nclass Why_does_Collection_mattReview {\n    // Fill this with a tiny example while reviewing.\n}	It matters because choosing the wrong data structure changes correctness, performance, and duplicate-handling behavior. A common confusion is memorizing class names without knowing lookup order, equality rules, or iteration behavior.	A useful review example should show the rule, one allowed use, and one mistake or limitation. Source: 19-collections-framework/theory/01-what-is-the-collection-framework-concepts.md	19-collections-framework/theory/01-what-is-the-collection-framework-concepts.md | https://docs.oracle.com/javase/tutorial/collections/	java::core::collections_framework java::code
collections-framework-aug-code-061	When reviewing `What should you know about List in Collections Framework?`, what should you prove with a tiny Java example?	// Concept: What should you know about List in Collections Framework?\n// Task: explain the Java rule, the common mistake, and one concrete use case.\nclass What_should_you_know_aboReview {\n    // Fill this with a tiny example while reviewing.\n}	A List is an ordered collection that can contain duplicates and supports positional access.	A useful review example should show the rule, one allowed use, and one mistake or limitation. Source: 19-collections-framework/theory/01-what-is-the-collection-framework-concepts.md	19-collections-framework/theory/01-what-is-the-collection-framework-concepts.md | https://docs.oracle.com/javase/tutorial/collections/	java::core::collections_framework java::code
collections-framework-aug-code-062	When reviewing `Why does List matter in Java?`, what should you prove with a tiny Java example?	// Concept: Why does List matter in Java?\n// Task: explain the Java rule, the common mistake, and one concrete use case.\nclass Why_does_List_matter_in_Review {\n    // Fill this with a tiny example while reviewing.\n}	It matters because choosing the wrong data structure changes correctness, performance, and duplicate-handling behavior. A common confusion is memorizing class names without knowing lookup order, equality rules, or iteration behavior.	A useful review example should show the rule, one allowed use, and one mistake or limitation. Source: 19-collections-framework/theory/01-what-is-the-collection-framework-concepts.md	19-collections-framework/theory/01-what-is-the-collection-framework-concepts.md | https://docs.oracle.com/javase/tutorial/collections/	java::core::collections_framework java::code
collections-framework-aug-code-063	When reviewing `What should you know about Set in Collections Framework?`, what should you prove with a tiny Java example?	// Concept: What should you know about Set in Collections Framework?\n// Task: explain the Java rule, the common mistake, and one concrete use case.\nclass What_should_you_know_aboReview {\n    // Fill this with a tiny example while reviewing.\n}	A Set is a collection that rejects duplicates according to equality rules.	A useful review example should show the rule, one allowed use, and one mistake or limitation. Source: 19-collections-framework/theory/01-what-is-the-collection-framework-concepts.md	19-collections-framework/theory/01-what-is-the-collection-framework-concepts.md | https://docs.oracle.com/javase/tutorial/collections/	java::core::collections_framework java::code
collections-framework-aug-code-064	When reviewing `Why does Set matter in Java?`, what should you prove with a tiny Java example?	// Concept: Why does Set matter in Java?\n// Task: explain the Java rule, the common mistake, and one concrete use case.\nclass Why_does_Set_matter_in_JReview {\n    // Fill this with a tiny example while reviewing.\n}	It matters because choosing the wrong data structure changes correctness, performance, and duplicate-handling behavior. A common confusion is memorizing class names without knowing lookup order, equality rules, or iteration behavior.	A useful review example should show the rule, one allowed use, and one mistake or limitation. Source: 19-collections-framework/theory/01-what-is-the-collection-framework-concepts.md	19-collections-framework/theory/01-what-is-the-collection-framework-concepts.md | https://docs.oracle.com/javase/tutorial/collections/	java::core::collections_framework java::code
collections-framework-aug-code-065	When reviewing `What should you know about Map in Collections Framework?`, what should you prove with a tiny Java example?	// Concept: What should you know about Map in Collections Framework?\n// Task: explain the Java rule, the common mistake, and one concrete use case.\nclass What_should_you_know_aboReview {\n    // Fill this with a tiny example while reviewing.\n}	A Map stores key-value pairs and retrieves values by key.	A useful review example should show the rule, one allowed use, and one mistake or limitation. Source: 19-collections-framework/theory/01-what-is-the-collection-framework-concepts.md	19-collections-framework/theory/01-what-is-the-collection-framework-concepts.md | https://docs.oracle.com/javase/tutorial/collections/	java::core::collections_framework java::code
collections-framework-aug-code-066	When reviewing `Why does Map matter in Java?`, what should you prove with a tiny Java example?	// Concept: Why does Map matter in Java?\n// Task: explain the Java rule, the common mistake, and one concrete use case.\nclass Why_does_Map_matter_in_JReview {\n    // Fill this with a tiny example while reviewing.\n}	It matters because choosing the wrong data structure changes correctness, performance, and duplicate-handling behavior. A common confusion is memorizing class names without knowing lookup order, equality rules, or iteration behavior.	A useful review example should show the rule, one allowed use, and one mistake or limitation. Source: 19-collections-framework/theory/01-what-is-the-collection-framework-concepts.md	19-collections-framework/theory/01-what-is-the-collection-framework-concepts.md | https://docs.oracle.com/javase/tutorial/collections/	java::core::collections_framework java::code
collections-framework-aug-code-067	When reviewing `What should you know about ArrayList in Collections Framework?`, what should you prove with a tiny Java example?	// Concept: What should you know about ArrayList in Collections Framework?\n// Task: explain the Java rule, the common mistake, and one concrete use case.\nclass What_should_you_know_aboReview {\n    // Fill this with a tiny example while reviewing.\n}	A List is an ordered collection that can contain duplicates and supports positional access.	A useful review example should show the rule, one allowed use, and one mistake or limitation. Source: 19-collections-framework/theory/02-arraylist-concepts.md	19-collections-framework/theory/02-arraylist-concepts.md | https://docs.oracle.com/javase/tutorial/collections/	java::core::collections_framework java::code
collections-framework-aug-code-068	When reviewing `Why does ArrayList matter in Java?`, what should you prove with a tiny Java example?	// Concept: Why does ArrayList matter in Java?\n// Task: explain the Java rule, the common mistake, and one concrete use case.\nclass Why_does_ArrayList_matteReview {\n    // Fill this with a tiny example while reviewing.\n}	It matters because choosing the wrong data structure changes correctness, performance, and duplicate-handling behavior. A common confusion is memorizing class names without knowing lookup order, equality rules, or iteration behavior.	A useful review example should show the rule, one allowed use, and one mistake or limitation. Source: 19-collections-framework/theory/02-arraylist-concepts.md	19-collections-framework/theory/02-arraylist-concepts.md | https://docs.oracle.com/javase/tutorial/collections/	java::core::collections_framework java::code
collections-framework-aug-code-069	When reviewing `What should you know about LinkedList in Collections Framework?`, what should you prove with a tiny Java example?	// Concept: What should you know about LinkedList in Collections Framework?\n// Task: explain the Java rule, the common mistake, and one concrete use case.\nclass What_should_you_know_aboReview {\n    // Fill this with a tiny example while reviewing.\n}	A List is an ordered collection that can contain duplicates and supports positional access.	A useful review example should show the rule, one allowed use, and one mistake or limitation. Source: 19-collections-framework/theory/02-arraylist-concepts.md	19-collections-framework/theory/02-arraylist-concepts.md | https://docs.oracle.com/javase/tutorial/collections/	java::core::collections_framework java::code
collections-framework-aug-code-070	When reviewing `Why does LinkedList matter in Java?`, what should you prove with a tiny Java example?	// Concept: Why does LinkedList matter in Java?\n// Task: explain the Java rule, the common mistake, and one concrete use case.\nclass Why_does_LinkedList_mattReview {\n    // Fill this with a tiny example while reviewing.\n}	It matters because choosing the wrong data structure changes correctness, performance, and duplicate-handling behavior. A common confusion is memorizing class names without knowing lookup order, equality rules, or iteration behavior.	A useful review example should show the rule, one allowed use, and one mistake or limitation. Source: 19-collections-framework/theory/02-arraylist-concepts.md	19-collections-framework/theory/02-arraylist-concepts.md | https://docs.oracle.com/javase/tutorial/collections/	java::core::collections_framework java::code
collections-framework-aug-code-071	When reviewing `What should you know about Stack in Collections Framework?`, what should you prove with a tiny Java example?	// Concept: What should you know about Stack in Collections Framework?\n// Task: explain the Java rule, the common mistake, and one concrete use case.\nclass What_should_you_know_aboReview {\n    // Fill this with a tiny example while reviewing.\n}	Stack stores method frames, local variables, and call flow for each thread.	A useful review example should show the rule, one allowed use, and one mistake or limitation. Source: 19-collections-framework/theory/02-arraylist-concepts.md	19-collections-framework/theory/02-arraylist-concepts.md | https://docs.oracle.com/javase/tutorial/collections/	java::core::collections_framework java::code
collections-framework-aug-code-072	When reviewing `Why does Stack matter in Java?`, what should you prove with a tiny Java example?	// Concept: Why does Stack matter in Java?\n// Task: explain the Java rule, the common mistake, and one concrete use case.\nclass Why_does_Stack_matter_inReview {\n    // Fill this with a tiny example while reviewing.\n}	It matters because runtime behavior explains performance, memory errors, startup behavior, and many interview questions. A common confusion is mixing compile-time concepts with JVM runtime services.	A useful review example should show the rule, one allowed use, and one mistake or limitation. Source: 19-collections-framework/theory/02-arraylist-concepts.md	19-collections-framework/theory/02-arraylist-concepts.md | https://docs.oracle.com/javase/tutorial/collections/	java::core::collections_framework java::code
collections-framework-aug-code-073	When reviewing `What should you know about Comparing ArrayList and LinkedList in Collections Framework?`, what should you prove with a tiny Java example?	// Concept: What should you know about Comparing ArrayList and LinkedList in Collections Framework?\n// Task: explain the Java rule, the common mistake, and one concrete use case.\nclass What_should_you_know_aboReview {\n    // Fill this with a tiny example while reviewing.\n}	A List is an ordered collection that can contain duplicates and supports positional access.	A useful review example should show the rule, one allowed use, and one mistake or limitation. Source: 19-collections-framework/theory/02-arraylist-concepts.md	19-collections-framework/theory/02-arraylist-concepts.md | https://docs.oracle.com/javase/tutorial/collections/	java::core::collections_framework java::code
collections-framework-aug-code-074	When reviewing `Why does Comparing ArrayList and LinkedList matter in Java?`, what should you prove with a tiny Java example?	// Concept: Why does Comparing ArrayList and LinkedList matter in Java?\n// Task: explain the Java rule, the common mistake, and one concrete use case.\nclass Why_does_Comparing_ArrayReview {\n    // Fill this with a tiny example while reviewing.\n}	It matters because choosing the wrong data structure changes correctness, performance, and duplicate-handling behavior. A common confusion is memorizing class names without knowing lookup order, equality rules, or iteration behavior.	A useful review example should show the rule, one allowed use, and one mistake or limitation. Source: 19-collections-framework/theory/02-arraylist-concepts.md	19-collections-framework/theory/02-arraylist-concepts.md | https://docs.oracle.com/javase/tutorial/collections/	java::core::collections_framework java::code
collections-framework-aug-code-075	When reviewing `What should you know about When to use List? in Collections Framework?`, what should you prove with a tiny Java example?	// Concept: What should you know about When to use List? in Collections Framework?\n// Task: explain the Java rule, the common mistake, and one concrete use case.\nclass What_should_you_know_aboReview {\n    // Fill this with a tiny example while reviewing.\n}	A List is an ordered collection that can contain duplicates and supports positional access.	A useful review example should show the rule, one allowed use, and one mistake or limitation. Source: 19-collections-framework/theory/02-arraylist-concepts.md	19-collections-framework/theory/02-arraylist-concepts.md | https://docs.oracle.com/javase/tutorial/collections/	java::core::collections_framework java::code
collections-framework-aug-code-076	When reviewing `Why does When to use List? matter in Java?`, what should you prove with a tiny Java example?	// Concept: Why does When to use List? matter in Java?\n// Task: explain the Java rule, the common mistake, and one concrete use case.\nclass Why_does_When_to_use_LisReview {\n    // Fill this with a tiny example while reviewing.\n}	It matters because choosing the wrong data structure changes correctness, performance, and duplicate-handling behavior. A common confusion is memorizing class names without knowing lookup order, equality rules, or iteration behavior.	A useful review example should show the rule, one allowed use, and one mistake or limitation. Source: 19-collections-framework/theory/02-arraylist-concepts.md	19-collections-framework/theory/02-arraylist-concepts.md | https://docs.oracle.com/javase/tutorial/collections/	java::core::collections_framework java::code
collections-framework-aug-code-077	When reviewing `What should you know about HashSet in Collections Framework?`, what should you prove with a tiny Java example?	// Concept: What should you know about HashSet in Collections Framework?\n// Task: explain the Java rule, the common mistake, and one concrete use case.\nclass What_should_you_know_aboReview {\n    // Fill this with a tiny example while reviewing.\n}	A Set is a collection that rejects duplicates according to equality rules.	A useful review example should show the rule, one allowed use, and one mistake or limitation. Source: 19-collections-framework/theory/02-arraylist-concepts.md	19-collections-framework/theory/02-arraylist-concepts.md | https://docs.oracle.com/javase/tutorial/collections/	java::core::collections_framework java::code
collections-framework-aug-code-078	When reviewing `Why does HashSet matter in Java?`, what should you prove with a tiny Java example?	// Concept: Why does HashSet matter in Java?\n// Task: explain the Java rule, the common mistake, and one concrete use case.\nclass Why_does_HashSet_matter_Review {\n    // Fill this with a tiny example while reviewing.\n}	It matters because choosing the wrong data structure changes correctness, performance, and duplicate-handling behavior. A common confusion is memorizing class names without knowing lookup order, equality rules, or iteration behavior.	A useful review example should show the rule, one allowed use, and one mistake or limitation. Source: 19-collections-framework/theory/02-arraylist-concepts.md	19-collections-framework/theory/02-arraylist-concepts.md | https://docs.oracle.com/javase/tutorial/collections/	java::core::collections_framework java::code
collections-framework-aug-code-079	When reviewing `What should you know about LinkedHashSet in Collections Framework?`, what should you prove with a tiny Java example?	// Concept: What should you know about LinkedHashSet in Collections Framework?\n// Task: explain the Java rule, the common mistake, and one concrete use case.\nclass What_should_you_know_aboReview {\n    // Fill this with a tiny example while reviewing.\n}	A Set is a collection that rejects duplicates according to equality rules.	A useful review example should show the rule, one allowed use, and one mistake or limitation. Source: 19-collections-framework/theory/02-arraylist-concepts.md	19-collections-framework/theory/02-arraylist-concepts.md | https://docs.oracle.com/javase/tutorial/collections/	java::core::collections_framework java::code
collections-framework-aug-code-080	When reviewing `Why does LinkedHashSet matter in Java?`, what should you prove with a tiny Java example?	// Concept: Why does LinkedHashSet matter in Java?\n// Task: explain the Java rule, the common mistake, and one concrete use case.\nclass Why_does_LinkedHashSet_mReview {\n    // Fill this with a tiny example while reviewing.\n}	It matters because choosing the wrong data structure changes correctness, performance, and duplicate-handling behavior. A common confusion is memorizing class names without knowing lookup order, equality rules, or iteration behavior.	A useful review example should show the rule, one allowed use, and one mistake or limitation. Source: 19-collections-framework/theory/02-arraylist-concepts.md	19-collections-framework/theory/02-arraylist-concepts.md | https://docs.oracle.com/javase/tutorial/collections/	java::core::collections_framework java::code
collections-framework-aug-code-081	When reviewing `What should you know about TreeSet in Collections Framework?`, what should you prove with a tiny Java example?	// Concept: What should you know about TreeSet in Collections Framework?\n// Task: explain the Java rule, the common mistake, and one concrete use case.\nclass What_should_you_know_aboReview {\n    // Fill this with a tiny example while reviewing.\n}	A Set is a collection that rejects duplicates according to equality rules.	A useful review example should show the rule, one allowed use, and one mistake or limitation. Source: 19-collections-framework/theory/03-treeset-concepts.md	19-collections-framework/theory/03-treeset-concepts.md | https://docs.oracle.com/javase/tutorial/collections/	java::core::collections_framework java::code
collections-framework-aug-code-082	When reviewing `Why does TreeSet matter in Java?`, what should you prove with a tiny Java example?	// Concept: Why does TreeSet matter in Java?\n// Task: explain the Java rule, the common mistake, and one concrete use case.\nclass Why_does_TreeSet_matter_Review {\n    // Fill this with a tiny example while reviewing.\n}	It matters because choosing the wrong data structure changes correctness, performance, and duplicate-handling behavior. A common confusion is memorizing class names without knowing lookup order, equality rules, or iteration behavior.	A useful review example should show the rule, one allowed use, and one mistake or limitation. Source: 19-collections-framework/theory/03-treeset-concepts.md	19-collections-framework/theory/03-treeset-concepts.md | https://docs.oracle.com/javase/tutorial/collections/	java::core::collections_framework java::code
collections-framework-aug-code-083	When reviewing `What should you know about SortedSet in Collections Framework?`, what should you prove with a tiny Java example?	// Concept: What should you know about SortedSet in Collections Framework?\n// Task: explain the Java rule, the common mistake, and one concrete use case.\nclass What_should_you_know_aboReview {\n    // Fill this with a tiny example while reviewing.\n}	A Set is a collection that rejects duplicates according to equality rules.	A useful review example should show the rule, one allowed use, and one mistake or limitation. Source: 19-collections-framework/theory/03-treeset-concepts.md	19-collections-framework/theory/03-treeset-concepts.md | https://docs.oracle.com/javase/tutorial/collections/	java::core::collections_framework java::code
collections-framework-aug-code-084	When reviewing `Why does SortedSet matter in Java?`, what should you prove with a tiny Java example?	// Concept: Why does SortedSet matter in Java?\n// Task: explain the Java rule, the common mistake, and one concrete use case.\nclass Why_does_SortedSet_matteReview {\n    // Fill this with a tiny example while reviewing.\n}	It matters because choosing the wrong data structure changes correctness, performance, and duplicate-handling behavior. A common confusion is memorizing class names without knowing lookup order, equality rules, or iteration behavior.	A useful review example should show the rule, one allowed use, and one mistake or limitation. Source: 19-collections-framework/theory/03-treeset-concepts.md	19-collections-framework/theory/03-treeset-concepts.md | https://docs.oracle.com/javase/tutorial/collections/	java::core::collections_framework java::code
collections-framework-aug-code-085	When reviewing `What should you know about NavigableSet in Collections Framework?`, what should you prove with a tiny Java example?	// Concept: What should you know about NavigableSet in Collections Framework?\n// Task: explain the Java rule, the common mistake, and one concrete use case.\nclass What_should_you_know_aboReview {\n    // Fill this with a tiny example while reviewing.\n}	A Set is a collection that rejects duplicates according to equality rules.	A useful review example should show the rule, one allowed use, and one mistake or limitation. Source: 19-collections-framework/theory/03-treeset-concepts.md	19-collections-framework/theory/03-treeset-concepts.md | https://docs.oracle.com/javase/tutorial/collections/	java::core::collections_framework java::code
collections-framework-aug-code-086	When reviewing `Why does NavigableSet matter in Java?`, what should you prove with a tiny Java example?	// Concept: Why does NavigableSet matter in Java?\n// Task: explain the Java rule, the common mistake, and one concrete use case.\nclass Why_does_NavigableSet_maReview {\n    // Fill this with a tiny example while reviewing.\n}	It matters because choosing the wrong data structure changes correctness, performance, and duplicate-handling behavior. A common confusion is memorizing class names without knowing lookup order, equality rules, or iteration behavior.	A useful review example should show the rule, one allowed use, and one mistake or limitation. Source: 19-collections-framework/theory/03-treeset-concepts.md	19-collections-framework/theory/03-treeset-concepts.md | https://docs.oracle.com/javase/tutorial/collections/	java::core::collections_framework java::code
collections-framework-aug-code-087	When reviewing `What should you know about When to use Set? in Collections Framework?`, what should you prove with a tiny Java example?	// Concept: What should you know about When to use Set? in Collections Framework?\n// Task: explain the Java rule, the common mistake, and one concrete use case.\nclass What_should_you_know_aboReview {\n    // Fill this with a tiny example while reviewing.\n}	A Set is a collection that rejects duplicates according to equality rules.	A useful review example should show the rule, one allowed use, and one mistake or limitation. Source: 19-collections-framework/theory/03-treeset-concepts.md	19-collections-framework/theory/03-treeset-concepts.md | https://docs.oracle.com/javase/tutorial/collections/	java::core::collections_framework java::code
collections-framework-aug-code-088	When reviewing `Why does When to use Set? matter in Java?`, what should you prove with a tiny Java example?	// Concept: Why does When to use Set? matter in Java?\n// Task: explain the Java rule, the common mistake, and one concrete use case.\nclass Why_does_When_to_use_SetReview {\n    // Fill this with a tiny example while reviewing.\n}	It matters because choosing the wrong data structure changes correctness, performance, and duplicate-handling behavior. A common confusion is memorizing class names without knowing lookup order, equality rules, or iteration behavior.	A useful review example should show the rule, one allowed use, and one mistake or limitation. Source: 19-collections-framework/theory/03-treeset-concepts.md	19-collections-framework/theory/03-treeset-concepts.md | https://docs.oracle.com/javase/tutorial/collections/	java::core::collections_framework java::code
collections-framework-aug-code-089	When reviewing `What should you know about Role of equals() and hashCode() in Collections Framework?`, what should you prove with a tiny Java example?	// Concept: What should you know about Role of equals() and hashCode() in Collections Framework?\n// Task: explain the Java rule, the common mistake, and one concrete use case.\nclass What_should_you_know_aboReview {\n    // Fill this with a tiny example while reviewing.\n}	equals() defines logical equality between objects.	A useful review example should show the rule, one allowed use, and one mistake or limitation. Source: 19-collections-framework/theory/03-treeset-concepts.md	19-collections-framework/theory/03-treeset-concepts.md | https://docs.oracle.com/javase/tutorial/collections/	java::core::collections_framework java::code
collections-framework-aug-code-090	When reviewing `Why does Role of equals() and hashCode() matter in Java?`, what should you prove with a tiny Java example?	// Concept: Why does Role of equals() and hashCode() matter in Java?\n// Task: explain the Java rule, the common mistake, and one concrete use case.\nclass Why_does_Role_of_equals_Review {\n    // Fill this with a tiny example while reviewing.\n}	It matters because choosing the wrong data structure changes correctness, performance, and duplicate-handling behavior. A common confusion is memorizing class names without knowing lookup order, equality rules, or iteration behavior.	A useful review example should show the rule, one allowed use, and one mistake or limitation. Source: 19-collections-framework/theory/03-treeset-concepts.md	19-collections-framework/theory/03-treeset-concepts.md | https://docs.oracle.com/javase/tutorial/collections/	java::core::collections_framework java::code
collections-framework-aug-code-091	When reviewing `What should you know about LinkedList as Queue in Collections Framework?`, what should you prove with a tiny Java example?	// Concept: What should you know about LinkedList as Queue in Collections Framework?\n// Task: explain the Java rule, the common mistake, and one concrete use case.\nclass What_should_you_know_aboReview {\n    // Fill this with a tiny example while reviewing.\n}	A List is an ordered collection that can contain duplicates and supports positional access.	A useful review example should show the rule, one allowed use, and one mistake or limitation. Source: 19-collections-framework/theory/04-linkedlist-as-queue-concepts.md	19-collections-framework/theory/04-linkedlist-as-queue-concepts.md | https://docs.oracle.com/javase/tutorial/collections/	java::core::collections_framework java::code
collections-framework-aug-code-092	When reviewing `Why does LinkedList as Queue matter in Java?`, what should you prove with a tiny Java example?	// Concept: Why does LinkedList as Queue matter in Java?\n// Task: explain the Java rule, the common mistake, and one concrete use case.\nclass Why_does_LinkedList_as_QReview {\n    // Fill this with a tiny example while reviewing.\n}	It matters because choosing the wrong data structure changes correctness, performance, and duplicate-handling behavior. A common confusion is memorizing class names without knowing lookup order, equality rules, or iteration behavior.	A useful review example should show the rule, one allowed use, and one mistake or limitation. Source: 19-collections-framework/theory/04-linkedlist-as-queue-concepts.md	19-collections-framework/theory/04-linkedlist-as-queue-concepts.md | https://docs.oracle.com/javase/tutorial/collections/	java::core::collections_framework java::code
collections-framework-aug-code-093	When reviewing `What should you know about HashMap in Collections Framework?`, what should you prove with a tiny Java example?	// Concept: What should you know about HashMap in Collections Framework?\n// Task: explain the Java rule, the common mistake, and one concrete use case.\nclass What_should_you_know_aboReview {\n    // Fill this with a tiny example while reviewing.\n}	A Map stores key-value pairs and retrieves values by key.	A useful review example should show the rule, one allowed use, and one mistake or limitation. Source: 19-collections-framework/theory/04-linkedlist-as-queue-concepts.md	19-collections-framework/theory/04-linkedlist-as-queue-concepts.md | https://docs.oracle.com/javase/tutorial/collections/	java::core::collections_framework java::code
collections-framework-aug-code-094	When reviewing `Why does HashMap matter in Java?`, what should you prove with a tiny Java example?	// Concept: Why does HashMap matter in Java?\n// Task: explain the Java rule, the common mistake, and one concrete use case.\nclass Why_does_HashMap_matter_Review {\n    // Fill this with a tiny example while reviewing.\n}	It matters because choosing the wrong data structure changes correctness, performance, and duplicate-handling behavior. A common confusion is memorizing class names without knowing lookup order, equality rules, or iteration behavior.	A useful review example should show the rule, one allowed use, and one mistake or limitation. Source: 19-collections-framework/theory/04-linkedlist-as-queue-concepts.md	19-collections-framework/theory/04-linkedlist-as-queue-concepts.md | https://docs.oracle.com/javase/tutorial/collections/	java::core::collections_framework java::code
collections-framework-aug-code-095	When reviewing `What should you know about LinkedHashMap in Collections Framework?`, what should you prove with a tiny Java example?	// Concept: What should you know about LinkedHashMap in Collections Framework?\n// Task: explain the Java rule, the common mistake, and one concrete use case.\nclass What_should_you_know_aboReview {\n    // Fill this with a tiny example while reviewing.\n}	A Map stores key-value pairs and retrieves values by key.	A useful review example should show the rule, one allowed use, and one mistake or limitation. Source: 19-collections-framework/theory/04-linkedlist-as-queue-concepts.md	19-collections-framework/theory/04-linkedlist-as-queue-concepts.md | https://docs.oracle.com/javase/tutorial/collections/	java::core::collections_framework java::code
collections-framework-aug-code-096	When reviewing `Why does LinkedHashMap matter in Java?`, what should you prove with a tiny Java example?	// Concept: Why does LinkedHashMap matter in Java?\n// Task: explain the Java rule, the common mistake, and one concrete use case.\nclass Why_does_LinkedHashMap_mReview {\n    // Fill this with a tiny example while reviewing.\n}	It matters because choosing the wrong data structure changes correctness, performance, and duplicate-handling behavior. A common confusion is memorizing class names without knowing lookup order, equality rules, or iteration behavior.	A useful review example should show the rule, one allowed use, and one mistake or limitation. Source: 19-collections-framework/theory/04-linkedlist-as-queue-concepts.md	19-collections-framework/theory/04-linkedlist-as-queue-concepts.md | https://docs.oracle.com/javase/tutorial/collections/	java::core::collections_framework java::code
collections-framework-aug-code-097	When reviewing `What should you know about TreeMap in Collections Framework?`, what should you prove with a tiny Java example?	// Concept: What should you know about TreeMap in Collections Framework?\n// Task: explain the Java rule, the common mistake, and one concrete use case.\nclass What_should_you_know_aboReview {\n    // Fill this with a tiny example while reviewing.\n}	A Map stores key-value pairs and retrieves values by key.	A useful review example should show the rule, one allowed use, and one mistake or limitation. Source: 19-collections-framework/theory/04-linkedlist-as-queue-concepts.md	19-collections-framework/theory/04-linkedlist-as-queue-concepts.md | https://docs.oracle.com/javase/tutorial/collections/	java::core::collections_framework java::code
collections-framework-aug-code-098	When reviewing `Why does TreeMap matter in Java?`, what should you prove with a tiny Java example?	// Concept: Why does TreeMap matter in Java?\n// Task: explain the Java rule, the common mistake, and one concrete use case.\nclass Why_does_TreeMap_matter_Review {\n    // Fill this with a tiny example while reviewing.\n}	It matters because choosing the wrong data structure changes correctness, performance, and duplicate-handling behavior. A common confusion is memorizing class names without knowing lookup order, equality rules, or iteration behavior.	A useful review example should show the rule, one allowed use, and one mistake or limitation. Source: 19-collections-framework/theory/04-linkedlist-as-queue-concepts.md	19-collections-framework/theory/04-linkedlist-as-queue-concepts.md | https://docs.oracle.com/javase/tutorial/collections/	java::core::collections_framework java::code
collections-framework-aug-code-099	When reviewing `Why does Hashtable matter in Java?`, what should you prove with a tiny Java example?	// Concept: Why does Hashtable matter in Java?\n// Task: explain the Java rule, the common mistake, and one concrete use case.\nclass Why_does_Hashtable_matteReview {\n    // Fill this with a tiny example while reviewing.\n}	It matters because choosing the wrong data structure changes correctness, performance, and duplicate-handling behavior. A common confusion is memorizing class names without knowing lookup order, equality rules, or iteration behavior.	A useful review example should show the rule, one allowed use, and one mistake or limitation. Source: 19-collections-framework/theory/04-linkedlist-as-queue-concepts.md	19-collections-framework/theory/04-linkedlist-as-queue-concepts.md | https://docs.oracle.com/javase/tutorial/collections/	java::core::collections_framework java::code
collections-framework-aug-code-100	When reviewing `What should you know about ConcurrentHashMap in Collections Framework?`, what should you prove with a tiny Java example?	// Concept: What should you know about ConcurrentHashMap in Collections Framework?\n// Task: explain the Java rule, the common mistake, and one concrete use case.\nclass What_should_you_know_aboReview {\n    // Fill this with a tiny example while reviewing.\n}	A Map stores key-value pairs and retrieves values by key.	A useful review example should show the rule, one allowed use, and one mistake or limitation. Source: 19-collections-framework/theory/05-concurrenthashmap-concepts.md	19-collections-framework/theory/05-concurrenthashmap-concepts.md | https://docs.oracle.com/javase/tutorial/collections/	java::core::collections_framework java::code
collections-framework-aug-code-101	When reviewing `Why does ConcurrentHashMap matter in Java?`, what should you prove with a tiny Java example?	// Concept: Why does ConcurrentHashMap matter in Java?\n// Task: explain the Java rule, the common mistake, and one concrete use case.\nclass Why_does_ConcurrentHashMReview {\n    // Fill this with a tiny example while reviewing.\n}	It matters because concurrent code can look correct in single-thread tests but fail under timing pressure. A common confusion is assuming visibility, ordering, and atomicity are the same guarantee.	A useful review example should show the rule, one allowed use, and one mistake or limitation. Source: 19-collections-framework/theory/05-concurrenthashmap-concepts.md	19-collections-framework/theory/05-concurrenthashmap-concepts.md | https://docs.oracle.com/javase/tutorial/collections/	java::core::collections_framework java::code
collections-framework-aug-code-102	When reviewing `What should you know about WeakHashMap in Collections Framework?`, what should you prove with a tiny Java example?	// Concept: What should you know about WeakHashMap in Collections Framework?\n// Task: explain the Java rule, the common mistake, and one concrete use case.\nclass What_should_you_know_aboReview {\n    // Fill this with a tiny example while reviewing.\n}	A Map stores key-value pairs and retrieves values by key.	A useful review example should show the rule, one allowed use, and one mistake or limitation. Source: 19-collections-framework/theory/05-concurrenthashmap-concepts.md	19-collections-framework/theory/05-concurrenthashmap-concepts.md | https://docs.oracle.com/javase/tutorial/collections/	java::core::collections_framework java::code
collections-framework-aug-code-103	When reviewing `Why does WeakHashMap matter in Java?`, what should you prove with a tiny Java example?	// Concept: Why does WeakHashMap matter in Java?\n// Task: explain the Java rule, the common mistake, and one concrete use case.\nclass Why_does_WeakHashMap_matReview {\n    // Fill this with a tiny example while reviewing.\n}	It matters because choosing the wrong data structure changes correctness, performance, and duplicate-handling behavior. A common confusion is memorizing class names without knowing lookup order, equality rules, or iteration behavior.	A useful review example should show the rule, one allowed use, and one mistake or limitation. Source: 19-collections-framework/theory/05-concurrenthashmap-concepts.md	19-collections-framework/theory/05-concurrenthashmap-concepts.md | https://docs.oracle.com/javase/tutorial/collections/	java::core::collections_framework java::code
collections-framework-aug-code-104	When reviewing `What should you know about IdentityHashMap in Collections Framework?`, what should you prove with a tiny Java example?	// Concept: What should you know about IdentityHashMap in Collections Framework?\n// Task: explain the Java rule, the common mistake, and one concrete use case.\nclass What_should_you_know_aboReview {\n    // Fill this with a tiny example while reviewing.\n}	A Map stores key-value pairs and retrieves values by key.	A useful review example should show the rule, one allowed use, and one mistake or limitation. Source: 19-collections-framework/theory/05-concurrenthashmap-concepts.md	19-collections-framework/theory/05-concurrenthashmap-concepts.md | https://docs.oracle.com/javase/tutorial/collections/	java::core::collections_framework java::code
collections-framework-aug-code-105	When reviewing `Why does IdentityHashMap matter in Java?`, what should you prove with a tiny Java example?	// Concept: Why does IdentityHashMap matter in Java?\n// Task: explain the Java rule, the common mistake, and one concrete use case.\nclass Why_does_IdentityHashMapReview {\n    // Fill this with a tiny example while reviewing.\n}	It matters because choosing the wrong data structure changes correctness, performance, and duplicate-handling behavior. A common confusion is memorizing class names without knowing lookup order, equality rules, or iteration behavior.	A useful review example should show the rule, one allowed use, and one mistake or limitation. Source: 19-collections-framework/theory/05-concurrenthashmap-concepts.md	19-collections-framework/theory/05-concurrenthashmap-concepts.md | https://docs.oracle.com/javase/tutorial/collections/	java::core::collections_framework java::code
