severity	path	line	id	reason
warn	/home/fhu_thjen/projects/learning-java/01-overview/anki/basic.tsv	38	overview-basic-037	shallow answer for listing/count question: '`javac -version` checks the Java compiler version.' — expand to include all items or a meaningful grouping
warn	/home/fhu_thjen/projects/learning-java/01-overview/anki/basic.tsv	39	overview-basic-038	shallow answer for listing/count question: '`javac HelloWorld.java` compiles the source file.' — expand to include all items or a meaningful grouping
warn	/home/fhu_thjen/projects/learning-java/01-overview/anki/basic.tsv	40	overview-basic-039	shallow answer for listing/count question: '`java HelloWorld` runs the compiled class.' — expand to include all items or a meaningful grouping
warn	/home/fhu_thjen/projects/learning-java/01-overview/anki/code-question.tsv	8	overview-code-007	shallow answer for listing/count question: '' — expand to include all items or a meaningful grouping
warn	/home/fhu_thjen/projects/learning-java/01-overview/anki/code-question.tsv	9	overview-code-008	shallow answer for listing/count question: '' — expand to include all items or a meaningful grouping
warn	/home/fhu_thjen/projects/learning-java/01-overview/anki/code-question.tsv	10	overview-code-009	shallow answer for listing/count question: '' — expand to include all items or a meaningful grouping
warn	/home/fhu_thjen/projects/learning-java/02-basic-syntax/anki/code-question.tsv	13	syntax-code-012	shallow answer for listing/count question: '' — expand to include all items or a meaningful grouping
warn	/home/fhu_thjen/projects/learning-java/02-basic-syntax/anki/code-question.tsv	18	syntax-code-017	shallow answer for listing/count question: '' — expand to include all items or a meaningful grouping
warn	/home/fhu_thjen/projects/learning-java/10-modifiers/anki/basic.tsv	3	modifiers-basic-002	generic/template wording: use it to predict the exact java rule
warn	/home/fhu_thjen/projects/learning-java/10-modifiers/anki/basic.tsv	4	modifiers-basic-003	generic/template wording: is a specific concept in
warn	/home/fhu_thjen/projects/learning-java/10-modifiers/anki/basic.tsv	5	modifiers-basic-004	generic/template wording: use it to predict the exact java rule
warn	/home/fhu_thjen/projects/learning-java/10-modifiers/anki/basic.tsv	6	modifiers-basic-005	generic/template wording: is a specific concept in
warn	/home/fhu_thjen/projects/learning-java/10-modifiers/anki/basic.tsv	7	modifiers-basic-006	generic/template wording: use it to predict the exact java rule
warn	/home/fhu_thjen/projects/learning-java/10-modifiers/anki/basic.tsv	8	modifiers-basic-007	generic/template wording: is a specific concept in
warn	/home/fhu_thjen/projects/learning-java/10-modifiers/anki/basic.tsv	9	modifiers-basic-008	generic/template wording: use it to predict the exact java rule
warn	/home/fhu_thjen/projects/learning-java/10-modifiers/anki/basic.tsv	10	modifiers-basic-009	generic/template wording: is a specific concept in
warn	/home/fhu_thjen/projects/learning-java/10-modifiers/anki/basic.tsv	11	modifiers-basic-010	generic/template wording: use it to predict the exact java rule
warn	/home/fhu_thjen/projects/learning-java/10-modifiers/anki/basic.tsv	13	modifiers-basic-012	generic/template wording: use it to predict the exact java rule
warn	/home/fhu_thjen/projects/learning-java/10-modifiers/anki/basic.tsv	15	modifiers-basic-014	generic/template wording: use it to predict the exact java rule
warn	/home/fhu_thjen/projects/learning-java/10-modifiers/anki/basic.tsv	17	modifiers-basic-016	generic/template wording: use it to predict the exact java rule
warn	/home/fhu_thjen/projects/learning-java/10-modifiers/anki/basic.tsv	19	modifiers-basic-018	generic/template wording: use it to predict the exact java rule
warn	/home/fhu_thjen/projects/learning-java/10-modifiers/anki/basic.tsv	25	modifiers-basic-024	generic/template wording: use it to predict the exact java rule
warn	/home/fhu_thjen/projects/learning-java/10-modifiers/anki/basic.tsv	26	modifiers-basic-025	generic/template wording: is a specific concept in
warn	/home/fhu_thjen/projects/learning-java/10-modifiers/anki/basic.tsv	27	modifiers-basic-026	generic/template wording: use it to predict the exact java rule
warn	/home/fhu_thjen/projects/learning-java/10-modifiers/anki/basic.tsv	28	modifiers-basic-027	generic/template wording: is a specific concept in
warn	/home/fhu_thjen/projects/learning-java/10-modifiers/anki/basic.tsv	29	modifiers-basic-028	generic/template wording: use it to predict the exact java rule
warn	/home/fhu_thjen/projects/learning-java/10-modifiers/anki/basic.tsv	31	modifiers-basic-030	generic/template wording: use it to predict the exact java rule
warn	/home/fhu_thjen/projects/learning-java/10-modifiers/anki/basic.tsv	33	modifiers-basic-032	generic/template wording: use it to predict the exact java rule
warn	/home/fhu_thjen/projects/learning-java/10-modifiers/anki/basic.tsv	37	modifiers-basic-036	generic/template wording: use it to predict the exact java rule
warn	/home/fhu_thjen/projects/learning-java/10-modifiers/anki/basic.tsv	39	modifiers-basic-038	generic/template wording: use it to predict the exact java rule
warn	/home/fhu_thjen/projects/learning-java/10-modifiers/anki/basic.tsv	41	modifiers-basic-040	generic/template wording: use it to predict the exact java rule
warn	/home/fhu_thjen/projects/learning-java/10-modifiers/anki/basic.tsv	43	modifiers-basic-042	generic/template wording: use it to predict the exact java rule
warn	/home/fhu_thjen/projects/learning-java/10-modifiers/anki/basic.tsv	45	modifiers-basic-044	generic/template wording: use it to predict the exact java rule
warn	/home/fhu_thjen/projects/learning-java/10-modifiers/anki/basic.tsv	47	modifiers-basic-046	generic/template wording: use it to predict the exact java rule
warn	/home/fhu_thjen/projects/learning-java/10-modifiers/anki/basic.tsv	49	modifiers-basic-048	generic/template wording: use it to predict the exact java rule
warn	/home/fhu_thjen/projects/learning-java/10-modifiers/anki/basic.tsv	50	modifiers-basic-049	generic/template wording: a common mistake is knowing the name but not knowing
warn	/home/fhu_thjen/projects/learning-java/10-modifiers/anki/basic.tsv	51	modifiers-basic-050	generic/template wording: a common mistake is knowing the name but not knowing
warn	/home/fhu_thjen/projects/learning-java/10-modifiers/anki/basic.tsv	52	modifiers-basic-051	generic/template wording: a common mistake is knowing the name but not knowing
warn	/home/fhu_thjen/projects/learning-java/10-modifiers/anki/basic.tsv	53	modifiers-basic-052	generic/template wording: a common mistake is knowing the name but not knowing
warn	/home/fhu_thjen/projects/learning-java/10-modifiers/anki/basic.tsv	54	modifiers-basic-053	generic/template wording: a common mistake is knowing the name but not knowing
warn	/home/fhu_thjen/projects/learning-java/10-modifiers/anki/basic.tsv	55	modifiers-basic-054	generic/template wording: a common mistake is knowing the name but not knowing
warn	/home/fhu_thjen/projects/learning-java/10-modifiers/anki/basic.tsv	56	modifiers-basic-055	generic/template wording: a common mistake is knowing the name but not knowing
warn	/home/fhu_thjen/projects/learning-java/10-modifiers/anki/basic.tsv	57	modifiers-basic-056	generic/template wording: a common mistake is knowing the name but not knowing
warn	/home/fhu_thjen/projects/learning-java/10-modifiers/anki/basic.tsv	58	modifiers-basic-057	generic/template wording: a common mistake is knowing the name but not knowing
warn	/home/fhu_thjen/projects/learning-java/10-modifiers/anki/basic.tsv	59	modifiers-basic-058	generic/template wording: a common mistake is knowing the name but not knowing
warn	/home/fhu_thjen/projects/learning-java/10-modifiers/anki/basic.tsv	60	modifiers-basic-059	generic/template wording: a common mistake is knowing the name but not knowing
warn	/home/fhu_thjen/projects/learning-java/10-modifiers/anki/basic.tsv	61	modifiers-basic-060	generic/template wording: a common mistake is knowing the name but not knowing
warn	/home/fhu_thjen/projects/learning-java/10-modifiers/anki/basic.tsv	62	modifiers-basic-061	generic/template wording: a common mistake is knowing the name but not knowing
warn	/home/fhu_thjen/projects/learning-java/10-modifiers/anki/basic.tsv	63	modifiers-basic-062	generic/template wording: a common mistake is knowing the name but not knowing
warn	/home/fhu_thjen/projects/learning-java/10-modifiers/anki/basic.tsv	64	modifiers-basic-063	generic/template wording: a common mistake is knowing the name but not knowing
warn	/home/fhu_thjen/projects/learning-java/10-modifiers/anki/basic.tsv	65	modifiers-basic-064	generic/template wording: a common mistake is knowing the name but not knowing
warn	/home/fhu_thjen/projects/learning-java/10-modifiers/anki/basic.tsv	66	modifiers-basic-065	generic/template wording: a common mistake is knowing the name but not knowing
warn	/home/fhu_thjen/projects/learning-java/10-modifiers/anki/basic.tsv	67	modifiers-basic-066	generic/template wording: a common mistake is knowing the name but not knowing
warn	/home/fhu_thjen/projects/learning-java/10-modifiers/anki/basic.tsv	68	modifiers-basic-067	generic/template wording: a common mistake is knowing the name but not knowing
warn	/home/fhu_thjen/projects/learning-java/10-modifiers/anki/basic.tsv	69	modifiers-basic-068	generic/template wording: a common mistake is knowing the name but not knowing
warn	/home/fhu_thjen/projects/learning-java/10-modifiers/anki/basic.tsv	70	modifiers-basic-069	generic/template wording: a common mistake is knowing the name but not knowing
warn	/home/fhu_thjen/projects/learning-java/10-modifiers/anki/basic.tsv	71	modifiers-basic-070	generic/template wording: a common mistake is knowing the name but not knowing
warn	/home/fhu_thjen/projects/learning-java/10-modifiers/anki/basic.tsv	72	modifiers-basic-071	generic/template wording: a common mistake is knowing the name but not knowing
warn	/home/fhu_thjen/projects/learning-java/10-modifiers/anki/basic.tsv	73	modifiers-basic-072	generic/template wording: a common mistake is knowing the name but not knowing
warn	/home/fhu_thjen/projects/learning-java/10-modifiers/anki/cloze.tsv	2	modifiers-cloze-001	generic/template wording: use it to predict the exact java rule
warn	/home/fhu_thjen/projects/learning-java/10-modifiers/anki/cloze.tsv	4	modifiers-cloze-003	generic/template wording: use it to predict the exact java rule
warn	/home/fhu_thjen/projects/learning-java/10-modifiers/anki/cloze.tsv	6	modifiers-cloze-005	generic/template wording: use it to predict the exact java rule
warn	/home/fhu_thjen/projects/learning-java/10-modifiers/anki/cloze.tsv	8	modifiers-cloze-007	generic/template wording: use it to predict the exact java rule
warn	/home/fhu_thjen/projects/learning-java/10-modifiers/anki/cloze.tsv	10	modifiers-cloze-009	generic/template wording: use it to predict the exact java rule
warn	/home/fhu_thjen/projects/learning-java/10-modifiers/anki/cloze.tsv	12	modifiers-cloze-011	generic/template wording: use it to predict the exact java rule
warn	/home/fhu_thjen/projects/learning-java/10-modifiers/anki/cloze.tsv	14	modifiers-cloze-013	generic/template wording: use it to predict the exact java rule
warn	/home/fhu_thjen/projects/learning-java/10-modifiers/anki/cloze.tsv	16	modifiers-cloze-015	generic/template wording: use it to predict the exact java rule
warn	/home/fhu_thjen/projects/learning-java/10-modifiers/anki/cloze.tsv	18	modifiers-cloze-017	generic/template wording: use it to predict the exact java rule
warn	/home/fhu_thjen/projects/learning-java/10-modifiers/anki/cloze.tsv	24	modifiers-cloze-023	generic/template wording: use it to predict the exact java rule
warn	/home/fhu_thjen/projects/learning-java/10-modifiers/anki/cloze.tsv	26	modifiers-cloze-025	generic/template wording: use it to predict the exact java rule
warn	/home/fhu_thjen/projects/learning-java/10-modifiers/anki/cloze.tsv	28	modifiers-cloze-027	generic/template wording: use it to predict the exact java rule
warn	/home/fhu_thjen/projects/learning-java/10-modifiers/anki/cloze.tsv	30	modifiers-cloze-029	generic/template wording: use it to predict the exact java rule
warn	/home/fhu_thjen/projects/learning-java/10-modifiers/anki/cloze.tsv	32	modifiers-cloze-031	generic/template wording: use it to predict the exact java rule
warn	/home/fhu_thjen/projects/learning-java/10-modifiers/anki/cloze.tsv	36	modifiers-cloze-035	generic/template wording: use it to predict the exact java rule
warn	/home/fhu_thjen/projects/learning-java/10-modifiers/anki/cloze.tsv	38	modifiers-cloze-037	generic/template wording: use it to predict the exact java rule
warn	/home/fhu_thjen/projects/learning-java/10-modifiers/anki/cloze.tsv	40	modifiers-cloze-039	generic/template wording: use it to predict the exact java rule
warn	/home/fhu_thjen/projects/learning-java/10-modifiers/anki/cloze.tsv	42	modifiers-cloze-041	generic/template wording: use it to predict the exact java rule
warn	/home/fhu_thjen/projects/learning-java/10-modifiers/anki/cloze.tsv	44	modifiers-cloze-043	generic/template wording: use it to predict the exact java rule
warn	/home/fhu_thjen/projects/learning-java/10-modifiers/anki/cloze.tsv	46	modifiers-cloze-045	generic/template wording: use it to predict the exact java rule
warn	/home/fhu_thjen/projects/learning-java/10-modifiers/anki/cloze.tsv	48	modifiers-cloze-047	generic/template wording: use it to predict the exact java rule
warn	/home/fhu_thjen/projects/learning-java/10-modifiers/anki/code-question.tsv	3	modifiers-code-002	generic/template wording: use it to predict the exact java rule
warn	/home/fhu_thjen/projects/learning-java/10-modifiers/anki/code-question.tsv	4	modifiers-code-003	generic/template wording: is a specific concept in
warn	/home/fhu_thjen/projects/learning-java/10-modifiers/anki/code-question.tsv	5	modifiers-code-004	generic/template wording: is a specific concept in
warn	/home/fhu_thjen/projects/learning-java/10-modifiers/anki/code-question.tsv	6	modifiers-code-005	generic/template wording: is a specific concept in
warn	/home/fhu_thjen/projects/learning-java/10-modifiers/anki/code-question.tsv	7	modifiers-code-006	generic/template wording: is a specific concept in
warn	/home/fhu_thjen/projects/learning-java/10-modifiers/anki/code-question.tsv	8	modifiers-code-007	generic/template wording: use it to predict the exact java rule
warn	/home/fhu_thjen/projects/learning-java/10-modifiers/anki/code-question.tsv	9	modifiers-code-008	generic/template wording: use it to predict the exact java rule
warn	/home/fhu_thjen/projects/learning-java/10-modifiers/anki/code-question.tsv	10	modifiers-code-009	generic/template wording: use it to predict the exact java rule
warn	/home/fhu_thjen/projects/learning-java/10-modifiers/anki/code-question.tsv	11	modifiers-code-010	generic/template wording: use it to predict the exact java rule
warn	/home/fhu_thjen/projects/learning-java/10-modifiers/anki/code-question.tsv	14	modifiers-code-013	generic/template wording: use it to predict the exact java rule
warn	/home/fhu_thjen/projects/learning-java/10-modifiers/anki/code-question.tsv	15	modifiers-code-014	generic/template wording: is a specific concept in
warn	/home/fhu_thjen/projects/learning-java/10-modifiers/anki/code-question.tsv	16	modifiers-code-015	generic/template wording: is a specific concept in
warn	/home/fhu_thjen/projects/learning-java/10-modifiers/anki/code-question.tsv	17	modifiers-code-016	generic/template wording: use it to predict the exact java rule
warn	/home/fhu_thjen/projects/learning-java/10-modifiers/anki/code-question.tsv	18	modifiers-code-017	generic/template wording: use it to predict the exact java rule
warn	/home/fhu_thjen/projects/learning-java/10-modifiers/anki/code-question.tsv	20	modifiers-code-019	generic/template wording: use it to predict the exact java rule
warn	/home/fhu_thjen/projects/learning-java/10-modifiers/anki/code-question.tsv	21	modifiers-code-020	generic/template wording: use it to predict the exact java rule
warn	/home/fhu_thjen/projects/learning-java/10-modifiers/anki/code-question.tsv	22	modifiers-code-021	generic/template wording: use it to predict the exact java rule
warn	/home/fhu_thjen/projects/learning-java/10-modifiers/anki/code-question.tsv	23	modifiers-code-022	generic/template wording: use it to predict the exact java rule
warn	/home/fhu_thjen/projects/learning-java/10-modifiers/anki/code-question.tsv	24	modifiers-code-023	generic/template wording: use it to predict the exact java rule
warn	/home/fhu_thjen/projects/learning-java/12-exception-handling/anki/basic-extra.tsv	30	exception_handling-extra-029	Extra is too short for a deep card
warn	/home/fhu_thjen/projects/learning-java/12-exception-handling/anki/basic-extra.tsv	34	exception_handling-extra-033	Extra is too short for a deep card
warn	/home/fhu_thjen/projects/learning-java/12-exception-handling/anki/basic-extra.tsv	36	exception_handling-extra-035	Extra is too short for a deep card
warn	/home/fhu_thjen/projects/learning-java/12-exception-handling/anki/basic-extra.tsv	40	exception_handling-extra-039	Extra is too short for a deep card
warn	/home/fhu_thjen/projects/learning-java/12-exception-handling/anki/basic-extra.tsv	41	exception_handling-extra-040	Extra is too short for a deep card
warn	/home/fhu_thjen/projects/learning-java/12-exception-handling/anki/basic-extra.tsv	42	exception_handling-extra-041	Extra is too short for a deep card
warn	/home/fhu_thjen/projects/learning-java/12-exception-handling/anki/basic-extra.tsv	46	exception_handling-extra-045	Extra is too short for a deep card
warn	/home/fhu_thjen/projects/learning-java/12-exception-handling/anki/basic-extra.tsv	52	exception_handling-extra-051	Extra is too short for a deep card
warn	/home/fhu_thjen/projects/learning-java/12-exception-handling/anki/basic.tsv	12	exception_handling-basic-011	generic/template wording: is a specific concept in
warn	/home/fhu_thjen/projects/learning-java/12-exception-handling/anki/basic.tsv	13	exception_handling-basic-012	generic/template wording: use it to predict the exact java rule
warn	/home/fhu_thjen/projects/learning-java/12-exception-handling/anki/basic.tsv	14	exception_handling-basic-013	generic/template wording: is a specific concept in
warn	/home/fhu_thjen/projects/learning-java/12-exception-handling/anki/basic.tsv	15	exception_handling-basic-014	generic/template wording: use it to predict the exact java rule
warn	/home/fhu_thjen/projects/learning-java/12-exception-handling/anki/basic.tsv	16	exception_handling-basic-015	generic/template wording: is a specific concept in
warn	/home/fhu_thjen/projects/learning-java/12-exception-handling/anki/basic.tsv	17	exception_handling-basic-016	generic/template wording: use it to predict the exact java rule
warn	/home/fhu_thjen/projects/learning-java/12-exception-handling/anki/basic.tsv	19	exception_handling-basic-018	generic/template wording: use it to predict the exact java rule
warn	/home/fhu_thjen/projects/learning-java/12-exception-handling/anki/basic.tsv	20	exception_handling-basic-019	generic/template wording: is a specific concept in
warn	/home/fhu_thjen/projects/learning-java/12-exception-handling/anki/basic.tsv	21	exception_handling-basic-020	generic/template wording: use it to predict the exact java rule
warn	/home/fhu_thjen/projects/learning-java/12-exception-handling/anki/basic.tsv	22	exception_handling-basic-021	generic/template wording: is a specific concept in
warn	/home/fhu_thjen/projects/learning-java/12-exception-handling/anki/basic.tsv	23	exception_handling-basic-022	generic/template wording: use it to predict the exact java rule
warn	/home/fhu_thjen/projects/learning-java/12-exception-handling/anki/basic.tsv	25	exception_handling-basic-024	generic/template wording: use it to predict the exact java rule
warn	/home/fhu_thjen/projects/learning-java/12-exception-handling/anki/basic.tsv	56	exception_handling-basic-055	generic/template wording: a common mistake is knowing the name but not knowing
warn	/home/fhu_thjen/projects/learning-java/12-exception-handling/anki/basic.tsv	57	exception_handling-basic-056	generic/template wording: a common mistake is knowing the name but not knowing
warn	/home/fhu_thjen/projects/learning-java/12-exception-handling/anki/basic.tsv	58	exception_handling-basic-057	generic/template wording: a common mistake is knowing the name but not knowing
warn	/home/fhu_thjen/projects/learning-java/12-exception-handling/anki/basic.tsv	59	exception_handling-basic-058	generic/template wording: a common mistake is knowing the name but not knowing
warn	/home/fhu_thjen/projects/learning-java/12-exception-handling/anki/basic.tsv	60	exception_handling-basic-059	generic/template wording: a common mistake is knowing the name but not knowing
warn	/home/fhu_thjen/projects/learning-java/12-exception-handling/anki/basic.tsv	61	exception_handling-basic-060	generic/template wording: a common mistake is knowing the name but not knowing
warn	/home/fhu_thjen/projects/learning-java/12-exception-handling/anki/basic.tsv	62	exception_handling-basic-061	generic/template wording: a common mistake is knowing the name but not knowing
warn	/home/fhu_thjen/projects/learning-java/12-exception-handling/anki/basic.tsv	63	exception_handling-basic-062	generic/template wording: a common mistake is knowing the name but not knowing
warn	/home/fhu_thjen/projects/learning-java/12-exception-handling/anki/basic.tsv	64	exception_handling-basic-063	generic/template wording: a common mistake is knowing the name but not knowing
warn	/home/fhu_thjen/projects/learning-java/12-exception-handling/anki/basic.tsv	65	exception_handling-basic-064	generic/template wording: a common mistake is knowing the name but not knowing
warn	/home/fhu_thjen/projects/learning-java/12-exception-handling/anki/basic.tsv	66	exception_handling-basic-065	generic/template wording: a common mistake is knowing the name but not knowing
warn	/home/fhu_thjen/projects/learning-java/12-exception-handling/anki/basic.tsv	67	exception_handling-basic-066	generic/template wording: a common mistake is knowing the name but not knowing
warn	/home/fhu_thjen/projects/learning-java/12-exception-handling/anki/basic.tsv	68	exception_handling-basic-067	generic/template wording: a common mistake is knowing the name but not knowing
warn	/home/fhu_thjen/projects/learning-java/12-exception-handling/anki/basic.tsv	69	exception_handling-basic-068	generic/template wording: a common mistake is knowing the name but not knowing
warn	/home/fhu_thjen/projects/learning-java/12-exception-handling/anki/basic.tsv	70	exception_handling-basic-069	generic/template wording: a common mistake is knowing the name but not knowing
warn	/home/fhu_thjen/projects/learning-java/12-exception-handling/anki/basic.tsv	71	exception_handling-basic-070	generic/template wording: a common mistake is knowing the name but not knowing
warn	/home/fhu_thjen/projects/learning-java/12-exception-handling/anki/basic.tsv	72	exception_handling-basic-071	generic/template wording: a common mistake is knowing the name but not knowing
warn	/home/fhu_thjen/projects/learning-java/12-exception-handling/anki/basic.tsv	73	exception_handling-basic-072	generic/template wording: a common mistake is knowing the name but not knowing
warn	/home/fhu_thjen/projects/learning-java/12-exception-handling/anki/basic.tsv	74	exception_handling-basic-073	generic/template wording: a common mistake is knowing the name but not knowing
warn	/home/fhu_thjen/projects/learning-java/12-exception-handling/anki/basic.tsv	75	exception_handling-basic-074	generic/template wording: a common mistake is knowing the name but not knowing
warn	/home/fhu_thjen/projects/learning-java/12-exception-handling/anki/basic.tsv	76	exception_handling-basic-075	generic/template wording: a common mistake is knowing the name but not knowing
warn	/home/fhu_thjen/projects/learning-java/12-exception-handling/anki/basic.tsv	77	exception_handling-basic-076	generic/template wording: a common mistake is knowing the name but not knowing
warn	/home/fhu_thjen/projects/learning-java/12-exception-handling/anki/basic.tsv	78	exception_handling-basic-077	generic/template wording: a common mistake is knowing the name but not knowing
warn	/home/fhu_thjen/projects/learning-java/12-exception-handling/anki/basic.tsv	79	exception_handling-basic-078	generic/template wording: a common mistake is knowing the name but not knowing
warn	/home/fhu_thjen/projects/learning-java/12-exception-handling/anki/basic.tsv	80	exception_handling-basic-079	generic/template wording: a common mistake is knowing the name but not knowing
warn	/home/fhu_thjen/projects/learning-java/12-exception-handling/anki/basic.tsv	81	exception_handling-basic-080	generic/template wording: a common mistake is knowing the name but not knowing
warn	/home/fhu_thjen/projects/learning-java/12-exception-handling/anki/basic.tsv	82	exception_handling-basic-081	generic/template wording: a common mistake is knowing the name but not knowing
warn	/home/fhu_thjen/projects/learning-java/12-exception-handling/anki/cloze.tsv	12	exception_handling-cloze-011	generic/template wording: use it to predict the exact java rule
warn	/home/fhu_thjen/projects/learning-java/12-exception-handling/anki/cloze.tsv	14	exception_handling-cloze-013	generic/template wording: use it to predict the exact java rule
warn	/home/fhu_thjen/projects/learning-java/12-exception-handling/anki/cloze.tsv	16	exception_handling-cloze-015	generic/template wording: use it to predict the exact java rule
warn	/home/fhu_thjen/projects/learning-java/12-exception-handling/anki/cloze.tsv	18	exception_handling-cloze-017	generic/template wording: use it to predict the exact java rule
warn	/home/fhu_thjen/projects/learning-java/12-exception-handling/anki/cloze.tsv	20	exception_handling-cloze-019	generic/template wording: use it to predict the exact java rule
warn	/home/fhu_thjen/projects/learning-java/12-exception-handling/anki/cloze.tsv	22	exception_handling-cloze-021	generic/template wording: use it to predict the exact java rule
warn	/home/fhu_thjen/projects/learning-java/12-exception-handling/anki/cloze.tsv	24	exception_handling-cloze-023	generic/template wording: use it to predict the exact java rule
warn	/home/fhu_thjen/projects/learning-java/12-exception-handling/anki/code-question.tsv	8	exception_handling-code-007	generic/template wording: is a specific concept in
warn	/home/fhu_thjen/projects/learning-java/12-exception-handling/anki/code-question.tsv	9	exception_handling-code-008	generic/template wording: is a specific concept in
warn	/home/fhu_thjen/projects/learning-java/12-exception-handling/anki/code-question.tsv	10	exception_handling-code-009	generic/template wording: is a specific concept in
warn	/home/fhu_thjen/projects/learning-java/12-exception-handling/anki/code-question.tsv	11	exception_handling-code-010	generic/template wording: use it to predict the exact java rule
warn	/home/fhu_thjen/projects/learning-java/12-exception-handling/anki/code-question.tsv	12	exception_handling-code-011	generic/template wording: is a specific concept in
warn	/home/fhu_thjen/projects/learning-java/12-exception-handling/anki/code-question.tsv	13	exception_handling-code-012	generic/template wording: is a specific concept in
warn	/home/fhu_thjen/projects/learning-java/12-exception-handling/anki/code-question.tsv	14	exception_handling-code-013	generic/template wording: use it to predict the exact java rule
warn	/home/fhu_thjen/projects/learning-java/12-exception-handling/anki/code-question.tsv	34	exception_handling-code-033	shallow answer for listing/count question: '' — expand to include all items or a meaningful grouping
warn	/home/fhu_thjen/projects/learning-java/13-memory-management/anki/basic.tsv	7	memory_management-basic-006	generic/template wording: use it to predict the exact java rule
warn	/home/fhu_thjen/projects/learning-java/13-memory-management/anki/basic.tsv	8	memory_management-basic-007	generic/template wording: is a specific concept in
warn	/home/fhu_thjen/projects/learning-java/13-memory-management/anki/basic.tsv	9	memory_management-basic-008	generic/template wording: use it to predict the exact java rule
warn	/home/fhu_thjen/projects/learning-java/13-memory-management/anki/basic.tsv	12	memory_management-basic-011	generic/template wording: is a specific concept in
warn	/home/fhu_thjen/projects/learning-java/13-memory-management/anki/basic.tsv	13	memory_management-basic-012	generic/template wording: use it to predict the exact java rule
warn	/home/fhu_thjen/projects/learning-java/13-memory-management/anki/basic.tsv	14	memory_management-basic-013	generic/template wording: is a specific concept in
warn	/home/fhu_thjen/projects/learning-java/13-memory-management/anki/basic.tsv	15	memory_management-basic-014	generic/template wording: use it to predict the exact java rule
warn	/home/fhu_thjen/projects/learning-java/13-memory-management/anki/basic.tsv	16	memory_management-basic-015	generic/template wording: is a specific concept in
warn	/home/fhu_thjen/projects/learning-java/13-memory-management/anki/basic.tsv	17	memory_management-basic-016	generic/template wording: use it to predict the exact java rule
warn	/home/fhu_thjen/projects/learning-java/13-memory-management/anki/basic.tsv	18	memory_management-basic-017	generic/template wording: is a specific concept in
warn	/home/fhu_thjen/projects/learning-java/13-memory-management/anki/basic.tsv	19	memory_management-basic-018	generic/template wording: use it to predict the exact java rule
warn	/home/fhu_thjen/projects/learning-java/13-memory-management/anki/basic.tsv	20	memory_management-basic-019	generic/template wording: is a specific concept in
warn	/home/fhu_thjen/projects/learning-java/13-memory-management/anki/basic.tsv	21	memory_management-basic-020	generic/template wording: use it to predict the exact java rule
warn	/home/fhu_thjen/projects/learning-java/13-memory-management/anki/basic.tsv	22	memory_management-basic-021	generic/template wording: is a specific concept in
warn	/home/fhu_thjen/projects/learning-java/13-memory-management/anki/basic.tsv	23	memory_management-basic-022	generic/template wording: use it to predict the exact java rule
warn	/home/fhu_thjen/projects/learning-java/13-memory-management/anki/basic.tsv	26	memory_management-basic-025	generic/template wording: is a specific concept in
warn	/home/fhu_thjen/projects/learning-java/13-memory-management/anki/basic.tsv	28	memory_management-basic-027	generic/template wording: is a specific concept in
warn	/home/fhu_thjen/projects/learning-java/13-memory-management/anki/basic.tsv	31	memory_management-basic-030	generic/template wording: use it to predict the exact java rule
warn	/home/fhu_thjen/projects/learning-java/13-memory-management/anki/basic.tsv	32	memory_management-basic-031	generic/template wording: is a specific concept in
warn	/home/fhu_thjen/projects/learning-java/13-memory-management/anki/basic.tsv	33	memory_management-basic-032	generic/template wording: use it to predict the exact java rule
warn	/home/fhu_thjen/projects/learning-java/13-memory-management/anki/basic.tsv	34	memory_management-basic-033	generic/template wording: is a specific concept in
warn	/home/fhu_thjen/projects/learning-java/13-memory-management/anki/basic.tsv	35	memory_management-basic-034	generic/template wording: use it to predict the exact java rule
warn	/home/fhu_thjen/projects/learning-java/13-memory-management/anki/basic.tsv	38	memory_management-basic-037	generic/template wording: a common mistake is knowing the name but not knowing
warn	/home/fhu_thjen/projects/learning-java/13-memory-management/anki/basic.tsv	39	memory_management-basic-038	generic/template wording: a common mistake is knowing the name but not knowing
warn	/home/fhu_thjen/projects/learning-java/13-memory-management/anki/basic.tsv	40	memory_management-basic-039	generic/template wording: a common mistake is knowing the name but not knowing
warn	/home/fhu_thjen/projects/learning-java/13-memory-management/anki/basic.tsv	41	memory_management-basic-040	generic/template wording: a common mistake is knowing the name but not knowing
warn	/home/fhu_thjen/projects/learning-java/13-memory-management/anki/basic.tsv	42	memory_management-basic-041	generic/template wording: a common mistake is knowing the name but not knowing
warn	/home/fhu_thjen/projects/learning-java/13-memory-management/anki/basic.tsv	43	memory_management-basic-042	generic/template wording: a common mistake is knowing the name but not knowing
warn	/home/fhu_thjen/projects/learning-java/13-memory-management/anki/basic.tsv	44	memory_management-basic-043	generic/template wording: a common mistake is knowing the name but not knowing
warn	/home/fhu_thjen/projects/learning-java/13-memory-management/anki/basic.tsv	45	memory_management-basic-044	generic/template wording: a common mistake is knowing the name but not knowing
warn	/home/fhu_thjen/projects/learning-java/13-memory-management/anki/basic.tsv	46	memory_management-basic-045	generic/template wording: a common mistake is knowing the name but not knowing
warn	/home/fhu_thjen/projects/learning-java/13-memory-management/anki/basic.tsv	47	memory_management-basic-046	generic/template wording: a common mistake is knowing the name but not knowing
warn	/home/fhu_thjen/projects/learning-java/13-memory-management/anki/basic.tsv	48	memory_management-basic-047	generic/template wording: a common mistake is knowing the name but not knowing
warn	/home/fhu_thjen/projects/learning-java/13-memory-management/anki/basic.tsv	49	memory_management-basic-048	generic/template wording: a common mistake is knowing the name but not knowing
warn	/home/fhu_thjen/projects/learning-java/13-memory-management/anki/basic.tsv	50	memory_management-basic-049	generic/template wording: a common mistake is knowing the name but not knowing
warn	/home/fhu_thjen/projects/learning-java/13-memory-management/anki/basic.tsv	51	memory_management-basic-050	generic/template wording: a common mistake is knowing the name but not knowing
warn	/home/fhu_thjen/projects/learning-java/13-memory-management/anki/basic.tsv	52	memory_management-basic-051	generic/template wording: a common mistake is knowing the name but not knowing
warn	/home/fhu_thjen/projects/learning-java/13-memory-management/anki/basic.tsv	53	memory_management-basic-052	generic/template wording: a common mistake is knowing the name but not knowing
warn	/home/fhu_thjen/projects/learning-java/13-memory-management/anki/basic.tsv	54	memory_management-basic-053	generic/template wording: a common mistake is knowing the name but not knowing
warn	/home/fhu_thjen/projects/learning-java/13-memory-management/anki/basic.tsv	55	memory_management-basic-054	generic/template wording: a common mistake is knowing the name but not knowing
warn	/home/fhu_thjen/projects/learning-java/13-memory-management/anki/cloze.tsv	6	memory_management-cloze-005	generic/template wording: use it to predict the exact java rule
warn	/home/fhu_thjen/projects/learning-java/13-memory-management/anki/cloze.tsv	8	memory_management-cloze-007	generic/template wording: use it to predict the exact java rule
warn	/home/fhu_thjen/projects/learning-java/13-memory-management/anki/cloze.tsv	12	memory_management-cloze-011	generic/template wording: use it to predict the exact java rule
warn	/home/fhu_thjen/projects/learning-java/13-memory-management/anki/cloze.tsv	14	memory_management-cloze-013	generic/template wording: use it to predict the exact java rule
warn	/home/fhu_thjen/projects/learning-java/13-memory-management/anki/cloze.tsv	16	memory_management-cloze-015	generic/template wording: use it to predict the exact java rule
warn	/home/fhu_thjen/projects/learning-java/13-memory-management/anki/cloze.tsv	18	memory_management-cloze-017	generic/template wording: use it to predict the exact java rule
warn	/home/fhu_thjen/projects/learning-java/13-memory-management/anki/cloze.tsv	20	memory_management-cloze-019	generic/template wording: use it to predict the exact java rule
warn	/home/fhu_thjen/projects/learning-java/13-memory-management/anki/cloze.tsv	22	memory_management-cloze-021	generic/template wording: use it to predict the exact java rule
warn	/home/fhu_thjen/projects/learning-java/13-memory-management/anki/cloze.tsv	30	memory_management-cloze-029	generic/template wording: use it to predict the exact java rule
warn	/home/fhu_thjen/projects/learning-java/13-memory-management/anki/cloze.tsv	32	memory_management-cloze-031	generic/template wording: use it to predict the exact java rule
warn	/home/fhu_thjen/projects/learning-java/13-memory-management/anki/cloze.tsv	34	memory_management-cloze-033	generic/template wording: use it to predict the exact java rule
warn	/home/fhu_thjen/projects/learning-java/17-annotation/anki/basic-extra.tsv	2	annotation-extra-001	Extra is too short for a deep card
warn	/home/fhu_thjen/projects/learning-java/17-annotation/anki/basic-extra.tsv	3	annotation-extra-002	Extra is too short for a deep card
warn	/home/fhu_thjen/projects/learning-java/17-annotation/anki/basic-extra.tsv	6	annotation-extra-005	Extra is too short for a deep card
warn	/home/fhu_thjen/projects/learning-java/17-annotation/anki/basic-extra.tsv	9	annotation-extra-008	Extra is too short for a deep card
warn	/home/fhu_thjen/projects/learning-java/17-annotation/anki/basic-extra.tsv	10	annotation-extra-009	Extra is too short for a deep card
warn	/home/fhu_thjen/projects/learning-java/18-generics/anki/basic-extra.tsv	9	generics-bx-008	Extra is too short for a deep card
warn	/home/fhu_thjen/projects/learning-java/18-generics/anki/basic-extra.tsv	17	generics-bx-016	Extra is too short for a deep card
warn	/home/fhu_thjen/projects/learning-java/18-generics/anki/basic.tsv	8	generics-basic-007	shallow answer for listing/count question: '`Comparable<T>`, `Comparator<T>`, `Iterable<T>`, `Function<T,R>` (any three).' — expand to include all items or a meaningful grouping
warn	/home/fhu_thjen/projects/learning-java/21-lambda-expression/anki/basic.tsv	8	lambda_expression-basic-007	generic/template wording: is a specific concept in
warn	/home/fhu_thjen/projects/learning-java/21-lambda-expression/anki/basic.tsv	11	lambda_expression-basic-010	generic/template wording: use it to predict the exact java rule
warn	/home/fhu_thjen/projects/learning-java/21-lambda-expression/anki/basic.tsv	13	lambda_expression-basic-012	generic/template wording: use it to predict the exact java rule
warn	/home/fhu_thjen/projects/learning-java/21-lambda-expression/anki/basic.tsv	14	lambda_expression-basic-013	generic/template wording: is a specific concept in
warn	/home/fhu_thjen/projects/learning-java/21-lambda-expression/anki/basic.tsv	15	lambda_expression-basic-014	generic/template wording: use it to predict the exact java rule
warn	/home/fhu_thjen/projects/learning-java/21-lambda-expression/anki/basic.tsv	16	lambda_expression-basic-015	generic/template wording: is a specific concept in
warn	/home/fhu_thjen/projects/learning-java/21-lambda-expression/anki/basic.tsv	17	lambda_expression-basic-016	generic/template wording: use it to predict the exact java rule
warn	/home/fhu_thjen/projects/learning-java/21-lambda-expression/anki/basic.tsv	18	lambda_expression-basic-017	generic/template wording: is a specific concept in
warn	/home/fhu_thjen/projects/learning-java/21-lambda-expression/anki/basic.tsv	19	lambda_expression-basic-018	generic/template wording: use it to predict the exact java rule
warn	/home/fhu_thjen/projects/learning-java/21-lambda-expression/anki/basic.tsv	21	lambda_expression-basic-020	generic/template wording: use it to predict the exact java rule
warn	/home/fhu_thjen/projects/learning-java/21-lambda-expression/anki/cloze.tsv	6	lambda_expression-cloze-005	generic/template wording: use it to predict the exact java rule
warn	/home/fhu_thjen/projects/learning-java/21-lambda-expression/anki/cloze.tsv	7	lambda_expression-cloze-006	generic/template wording: use it to predict the exact java rule
warn	/home/fhu_thjen/projects/learning-java/21-lambda-expression/anki/cloze.tsv	8	lambda_expression-cloze-007	generic/template wording: use it to predict the exact java rule
warn	/home/fhu_thjen/projects/learning-java/21-lambda-expression/anki/cloze.tsv	9	lambda_expression-cloze-008	generic/template wording: use it to predict the exact java rule
warn	/home/fhu_thjen/projects/learning-java/21-lambda-expression/anki/cloze.tsv	10	lambda_expression-cloze-009	generic/template wording: use it to predict the exact java rule
warn	/home/fhu_thjen/projects/learning-java/21-lambda-expression/anki/cloze.tsv	11	lambda_expression-cloze-010	generic/template wording: use it to predict the exact java rule
warn	/home/fhu_thjen/projects/learning-java/21-lambda-expression/anki/code-question.tsv	6	lambda_expression-code-005	generic/template wording: is a specific concept in
warn	/home/fhu_thjen/projects/learning-java/21-lambda-expression/anki/code-question.tsv	7	lambda_expression-code-006	generic/template wording: use it to predict the exact java rule
warn	/home/fhu_thjen/projects/learning-java/21-lambda-expression/anki/code-question.tsv	8	lambda_expression-code-007	generic/template wording: use it to predict the exact java rule
warn	/home/fhu_thjen/projects/learning-java/21-lambda-expression/anki/code-question.tsv	9	lambda_expression-code-008	generic/template wording: is a specific concept in
warn	/home/fhu_thjen/projects/learning-java/21-lambda-expression/anki/code-question.tsv	10	lambda_expression-code-009	generic/template wording: is a specific concept in
warn	/home/fhu_thjen/projects/learning-java/21-lambda-expression/anki/code-question.tsv	11	lambda_expression-code-010	generic/template wording: is a specific concept in
warn	/home/fhu_thjen/projects/learning-java/21-lambda-expression/anki/code-question.tsv	12	lambda_expression-code-011	generic/template wording: use it to predict the exact java rule
warn	/home/fhu_thjen/projects/learning-java/23-stream-api/anki/basic.tsv	10	stream_api-basic-009	generic/template wording: is a specific concept in
warn	/home/fhu_thjen/projects/learning-java/23-stream-api/anki/basic.tsv	11	stream_api-basic-010	generic/template wording: use it to predict the exact java rule
warn	/home/fhu_thjen/projects/learning-java/23-stream-api/anki/basic.tsv	23	stream_api-basic-022	generic/template wording: use it to predict the exact java rule
warn	/home/fhu_thjen/projects/learning-java/23-stream-api/anki/basic.tsv	24	stream_api-basic-023	generic/template wording: is a specific concept in
warn	/home/fhu_thjen/projects/learning-java/23-stream-api/anki/basic.tsv	25	stream_api-basic-024	generic/template wording: use it to predict the exact java rule
warn	/home/fhu_thjen/projects/learning-java/23-stream-api/anki/basic.tsv	30	stream_api-basic-029	generic/template wording: is a specific concept in
warn	/home/fhu_thjen/projects/learning-java/23-stream-api/anki/basic.tsv	31	stream_api-basic-030	generic/template wording: use it to predict the exact java rule
warn	/home/fhu_thjen/projects/learning-java/23-stream-api/anki/basic.tsv	32	stream_api-basic-031	generic/template wording: is a specific concept in
warn	/home/fhu_thjen/projects/learning-java/23-stream-api/anki/basic.tsv	33	stream_api-basic-032	generic/template wording: use it to predict the exact java rule
warn	/home/fhu_thjen/projects/learning-java/23-stream-api/anki/basic.tsv	34	stream_api-basic-033	generic/template wording: is a specific concept in
warn	/home/fhu_thjen/projects/learning-java/23-stream-api/anki/basic.tsv	35	stream_api-basic-034	generic/template wording: use it to predict the exact java rule
warn	/home/fhu_thjen/projects/learning-java/23-stream-api/anki/basic.tsv	36	stream_api-basic-035	generic/template wording: is a specific concept in
warn	/home/fhu_thjen/projects/learning-java/23-stream-api/anki/basic.tsv	37	stream_api-basic-036	generic/template wording: use it to predict the exact java rule
warn	/home/fhu_thjen/projects/learning-java/23-stream-api/anki/basic.tsv	38	stream_api-basic-037	generic/template wording: is a specific concept in
warn	/home/fhu_thjen/projects/learning-java/23-stream-api/anki/basic.tsv	39	stream_api-basic-038	generic/template wording: use it to predict the exact java rule
warn	/home/fhu_thjen/projects/learning-java/23-stream-api/anki/basic.tsv	41	stream_api-basic-040	generic/template wording: use it to predict the exact java rule
warn	/home/fhu_thjen/projects/learning-java/23-stream-api/anki/basic.tsv	42	stream_api-basic-041	generic/template wording: is a specific concept in
warn	/home/fhu_thjen/projects/learning-java/23-stream-api/anki/basic.tsv	43	stream_api-basic-042	generic/template wording: use it to predict the exact java rule
warn	/home/fhu_thjen/projects/learning-java/23-stream-api/anki/basic.tsv	44	stream_api-basic-043	generic/template wording: is a specific concept in
warn	/home/fhu_thjen/projects/learning-java/23-stream-api/anki/basic.tsv	45	stream_api-basic-044	generic/template wording: use it to predict the exact java rule
warn	/home/fhu_thjen/projects/learning-java/23-stream-api/anki/basic.tsv	48	stream_api-basic-047	generic/template wording: is a specific concept in
warn	/home/fhu_thjen/projects/learning-java/23-stream-api/anki/basic.tsv	49	stream_api-basic-048	generic/template wording: use it to predict the exact java rule
warn	/home/fhu_thjen/projects/learning-java/23-stream-api/anki/basic.tsv	50	stream_api-basic-049	generic/template wording: is a specific concept in
warn	/home/fhu_thjen/projects/learning-java/23-stream-api/anki/basic.tsv	51	stream_api-basic-050	generic/template wording: use it to predict the exact java rule
warn	/home/fhu_thjen/projects/learning-java/23-stream-api/anki/basic.tsv	52	stream_api-basic-051	generic/template wording: is a specific concept in
warn	/home/fhu_thjen/projects/learning-java/23-stream-api/anki/basic.tsv	53	stream_api-basic-052	generic/template wording: use it to predict the exact java rule
warn	/home/fhu_thjen/projects/learning-java/23-stream-api/anki/basic.tsv	54	stream_api-basic-053	generic/template wording: is a specific concept in
warn	/home/fhu_thjen/projects/learning-java/23-stream-api/anki/basic.tsv	55	stream_api-basic-054	generic/template wording: use it to predict the exact java rule
warn	/home/fhu_thjen/projects/learning-java/23-stream-api/anki/basic.tsv	56	stream_api-basic-055	generic/template wording: is a specific concept in
warn	/home/fhu_thjen/projects/learning-java/23-stream-api/anki/basic.tsv	57	stream_api-basic-056	generic/template wording: use it to predict the exact java rule
warn	/home/fhu_thjen/projects/learning-java/23-stream-api/anki/basic.tsv	58	stream_api-basic-057	generic/template wording: is a specific concept in
warn	/home/fhu_thjen/projects/learning-java/23-stream-api/anki/basic.tsv	59	stream_api-basic-058	generic/template wording: use it to predict the exact java rule
warn	/home/fhu_thjen/projects/learning-java/23-stream-api/anki/basic.tsv	60	stream_api-basic-059	generic/template wording: is a specific concept in
warn	/home/fhu_thjen/projects/learning-java/23-stream-api/anki/basic.tsv	61	stream_api-basic-060	generic/template wording: use it to predict the exact java rule
warn	/home/fhu_thjen/projects/learning-java/23-stream-api/anki/basic.tsv	62	stream_api-basic-061	generic/template wording: is a specific concept in
warn	/home/fhu_thjen/projects/learning-java/23-stream-api/anki/basic.tsv	63	stream_api-basic-062	generic/template wording: use it to predict the exact java rule
warn	/home/fhu_thjen/projects/learning-java/23-stream-api/anki/basic.tsv	64	stream_api-basic-063	generic/template wording: is a specific concept in
warn	/home/fhu_thjen/projects/learning-java/23-stream-api/anki/basic.tsv	65	stream_api-basic-064	generic/template wording: use it to predict the exact java rule
warn	/home/fhu_thjen/projects/learning-java/23-stream-api/anki/basic.tsv	66	stream_api-basic-065	generic/template wording: is a specific concept in
warn	/home/fhu_thjen/projects/learning-java/23-stream-api/anki/basic.tsv	67	stream_api-basic-066	generic/template wording: use it to predict the exact java rule
warn	/home/fhu_thjen/projects/learning-java/23-stream-api/anki/basic.tsv	68	stream_api-basic-067	generic/template wording: is a specific concept in
warn	/home/fhu_thjen/projects/learning-java/23-stream-api/anki/basic.tsv	69	stream_api-basic-068	generic/template wording: use it to predict the exact java rule
warn	/home/fhu_thjen/projects/learning-java/23-stream-api/anki/basic.tsv	73	stream_api-basic-072	generic/template wording: use it to predict the exact java rule
warn	/home/fhu_thjen/projects/learning-java/23-stream-api/anki/basic.tsv	78	stream_api-basic-077	generic/template wording: is a specific concept in
warn	/home/fhu_thjen/projects/learning-java/23-stream-api/anki/basic.tsv	79	stream_api-basic-078	generic/template wording: use it to predict the exact java rule
warn	/home/fhu_thjen/projects/learning-java/23-stream-api/anki/basic.tsv	80	stream_api-basic-079	generic/template wording: is a specific concept in
warn	/home/fhu_thjen/projects/learning-java/23-stream-api/anki/basic.tsv	81	stream_api-basic-080	generic/template wording: use it to predict the exact java rule
warn	/home/fhu_thjen/projects/learning-java/23-stream-api/anki/basic.tsv	82	stream_api-basic-081	generic/template wording: is a specific concept in
warn	/home/fhu_thjen/projects/learning-java/23-stream-api/anki/basic.tsv	83	stream_api-basic-082	generic/template wording: use it to predict the exact java rule
warn	/home/fhu_thjen/projects/learning-java/23-stream-api/anki/basic.tsv	84	stream_api-basic-083	generic/template wording: is a specific concept in
warn	/home/fhu_thjen/projects/learning-java/23-stream-api/anki/basic.tsv	85	stream_api-basic-084	generic/template wording: use it to predict the exact java rule
warn	/home/fhu_thjen/projects/learning-java/23-stream-api/anki/basic.tsv	86	stream_api-basic-085	generic/template wording: is a specific concept in
warn	/home/fhu_thjen/projects/learning-java/23-stream-api/anki/basic.tsv	87	stream_api-basic-086	generic/template wording: use it to predict the exact java rule
warn	/home/fhu_thjen/projects/learning-java/23-stream-api/anki/basic.tsv	90	stream_api-basic-089	generic/template wording: is a specific concept in
warn	/home/fhu_thjen/projects/learning-java/23-stream-api/anki/basic.tsv	91	stream_api-basic-090	generic/template wording: use it to predict the exact java rule
warn	/home/fhu_thjen/projects/learning-java/23-stream-api/anki/basic.tsv	92	stream_api-basic-091	generic/template wording: a common mistake is knowing the name but not knowing
warn	/home/fhu_thjen/projects/learning-java/23-stream-api/anki/basic.tsv	93	stream_api-basic-092	generic/template wording: a common mistake is knowing the name but not knowing
warn	/home/fhu_thjen/projects/learning-java/23-stream-api/anki/basic.tsv	94	stream_api-basic-093	generic/template wording: a common mistake is knowing the name but not knowing
warn	/home/fhu_thjen/projects/learning-java/23-stream-api/anki/basic.tsv	95	stream_api-basic-094	generic/template wording: a common mistake is knowing the name but not knowing
warn	/home/fhu_thjen/projects/learning-java/23-stream-api/anki/basic.tsv	96	stream_api-basic-095	generic/template wording: a common mistake is knowing the name but not knowing
warn	/home/fhu_thjen/projects/learning-java/23-stream-api/anki/basic.tsv	97	stream_api-basic-096	generic/template wording: a common mistake is knowing the name but not knowing
warn	/home/fhu_thjen/projects/learning-java/23-stream-api/anki/basic.tsv	98	stream_api-basic-097	generic/template wording: a common mistake is knowing the name but not knowing
warn	/home/fhu_thjen/projects/learning-java/23-stream-api/anki/basic.tsv	99	stream_api-basic-098	generic/template wording: a common mistake is knowing the name but not knowing
warn	/home/fhu_thjen/projects/learning-java/23-stream-api/anki/basic.tsv	100	stream_api-basic-099	generic/template wording: a common mistake is knowing the name but not knowing
warn	/home/fhu_thjen/projects/learning-java/23-stream-api/anki/basic.tsv	101	stream_api-basic-100	generic/template wording: a common mistake is knowing the name but not knowing
warn	/home/fhu_thjen/projects/learning-java/23-stream-api/anki/basic.tsv	102	stream_api-basic-101	generic/template wording: a common mistake is knowing the name but not knowing
warn	/home/fhu_thjen/projects/learning-java/23-stream-api/anki/basic.tsv	103	stream_api-basic-102	generic/template wording: a common mistake is knowing the name but not knowing
warn	/home/fhu_thjen/projects/learning-java/23-stream-api/anki/basic.tsv	104	stream_api-basic-103	generic/template wording: a common mistake is knowing the name but not knowing
warn	/home/fhu_thjen/projects/learning-java/23-stream-api/anki/basic.tsv	105	stream_api-basic-104	generic/template wording: a common mistake is knowing the name but not knowing
warn	/home/fhu_thjen/projects/learning-java/23-stream-api/anki/basic.tsv	106	stream_api-basic-105	generic/template wording: a common mistake is knowing the name but not knowing
warn	/home/fhu_thjen/projects/learning-java/23-stream-api/anki/basic.tsv	107	stream_api-basic-106	generic/template wording: a common mistake is knowing the name but not knowing
warn	/home/fhu_thjen/projects/learning-java/23-stream-api/anki/basic.tsv	108	stream_api-basic-107	generic/template wording: a common mistake is knowing the name but not knowing
warn	/home/fhu_thjen/projects/learning-java/23-stream-api/anki/basic.tsv	109	stream_api-basic-108	generic/template wording: a common mistake is knowing the name but not knowing
warn	/home/fhu_thjen/projects/learning-java/23-stream-api/anki/basic.tsv	110	stream_api-basic-109	generic/template wording: a common mistake is knowing the name but not knowing
warn	/home/fhu_thjen/projects/learning-java/23-stream-api/anki/basic.tsv	111	stream_api-basic-110	generic/template wording: a common mistake is knowing the name but not knowing
warn	/home/fhu_thjen/projects/learning-java/23-stream-api/anki/basic.tsv	112	stream_api-basic-111	generic/template wording: a common mistake is knowing the name but not knowing
warn	/home/fhu_thjen/projects/learning-java/23-stream-api/anki/basic.tsv	113	stream_api-basic-112	generic/template wording: a common mistake is knowing the name but not knowing
warn	/home/fhu_thjen/projects/learning-java/23-stream-api/anki/basic.tsv	114	stream_api-basic-113	generic/template wording: a common mistake is knowing the name but not knowing
warn	/home/fhu_thjen/projects/learning-java/23-stream-api/anki/basic.tsv	115	stream_api-basic-114	generic/template wording: a common mistake is knowing the name but not knowing
warn	/home/fhu_thjen/projects/learning-java/23-stream-api/anki/basic.tsv	116	stream_api-basic-115	generic/template wording: a common mistake is knowing the name but not knowing
warn	/home/fhu_thjen/projects/learning-java/23-stream-api/anki/basic.tsv	117	stream_api-basic-116	generic/template wording: a common mistake is knowing the name but not knowing
warn	/home/fhu_thjen/projects/learning-java/23-stream-api/anki/basic.tsv	118	stream_api-basic-117	generic/template wording: a common mistake is knowing the name but not knowing
warn	/home/fhu_thjen/projects/learning-java/23-stream-api/anki/basic.tsv	119	stream_api-basic-118	generic/template wording: a common mistake is knowing the name but not knowing
warn	/home/fhu_thjen/projects/learning-java/23-stream-api/anki/basic.tsv	120	stream_api-basic-119	generic/template wording: a common mistake is knowing the name but not knowing
warn	/home/fhu_thjen/projects/learning-java/23-stream-api/anki/basic.tsv	121	stream_api-basic-120	generic/template wording: a common mistake is knowing the name but not knowing
warn	/home/fhu_thjen/projects/learning-java/23-stream-api/anki/basic.tsv	122	stream_api-basic-121	generic/template wording: a common mistake is knowing the name but not knowing
warn	/home/fhu_thjen/projects/learning-java/23-stream-api/anki/basic.tsv	123	stream_api-basic-122	generic/template wording: a common mistake is knowing the name but not knowing
warn	/home/fhu_thjen/projects/learning-java/23-stream-api/anki/basic.tsv	124	stream_api-basic-123	generic/template wording: a common mistake is knowing the name but not knowing
warn	/home/fhu_thjen/projects/learning-java/23-stream-api/anki/basic.tsv	125	stream_api-basic-124	generic/template wording: a common mistake is knowing the name but not knowing
warn	/home/fhu_thjen/projects/learning-java/23-stream-api/anki/basic.tsv	126	stream_api-basic-125	generic/template wording: a common mistake is knowing the name but not knowing
warn	/home/fhu_thjen/projects/learning-java/23-stream-api/anki/basic.tsv	127	stream_api-basic-126	generic/template wording: a common mistake is knowing the name but not knowing
warn	/home/fhu_thjen/projects/learning-java/23-stream-api/anki/basic.tsv	128	stream_api-basic-127	generic/template wording: a common mistake is knowing the name but not knowing
warn	/home/fhu_thjen/projects/learning-java/23-stream-api/anki/basic.tsv	129	stream_api-basic-128	generic/template wording: a common mistake is knowing the name but not knowing
warn	/home/fhu_thjen/projects/learning-java/23-stream-api/anki/basic.tsv	130	stream_api-basic-129	generic/template wording: a common mistake is knowing the name but not knowing
warn	/home/fhu_thjen/projects/learning-java/23-stream-api/anki/basic.tsv	131	stream_api-basic-130	generic/template wording: a common mistake is knowing the name but not knowing
warn	/home/fhu_thjen/projects/learning-java/23-stream-api/anki/basic.tsv	132	stream_api-basic-131	generic/template wording: a common mistake is knowing the name but not knowing
warn	/home/fhu_thjen/projects/learning-java/23-stream-api/anki/basic.tsv	133	stream_api-basic-132	generic/template wording: a common mistake is knowing the name but not knowing
warn	/home/fhu_thjen/projects/learning-java/23-stream-api/anki/basic.tsv	134	stream_api-basic-133	generic/template wording: a common mistake is knowing the name but not knowing
warn	/home/fhu_thjen/projects/learning-java/23-stream-api/anki/basic.tsv	135	stream_api-basic-134	generic/template wording: a common mistake is knowing the name but not knowing
warn	/home/fhu_thjen/projects/learning-java/23-stream-api/anki/basic.tsv	136	stream_api-basic-135	generic/template wording: a common mistake is knowing the name but not knowing
warn	/home/fhu_thjen/projects/learning-java/23-stream-api/anki/cloze.tsv	10	stream_api-cloze-009	generic/template wording: use it to predict the exact java rule
warn	/home/fhu_thjen/projects/learning-java/23-stream-api/anki/cloze.tsv	22	stream_api-cloze-021	generic/template wording: use it to predict the exact java rule
warn	/home/fhu_thjen/projects/learning-java/23-stream-api/anki/cloze.tsv	24	stream_api-cloze-023	generic/template wording: use it to predict the exact java rule
warn	/home/fhu_thjen/projects/learning-java/23-stream-api/anki/cloze.tsv	30	stream_api-cloze-029	generic/template wording: use it to predict the exact java rule
warn	/home/fhu_thjen/projects/learning-java/23-stream-api/anki/cloze.tsv	32	stream_api-cloze-031	generic/template wording: use it to predict the exact java rule
warn	/home/fhu_thjen/projects/learning-java/23-stream-api/anki/cloze.tsv	34	stream_api-cloze-033	generic/template wording: use it to predict the exact java rule
warn	/home/fhu_thjen/projects/learning-java/23-stream-api/anki/cloze.tsv	36	stream_api-cloze-035	generic/template wording: use it to predict the exact java rule
warn	/home/fhu_thjen/projects/learning-java/23-stream-api/anki/cloze.tsv	38	stream_api-cloze-037	generic/template wording: use it to predict the exact java rule
warn	/home/fhu_thjen/projects/learning-java/23-stream-api/anki/cloze.tsv	40	stream_api-cloze-039	generic/template wording: use it to predict the exact java rule
warn	/home/fhu_thjen/projects/learning-java/23-stream-api/anki/cloze.tsv	42	stream_api-cloze-041	generic/template wording: use it to predict the exact java rule
warn	/home/fhu_thjen/projects/learning-java/23-stream-api/anki/cloze.tsv	44	stream_api-cloze-043	generic/template wording: use it to predict the exact java rule
warn	/home/fhu_thjen/projects/learning-java/23-stream-api/anki/cloze.tsv	48	stream_api-cloze-047	generic/template wording: use it to predict the exact java rule
warn	/home/fhu_thjen/projects/learning-java/23-stream-api/anki/cloze.tsv	50	stream_api-cloze-049	generic/template wording: use it to predict the exact java rule
warn	/home/fhu_thjen/projects/learning-java/23-stream-api/anki/cloze.tsv	52	stream_api-cloze-051	generic/template wording: use it to predict the exact java rule
warn	/home/fhu_thjen/projects/learning-java/23-stream-api/anki/cloze.tsv	54	stream_api-cloze-053	generic/template wording: use it to predict the exact java rule
warn	/home/fhu_thjen/projects/learning-java/23-stream-api/anki/cloze.tsv	56	stream_api-cloze-055	generic/template wording: use it to predict the exact java rule
warn	/home/fhu_thjen/projects/learning-java/23-stream-api/anki/cloze.tsv	58	stream_api-cloze-057	generic/template wording: use it to predict the exact java rule
warn	/home/fhu_thjen/projects/learning-java/23-stream-api/anki/cloze.tsv	60	stream_api-cloze-059	generic/template wording: use it to predict the exact java rule
warn	/home/fhu_thjen/projects/learning-java/23-stream-api/anki/cloze.tsv	62	stream_api-cloze-061	generic/template wording: use it to predict the exact java rule
warn	/home/fhu_thjen/projects/learning-java/23-stream-api/anki/cloze.tsv	64	stream_api-cloze-063	generic/template wording: use it to predict the exact java rule
warn	/home/fhu_thjen/projects/learning-java/23-stream-api/anki/cloze.tsv	66	stream_api-cloze-065	generic/template wording: use it to predict the exact java rule
warn	/home/fhu_thjen/projects/learning-java/23-stream-api/anki/cloze.tsv	68	stream_api-cloze-067	generic/template wording: use it to predict the exact java rule
warn	/home/fhu_thjen/projects/learning-java/23-stream-api/anki/cloze.tsv	72	stream_api-cloze-071	generic/template wording: use it to predict the exact java rule
warn	/home/fhu_thjen/projects/learning-java/23-stream-api/anki/cloze.tsv	78	stream_api-cloze-077	generic/template wording: use it to predict the exact java rule
warn	/home/fhu_thjen/projects/learning-java/23-stream-api/anki/cloze.tsv	80	stream_api-cloze-079	generic/template wording: use it to predict the exact java rule
warn	/home/fhu_thjen/projects/learning-java/23-stream-api/anki/cloze.tsv	82	stream_api-cloze-081	generic/template wording: use it to predict the exact java rule
warn	/home/fhu_thjen/projects/learning-java/23-stream-api/anki/cloze.tsv	84	stream_api-cloze-083	generic/template wording: use it to predict the exact java rule
warn	/home/fhu_thjen/projects/learning-java/23-stream-api/anki/cloze.tsv	86	stream_api-cloze-085	generic/template wording: use it to predict the exact java rule
warn	/home/fhu_thjen/projects/learning-java/23-stream-api/anki/cloze.tsv	90	stream_api-cloze-089	generic/template wording: use it to predict the exact java rule
warn	/home/fhu_thjen/projects/learning-java/23-stream-api/anki/code-question.tsv	7	stream_api-code-006	generic/template wording: is a specific concept in
warn	/home/fhu_thjen/projects/learning-java/23-stream-api/anki/code-question.tsv	13	stream_api-code-012	generic/template wording: use it to predict the exact java rule
warn	/home/fhu_thjen/projects/learning-java/23-stream-api/anki/code-question.tsv	14	stream_api-code-013	generic/template wording: is a specific concept in
warn	/home/fhu_thjen/projects/learning-java/23-stream-api/anki/code-question.tsv	17	stream_api-code-016	generic/template wording: is a specific concept in
warn	/home/fhu_thjen/projects/learning-java/23-stream-api/anki/code-question.tsv	18	stream_api-code-017	generic/template wording: is a specific concept in
warn	/home/fhu_thjen/projects/learning-java/23-stream-api/anki/code-question.tsv	19	stream_api-code-018	generic/template wording: is a specific concept in
warn	/home/fhu_thjen/projects/learning-java/23-stream-api/anki/code-question.tsv	20	stream_api-code-019	generic/template wording: is a specific concept in
warn	/home/fhu_thjen/projects/learning-java/23-stream-api/anki/code-question.tsv	21	stream_api-code-020	generic/template wording: is a specific concept in
warn	/home/fhu_thjen/projects/learning-java/23-stream-api/anki/code-question.tsv	22	stream_api-code-021	generic/template wording: use it to predict the exact java rule
warn	/home/fhu_thjen/projects/learning-java/23-stream-api/anki/code-question.tsv	23	stream_api-code-022	generic/template wording: is a specific concept in
warn	/home/fhu_thjen/projects/learning-java/23-stream-api/anki/code-question.tsv	24	stream_api-code-023	generic/template wording: is a specific concept in
info	/home/fhu_thjen/projects/learning-java/23-stream-api/anki/code-question.tsv	25	stream_api-code-024	important card has no URL reference
info	/home/fhu_thjen/projects/learning-java/23-stream-api/anki/code-question.tsv	28	stream_api-code-027	important card has no URL reference
info	/home/fhu_thjen/projects/learning-java/25-date-time-api/anki/basic.tsv	3	date_time_api-basic-002	important card has no URL reference
info	/home/fhu_thjen/projects/learning-java/25-date-time-api/anki/basic.tsv	6	date_time_api-basic-005	important card has no URL reference
info	/home/fhu_thjen/projects/learning-java/25-date-time-api/anki/basic.tsv	7	date_time_api-basic-006	important card has no URL reference
info	/home/fhu_thjen/projects/learning-java/25-date-time-api/anki/basic.tsv	28	date_time_api-basic-027	important card has no URL reference
info	/home/fhu_thjen/projects/learning-java/25-date-time-api/anki/basic.tsv	29	date_time_api-basic-028	important card has no URL reference
info	/home/fhu_thjen/projects/learning-java/25-date-time-api/anki/cloze.tsv	4	date_time_api-cloze-003	important card has no URL reference
info	/home/fhu_thjen/projects/learning-java/25-date-time-api/anki/cloze.tsv	5	date_time_api-cloze-004	important card has no URL reference
info	/home/fhu_thjen/projects/learning-java/25-date-time-api/anki/cloze.tsv	11	date_time_api-cloze-010	important card has no URL reference
info	/home/fhu_thjen/projects/learning-java/25-date-time-api/anki/cloze.tsv	16	date_time_api-cloze-015	important card has no URL reference
info	/home/fhu_thjen/projects/learning-java/25-date-time-api/anki/code-question.tsv	3	date_time_api-code-002	important card has no URL reference
info	/home/fhu_thjen/projects/learning-java/25-date-time-api/anki/code-question.tsv	4	date_time_api-code-003	important card has no URL reference
info	/home/fhu_thjen/projects/learning-java/25-date-time-api/anki/code-question.tsv	5	date_time_api-code-004	important card has no URL reference
info	/home/fhu_thjen/projects/learning-java/25-date-time-api/anki/code-question.tsv	6	date_time_api-code-005	important card has no URL reference
info	/home/fhu_thjen/projects/learning-java/25-date-time-api/anki/code-question.tsv	7	date_time_api-code-006	important card has no URL reference
info	/home/fhu_thjen/projects/learning-java/25-date-time-api/anki/code-question.tsv	8	date_time_api-code-007	important card has no URL reference
info	/home/fhu_thjen/projects/learning-java/25-date-time-api/anki/code-question.tsv	9	date_time_api-code-008	important card has no URL reference
info	/home/fhu_thjen/projects/learning-java/25-date-time-api/anki/code-question.tsv	10	date_time_api-code-009	important card has no URL reference
info	/home/fhu_thjen/projects/learning-java/25-date-time-api/anki/code-question.tsv	11	date_time_api-code-010	important card has no URL reference
info	/home/fhu_thjen/projects/learning-java/25-date-time-api/anki/code-question.tsv	12	date_time_api-code-011	important card has no URL reference
info	/home/fhu_thjen/projects/learning-java/25-date-time-api/anki/code-question.tsv	13	date_time_api-code-012	important card has no URL reference
info	/home/fhu_thjen/projects/learning-java/25-date-time-api/anki/code-question.tsv	14	date_time_api-code-013	important card has no URL reference
info	/home/fhu_thjen/projects/learning-java/25-date-time-api/anki/code-question.tsv	15	date_time_api-code-014	important card has no URL reference
info	/home/fhu_thjen/projects/learning-java/25-date-time-api/anki/code-question.tsv	16	date_time_api-code-015	important card has no URL reference
info	/home/fhu_thjen/projects/learning-java/25-date-time-api/anki/code-question.tsv	17	date_time_api-code-016	important card has no URL reference
info	/home/fhu_thjen/projects/learning-java/25-date-time-api/anki/code-question.tsv	18	date_time_api-code-017	important card has no URL reference
info	/home/fhu_thjen/projects/learning-java/25-date-time-api/anki/code-question.tsv	19	date_time_api-code-018	important card has no URL reference
info	/home/fhu_thjen/projects/learning-java/25-date-time-api/anki/code-question.tsv	20	date_time_api-code-019	important card has no URL reference
info	/home/fhu_thjen/projects/learning-java/25-date-time-api/anki/code-question.tsv	21	date_time_api-code-020	important card has no URL reference
info	/home/fhu_thjen/projects/learning-java/25-date-time-api/anki/code-question.tsv	22	date_time_api-code-021	important card has no URL reference
info	/home/fhu_thjen/projects/learning-java/25-date-time-api/anki/code-question.tsv	23	date_time_api-code-022	important card has no URL reference
info	/home/fhu_thjen/projects/learning-java/25-date-time-api/anki/code-question.tsv	24	date_time_api-code-023	important card has no URL reference
info	/home/fhu_thjen/projects/learning-java/25-date-time-api/anki/code-question.tsv	25	date_time_api-code-024	important card has no URL reference
info	/home/fhu_thjen/projects/learning-java/25-date-time-api/anki/code-question.tsv	26	date_time_api-code-025	important card has no URL reference
info	/home/fhu_thjen/projects/learning-java/25-date-time-api/anki/code-question.tsv	27	date_time_api-code-026	important card has no URL reference
info	/home/fhu_thjen/projects/learning-java/25-date-time-api/anki/code-question.tsv	28	date_time_api-code-027	important card has no URL reference
info	/home/fhu_thjen/projects/learning-java/26-io/anki/basic-extra.tsv	3	io-extra-002	important card has no URL reference
info	/home/fhu_thjen/projects/learning-java/26-io/anki/basic-extra.tsv	4	io-extra-003	important card has no URL reference
info	/home/fhu_thjen/projects/learning-java/26-io/anki/basic-extra.tsv	5	io-extra-004	important card has no URL reference
info	/home/fhu_thjen/projects/learning-java/26-io/anki/basic-extra.tsv	10	io-extra-009	important card has no URL reference
info	/home/fhu_thjen/projects/learning-java/26-io/anki/basic-extra.tsv	20	io-extra-019	important card has no URL reference
info	/home/fhu_thjen/projects/learning-java/26-io/anki/basic-extra.tsv	21	io-extra-020	important card has no URL reference
info	/home/fhu_thjen/projects/learning-java/26-io/anki/basic-extra.tsv	22	io-extra-021	important card has no URL reference
info	/home/fhu_thjen/projects/learning-java/26-io/anki/basic-extra.tsv	24	io-extra-023	important card has no URL reference
info	/home/fhu_thjen/projects/learning-java/26-io/anki/basic-extra.tsv	25	io-extra-024	important card has no URL reference
info	/home/fhu_thjen/projects/learning-java/26-io/anki/basic-extra.tsv	26	io-extra-025	important card has no URL reference
info	/home/fhu_thjen/projects/learning-java/26-io/anki/basic-extra.tsv	29	io-extra-028	important card has no URL reference
info	/home/fhu_thjen/projects/learning-java/26-io/anki/basic-extra.tsv	30	io-extra-029	important card has no URL reference
info	/home/fhu_thjen/projects/learning-java/26-io/anki/basic-extra.tsv	31	io-extra-030	important card has no URL reference
info	/home/fhu_thjen/projects/learning-java/26-io/anki/basic.tsv	5	io-basic-004	important card has no URL reference
info	/home/fhu_thjen/projects/learning-java/26-io/anki/basic.tsv	7	io-basic-006	important card has no URL reference
info	/home/fhu_thjen/projects/learning-java/26-io/anki/basic.tsv	21	io-basic-020	important card has no URL reference
info	/home/fhu_thjen/projects/learning-java/26-io/anki/basic.tsv	37	io-basic-036	important card has no URL reference
info	/home/fhu_thjen/projects/learning-java/26-io/anki/basic.tsv	38	io-basic-037	important card has no URL reference
info	/home/fhu_thjen/projects/learning-java/26-io/anki/basic.tsv	41	io-basic-040	important card has no URL reference
info	/home/fhu_thjen/projects/learning-java/26-io/anki/basic.tsv	51	io-basic-050	important card has no URL reference
info	/home/fhu_thjen/projects/learning-java/26-io/anki/basic.tsv	55	io-basic-054	important card has no URL reference
info	/home/fhu_thjen/projects/learning-java/26-io/anki/basic.tsv	59	io-basic-058	important card has no URL reference
info	/home/fhu_thjen/projects/learning-java/26-io/anki/cloze.tsv	3	io-cloze-002	important card has no URL reference
info	/home/fhu_thjen/projects/learning-java/26-io/anki/cloze.tsv	8	io-cloze-007	important card has no URL reference
info	/home/fhu_thjen/projects/learning-java/26-io/anki/cloze.tsv	19	io-cloze-018	important card has no URL reference
info	/home/fhu_thjen/projects/learning-java/26-io/anki/cloze.tsv	20	io-cloze-019	important card has no URL reference
info	/home/fhu_thjen/projects/learning-java/26-io/anki/cloze.tsv	25	io-cloze-024	important card has no URL reference
info	/home/fhu_thjen/projects/learning-java/26-io/anki/cloze.tsv	28	io-cloze-027	important card has no URL reference
info	/home/fhu_thjen/projects/learning-java/26-io/anki/cloze.tsv	30	io-cloze-029	important card has no URL reference
info	/home/fhu_thjen/projects/learning-java/26-io/anki/code-question.tsv	3	io-code-002	important card has no URL reference
info	/home/fhu_thjen/projects/learning-java/26-io/anki/code-question.tsv	4	io-code-003	important card has no URL reference
info	/home/fhu_thjen/projects/learning-java/26-io/anki/code-question.tsv	5	io-code-004	important card has no URL reference
info	/home/fhu_thjen/projects/learning-java/26-io/anki/code-question.tsv	6	io-code-005	important card has no URL reference
info	/home/fhu_thjen/projects/learning-java/26-io/anki/code-question.tsv	7	io-code-006	important card has no URL reference
info	/home/fhu_thjen/projects/learning-java/26-io/anki/code-question.tsv	8	io-code-007	important card has no URL reference
info	/home/fhu_thjen/projects/learning-java/26-io/anki/code-question.tsv	9	io-code-008	important card has no URL reference
info	/home/fhu_thjen/projects/learning-java/26-io/anki/code-question.tsv	10	io-code-009	important card has no URL reference
info	/home/fhu_thjen/projects/learning-java/26-io/anki/code-question.tsv	12	io-code-011	important card has no URL reference
info	/home/fhu_thjen/projects/learning-java/26-io/anki/code-question.tsv	13	io-code-012	important card has no URL reference
info	/home/fhu_thjen/projects/learning-java/26-io/anki/code-question.tsv	14	io-code-013	important card has no URL reference
info	/home/fhu_thjen/projects/learning-java/26-io/anki/code-question.tsv	15	io-code-014	important card has no URL reference
info	/home/fhu_thjen/projects/learning-java/26-io/anki/code-question.tsv	16	io-code-015	important card has no URL reference
info	/home/fhu_thjen/projects/learning-java/26-io/anki/code-question.tsv	17	io-code-016	important card has no URL reference
info	/home/fhu_thjen/projects/learning-java/26-io/anki/code-question.tsv	18	io-code-017	important card has no URL reference
info	/home/fhu_thjen/projects/learning-java/26-io/anki/code-question.tsv	20	io-code-019	important card has no URL reference
warn	/home/fhu_thjen/projects/learning-java/27-nio/anki/basic-extra.tsv	2	nio-extra-001	Extra is too short for a deep card
warn	/home/fhu_thjen/projects/learning-java/27-nio/anki/basic-extra.tsv	4	nio-extra-003	Extra is too short for a deep card
warn	/home/fhu_thjen/projects/learning-java/27-nio/anki/basic-extra.tsv	5	nio-extra-004	Extra is too short for a deep card
warn	/home/fhu_thjen/projects/learning-java/27-nio/anki/basic-extra.tsv	8	nio-extra-007	Extra is too short for a deep card
warn	/home/fhu_thjen/projects/learning-java/32-classloader/anki/basic-extra.tsv	2	classloader-extra-001	generic/template wording: is a specific concept in
warn	/home/fhu_thjen/projects/learning-java/32-classloader/anki/basic-extra.tsv	2	classloader-extra-001	Extra is too short for a deep card
warn	/home/fhu_thjen/projects/learning-java/32-classloader/anki/basic-extra.tsv	3	classloader-extra-002	Extra is too short for a deep card
warn	/home/fhu_thjen/projects/learning-java/32-classloader/anki/basic-extra.tsv	4	classloader-extra-003	Extra is too short for a deep card
warn	/home/fhu_thjen/projects/learning-java/32-classloader/anki/basic-extra.tsv	5	classloader-extra-004	Extra is too short for a deep card
warn	/home/fhu_thjen/projects/learning-java/32-classloader/anki/basic-extra.tsv	6	classloader-extra-005	Extra is too short for a deep card
warn	/home/fhu_thjen/projects/learning-java/32-classloader/anki/basic-extra.tsv	7	classloader-extra-006	Extra is too short for a deep card
warn	/home/fhu_thjen/projects/learning-java/32-classloader/anki/basic-extra.tsv	8	classloader-extra-007	generic/template wording: is a specific concept in
warn	/home/fhu_thjen/projects/learning-java/32-classloader/anki/basic-extra.tsv	8	classloader-extra-007	Extra is too short for a deep card
warn	/home/fhu_thjen/projects/learning-java/32-classloader/anki/basic-extra.tsv	9	classloader-extra-008	generic/template wording: is a specific concept in
warn	/home/fhu_thjen/projects/learning-java/32-classloader/anki/basic-extra.tsv	9	classloader-extra-008	Extra is too short for a deep card
warn	/home/fhu_thjen/projects/learning-java/32-classloader/anki/basic-extra.tsv	10	classloader-extra-009	generic/template wording: is a specific concept in
warn	/home/fhu_thjen/projects/learning-java/32-classloader/anki/basic-extra.tsv	10	classloader-extra-009	Extra is too short for a deep card
warn	/home/fhu_thjen/projects/learning-java/32-classloader/anki/basic-extra.tsv	11	classloader-extra-010	Extra is too short for a deep card
warn	/home/fhu_thjen/projects/learning-java/32-classloader/anki/basic-extra.tsv	12	classloader-extra-011	Extra is too short for a deep card
warn	/home/fhu_thjen/projects/learning-java/32-classloader/anki/basic-extra.tsv	13	classloader-extra-012	generic/template wording: is a specific concept in
warn	/home/fhu_thjen/projects/learning-java/32-classloader/anki/basic-extra.tsv	13	classloader-extra-012	Extra is too short for a deep card
warn	/home/fhu_thjen/projects/learning-java/32-classloader/anki/basic.tsv	2	classloader-basic-001	generic/template wording: is a specific concept in
warn	/home/fhu_thjen/projects/learning-java/32-classloader/anki/basic.tsv	3	classloader-basic-002	generic/template wording: use it to predict the exact java rule
warn	/home/fhu_thjen/projects/learning-java/32-classloader/anki/basic.tsv	10	classloader-basic-009	generic/template wording: is a specific concept in
warn	/home/fhu_thjen/projects/learning-java/32-classloader/anki/basic.tsv	11	classloader-basic-010	generic/template wording: use it to predict the exact java rule
warn	/home/fhu_thjen/projects/learning-java/32-classloader/anki/basic.tsv	12	classloader-basic-011	generic/template wording: is a specific concept in
warn	/home/fhu_thjen/projects/learning-java/32-classloader/anki/basic.tsv	13	classloader-basic-012	generic/template wording: use it to predict the exact java rule
warn	/home/fhu_thjen/projects/learning-java/32-classloader/anki/basic.tsv	14	classloader-basic-013	generic/template wording: is a specific concept in
warn	/home/fhu_thjen/projects/learning-java/32-classloader/anki/basic.tsv	15	classloader-basic-014	generic/template wording: use it to predict the exact java rule
warn	/home/fhu_thjen/projects/learning-java/32-classloader/anki/basic.tsv	17	classloader-basic-016	generic/template wording: use it to predict the exact java rule
warn	/home/fhu_thjen/projects/learning-java/32-classloader/anki/basic.tsv	18	classloader-basic-017	generic/template wording: is a specific concept in
warn	/home/fhu_thjen/projects/learning-java/32-classloader/anki/basic.tsv	19	classloader-basic-018	generic/template wording: use it to predict the exact java rule
warn	/home/fhu_thjen/projects/learning-java/32-classloader/anki/cloze.tsv	2	classloader-cloze-001	generic/template wording: use it to predict the exact java rule
warn	/home/fhu_thjen/projects/learning-java/32-classloader/anki/cloze.tsv	6	classloader-cloze-005	generic/template wording: use it to predict the exact java rule
warn	/home/fhu_thjen/projects/learning-java/32-classloader/anki/cloze.tsv	7	classloader-cloze-006	generic/template wording: use it to predict the exact java rule
warn	/home/fhu_thjen/projects/learning-java/32-classloader/anki/cloze.tsv	8	classloader-cloze-007	generic/template wording: use it to predict the exact java rule
warn	/home/fhu_thjen/projects/learning-java/32-classloader/anki/cloze.tsv	9	classloader-cloze-008	generic/template wording: use it to predict the exact java rule
warn	/home/fhu_thjen/projects/learning-java/32-classloader/anki/cloze.tsv	10	classloader-cloze-009	generic/template wording: use it to predict the exact java rule
warn	/home/fhu_thjen/projects/learning-java/32-classloader/anki/code-question.tsv	3	classloader-code-002	generic/template wording: is a specific concept in
warn	/home/fhu_thjen/projects/learning-java/32-classloader/anki/code-question.tsv	7	classloader-code-006	generic/template wording: is a specific concept in
warn	/home/fhu_thjen/projects/learning-java/32-classloader/anki/code-question.tsv	8	classloader-code-007	generic/template wording: is a specific concept in
warn	/home/fhu_thjen/projects/learning-java/32-classloader/anki/code-question.tsv	9	classloader-code-008	generic/template wording: is a specific concept in
warn	/home/fhu_thjen/projects/learning-java/32-classloader/anki/code-question.tsv	10	classloader-code-009	generic/template wording: use it to predict the exact java rule
warn	/home/fhu_thjen/projects/learning-java/32-classloader/anki/code-question.tsv	11	classloader-code-010	generic/template wording: is a specific concept in
warn	/home/fhu_thjen/projects/learning-java/33-module-system/anki/basic-extra.tsv	2	module_system-extra-001	Extra is too short for a deep card
warn	/home/fhu_thjen/projects/learning-java/33-module-system/anki/basic-extra.tsv	3	module_system-extra-002	generic/template wording: is a specific concept in
warn	/home/fhu_thjen/projects/learning-java/33-module-system/anki/basic-extra.tsv	3	module_system-extra-002	Extra is too short for a deep card
warn	/home/fhu_thjen/projects/learning-java/33-module-system/anki/basic-extra.tsv	4	module_system-extra-003	Extra is too short for a deep card
warn	/home/fhu_thjen/projects/learning-java/33-module-system/anki/basic-extra.tsv	5	module_system-extra-004	generic/template wording: is a specific concept in
warn	/home/fhu_thjen/projects/learning-java/33-module-system/anki/basic-extra.tsv	5	module_system-extra-004	Extra is too short for a deep card
warn	/home/fhu_thjen/projects/learning-java/33-module-system/anki/basic-extra.tsv	6	module_system-extra-005	Extra is too short for a deep card
warn	/home/fhu_thjen/projects/learning-java/33-module-system/anki/basic-extra.tsv	7	module_system-extra-006	generic/template wording: is a specific concept in
warn	/home/fhu_thjen/projects/learning-java/33-module-system/anki/basic-extra.tsv	7	module_system-extra-006	Extra is too short for a deep card
warn	/home/fhu_thjen/projects/learning-java/33-module-system/anki/basic-extra.tsv	8	module_system-extra-007	Extra is too short for a deep card
warn	/home/fhu_thjen/projects/learning-java/33-module-system/anki/basic-extra.tsv	9	module_system-extra-008	generic/template wording: is a specific concept in
warn	/home/fhu_thjen/projects/learning-java/33-module-system/anki/basic-extra.tsv	9	module_system-extra-008	Extra is too short for a deep card
warn	/home/fhu_thjen/projects/learning-java/33-module-system/anki/basic-extra.tsv	10	module_system-extra-009	Extra is too short for a deep card
warn	/home/fhu_thjen/projects/learning-java/33-module-system/anki/basic-extra.tsv	11	module_system-extra-010	generic/template wording: is a specific concept in
warn	/home/fhu_thjen/projects/learning-java/33-module-system/anki/basic-extra.tsv	11	module_system-extra-010	Extra is too short for a deep card
warn	/home/fhu_thjen/projects/learning-java/33-module-system/anki/basic-extra.tsv	12	module_system-extra-011	generic/template wording: is a specific concept in
warn	/home/fhu_thjen/projects/learning-java/33-module-system/anki/basic-extra.tsv	12	module_system-extra-011	Extra is too short for a deep card
warn	/home/fhu_thjen/projects/learning-java/33-module-system/anki/basic-extra.tsv	13	module_system-extra-012	generic/template wording: is a specific concept in
warn	/home/fhu_thjen/projects/learning-java/33-module-system/anki/basic-extra.tsv	14	module_system-extra-013	generic/template wording: is a specific concept in
warn	/home/fhu_thjen/projects/learning-java/33-module-system/anki/basic-extra.tsv	14	module_system-extra-013	Extra is too short for a deep card
warn	/home/fhu_thjen/projects/learning-java/33-module-system/anki/basic-extra.tsv	15	module_system-extra-014	Extra is too short for a deep card
warn	/home/fhu_thjen/projects/learning-java/33-module-system/anki/basic.tsv	3	module_system-basic-002	generic/template wording: use it to predict the exact java rule
warn	/home/fhu_thjen/projects/learning-java/33-module-system/anki/basic.tsv	4	module_system-basic-003	generic/template wording: is a specific concept in
warn	/home/fhu_thjen/projects/learning-java/33-module-system/anki/basic.tsv	5	module_system-basic-004	generic/template wording: use it to predict the exact java rule
warn	/home/fhu_thjen/projects/learning-java/33-module-system/anki/basic.tsv	6	module_system-basic-005	generic/template wording: is a specific concept in
warn	/home/fhu_thjen/projects/learning-java/33-module-system/anki/basic.tsv	7	module_system-basic-006	generic/template wording: use it to predict the exact java rule
warn	/home/fhu_thjen/projects/learning-java/33-module-system/anki/basic.tsv	8	module_system-basic-007	generic/template wording: is a specific concept in
warn	/home/fhu_thjen/projects/learning-java/33-module-system/anki/basic.tsv	9	module_system-basic-008	generic/template wording: use it to predict the exact java rule
warn	/home/fhu_thjen/projects/learning-java/33-module-system/anki/basic.tsv	10	module_system-basic-009	generic/template wording: is a specific concept in
warn	/home/fhu_thjen/projects/learning-java/33-module-system/anki/basic.tsv	11	module_system-basic-010	generic/template wording: use it to predict the exact java rule
warn	/home/fhu_thjen/projects/learning-java/33-module-system/anki/basic.tsv	12	module_system-basic-011	generic/template wording: is a specific concept in
warn	/home/fhu_thjen/projects/learning-java/33-module-system/anki/basic.tsv	13	module_system-basic-012	generic/template wording: use it to predict the exact java rule
warn	/home/fhu_thjen/projects/learning-java/33-module-system/anki/basic.tsv	14	module_system-basic-013	generic/template wording: is a specific concept in
warn	/home/fhu_thjen/projects/learning-java/33-module-system/anki/basic.tsv	15	module_system-basic-014	generic/template wording: use it to predict the exact java rule
warn	/home/fhu_thjen/projects/learning-java/33-module-system/anki/basic.tsv	16	module_system-basic-015	generic/template wording: is a specific concept in
warn	/home/fhu_thjen/projects/learning-java/33-module-system/anki/basic.tsv	17	module_system-basic-016	generic/template wording: use it to predict the exact java rule
warn	/home/fhu_thjen/projects/learning-java/33-module-system/anki/basic.tsv	18	module_system-basic-017	generic/template wording: is a specific concept in
warn	/home/fhu_thjen/projects/learning-java/33-module-system/anki/basic.tsv	19	module_system-basic-018	generic/template wording: use it to predict the exact java rule
warn	/home/fhu_thjen/projects/learning-java/33-module-system/anki/basic.tsv	21	module_system-basic-020	generic/template wording: use it to predict the exact java rule
warn	/home/fhu_thjen/projects/learning-java/33-module-system/anki/cloze.tsv	2	module_system-cloze-001	generic/template wording: use it to predict the exact java rule
warn	/home/fhu_thjen/projects/learning-java/33-module-system/anki/cloze.tsv	3	module_system-cloze-002	generic/template wording: use it to predict the exact java rule
warn	/home/fhu_thjen/projects/learning-java/33-module-system/anki/cloze.tsv	4	module_system-cloze-003	generic/template wording: use it to predict the exact java rule
warn	/home/fhu_thjen/projects/learning-java/33-module-system/anki/cloze.tsv	5	module_system-cloze-004	generic/template wording: use it to predict the exact java rule
warn	/home/fhu_thjen/projects/learning-java/33-module-system/anki/cloze.tsv	6	module_system-cloze-005	generic/template wording: use it to predict the exact java rule
warn	/home/fhu_thjen/projects/learning-java/33-module-system/anki/cloze.tsv	7	module_system-cloze-006	generic/template wording: use it to predict the exact java rule
warn	/home/fhu_thjen/projects/learning-java/33-module-system/anki/cloze.tsv	8	module_system-cloze-007	generic/template wording: use it to predict the exact java rule
warn	/home/fhu_thjen/projects/learning-java/33-module-system/anki/cloze.tsv	9	module_system-cloze-008	generic/template wording: use it to predict the exact java rule
warn	/home/fhu_thjen/projects/learning-java/33-module-system/anki/cloze.tsv	10	module_system-cloze-009	generic/template wording: use it to predict the exact java rule
warn	/home/fhu_thjen/projects/learning-java/33-module-system/anki/cloze.tsv	11	module_system-cloze-010	generic/template wording: use it to predict the exact java rule
warn	/home/fhu_thjen/projects/learning-java/33-module-system/anki/code-question.tsv	3	module_system-code-002	generic/template wording: use it to predict the exact java rule
warn	/home/fhu_thjen/projects/learning-java/33-module-system/anki/code-question.tsv	4	module_system-code-003	generic/template wording: is a specific concept in
warn	/home/fhu_thjen/projects/learning-java/33-module-system/anki/code-question.tsv	5	module_system-code-004	generic/template wording: is a specific concept in
warn	/home/fhu_thjen/projects/learning-java/33-module-system/anki/code-question.tsv	6	module_system-code-005	generic/template wording: is a specific concept in
warn	/home/fhu_thjen/projects/learning-java/33-module-system/anki/code-question.tsv	7	module_system-code-006	generic/template wording: is a specific concept in
warn	/home/fhu_thjen/projects/learning-java/33-module-system/anki/code-question.tsv	8	module_system-code-007	generic/template wording: is a specific concept in
warn	/home/fhu_thjen/projects/learning-java/33-module-system/anki/code-question.tsv	9	module_system-code-008	generic/template wording: is a specific concept in
warn	/home/fhu_thjen/projects/learning-java/33-module-system/anki/code-question.tsv	10	module_system-code-009	generic/template wording: is a specific concept in
warn	/home/fhu_thjen/projects/learning-java/33-module-system/anki/code-question.tsv	11	module_system-code-010	generic/template wording: is a specific concept in
warn	/home/fhu_thjen/projects/learning-java/33-module-system/anki/code-question.tsv	12	module_system-code-011	generic/template wording: use it to predict the exact java rule
warn	/home/fhu_thjen/projects/learning-java/34-jdbc/anki/basic-extra.tsv	2	jdbc-extra-001	Extra is too short for a deep card
warn	/home/fhu_thjen/projects/learning-java/34-jdbc/anki/basic-extra.tsv	3	jdbc-extra-002	generic/template wording: is a specific concept in
warn	/home/fhu_thjen/projects/learning-java/34-jdbc/anki/basic-extra.tsv	3	jdbc-extra-002	Extra is too short for a deep card
warn	/home/fhu_thjen/projects/learning-java/34-jdbc/anki/basic-extra.tsv	4	jdbc-extra-003	generic/template wording: is a specific concept in
warn	/home/fhu_thjen/projects/learning-java/34-jdbc/anki/basic-extra.tsv	4	jdbc-extra-003	Extra is too short for a deep card
warn	/home/fhu_thjen/projects/learning-java/34-jdbc/anki/basic-extra.tsv	5	jdbc-extra-004	Extra is too short for a deep card
warn	/home/fhu_thjen/projects/learning-java/34-jdbc/anki/basic-extra.tsv	6	jdbc-extra-005	Extra is too short for a deep card
warn	/home/fhu_thjen/projects/learning-java/34-jdbc/anki/basic-extra.tsv	7	jdbc-extra-006	generic/template wording: is a specific concept in
warn	/home/fhu_thjen/projects/learning-java/34-jdbc/anki/basic-extra.tsv	7	jdbc-extra-006	Extra is too short for a deep card
warn	/home/fhu_thjen/projects/learning-java/34-jdbc/anki/basic-extra.tsv	8	jdbc-extra-007	Extra is too short for a deep card
warn	/home/fhu_thjen/projects/learning-java/34-jdbc/anki/basic-extra.tsv	9	jdbc-extra-008	Extra is too short for a deep card
warn	/home/fhu_thjen/projects/learning-java/34-jdbc/anki/basic-extra.tsv	10	jdbc-extra-009	generic/template wording: is a specific concept in
warn	/home/fhu_thjen/projects/learning-java/34-jdbc/anki/basic-extra.tsv	10	jdbc-extra-009	Extra is too short for a deep card
warn	/home/fhu_thjen/projects/learning-java/34-jdbc/anki/basic-extra.tsv	11	jdbc-extra-010	Extra is too short for a deep card
warn	/home/fhu_thjen/projects/learning-java/34-jdbc/anki/basic-extra.tsv	13	jdbc-extra-012	Extra is too short for a deep card
warn	/home/fhu_thjen/projects/learning-java/34-jdbc/anki/basic-extra.tsv	14	jdbc-extra-013	Extra is too short for a deep card
warn	/home/fhu_thjen/projects/learning-java/34-jdbc/anki/basic-extra.tsv	15	jdbc-extra-014	Extra is too short for a deep card
warn	/home/fhu_thjen/projects/learning-java/34-jdbc/anki/basic-extra.tsv	16	jdbc-extra-015	Extra is too short for a deep card
warn	/home/fhu_thjen/projects/learning-java/34-jdbc/anki/basic-extra.tsv	17	jdbc-extra-016	generic/template wording: is a specific concept in
warn	/home/fhu_thjen/projects/learning-java/34-jdbc/anki/basic-extra.tsv	17	jdbc-extra-016	Extra is too short for a deep card
warn	/home/fhu_thjen/projects/learning-java/34-jdbc/anki/basic-extra.tsv	18	jdbc-extra-017	Extra is too short for a deep card
warn	/home/fhu_thjen/projects/learning-java/34-jdbc/anki/basic-extra.tsv	19	jdbc-extra-018	Extra is too short for a deep card
warn	/home/fhu_thjen/projects/learning-java/34-jdbc/anki/basic-extra.tsv	20	jdbc-extra-019	Extra is too short for a deep card
warn	/home/fhu_thjen/projects/learning-java/34-jdbc/anki/basic-extra.tsv	21	jdbc-extra-020	Extra is too short for a deep card
warn	/home/fhu_thjen/projects/learning-java/34-jdbc/anki/basic-extra.tsv	22	jdbc-extra-021	Extra is too short for a deep card
warn	/home/fhu_thjen/projects/learning-java/34-jdbc/anki/basic.tsv	3	jdbc-basic-002	generic/template wording: use it to predict the exact java rule
warn	/home/fhu_thjen/projects/learning-java/34-jdbc/anki/basic.tsv	4	jdbc-basic-003	generic/template wording: is a specific concept in
warn	/home/fhu_thjen/projects/learning-java/34-jdbc/anki/basic.tsv	5	jdbc-basic-004	generic/template wording: use it to predict the exact java rule
warn	/home/fhu_thjen/projects/learning-java/34-jdbc/anki/basic.tsv	6	jdbc-basic-005	generic/template wording: is a specific concept in
warn	/home/fhu_thjen/projects/learning-java/34-jdbc/anki/basic.tsv	7	jdbc-basic-006	generic/template wording: use it to predict the exact java rule
warn	/home/fhu_thjen/projects/learning-java/34-jdbc/anki/basic.tsv	8	jdbc-basic-007	generic/template wording: is a specific concept in
warn	/home/fhu_thjen/projects/learning-java/34-jdbc/anki/basic.tsv	9	jdbc-basic-008	generic/template wording: use it to predict the exact java rule
warn	/home/fhu_thjen/projects/learning-java/34-jdbc/anki/basic.tsv	10	jdbc-basic-009	generic/template wording: is a specific concept in
warn	/home/fhu_thjen/projects/learning-java/34-jdbc/anki/basic.tsv	11	jdbc-basic-010	generic/template wording: use it to predict the exact java rule
warn	/home/fhu_thjen/projects/learning-java/34-jdbc/anki/basic.tsv	12	jdbc-basic-011	generic/template wording: is a specific concept in
warn	/home/fhu_thjen/projects/learning-java/34-jdbc/anki/basic.tsv	13	jdbc-basic-012	generic/template wording: use it to predict the exact java rule
warn	/home/fhu_thjen/projects/learning-java/34-jdbc/anki/basic.tsv	14	jdbc-basic-013	generic/template wording: is a specific concept in
warn	/home/fhu_thjen/projects/learning-java/34-jdbc/anki/basic.tsv	15	jdbc-basic-014	generic/template wording: use it to predict the exact java rule
warn	/home/fhu_thjen/projects/learning-java/34-jdbc/anki/basic.tsv	19	jdbc-basic-018	generic/template wording: use it to predict the exact java rule
warn	/home/fhu_thjen/projects/learning-java/34-jdbc/anki/basic.tsv	20	jdbc-basic-019	generic/template wording: is a specific concept in
warn	/home/fhu_thjen/projects/learning-java/34-jdbc/anki/basic.tsv	21	jdbc-basic-020	generic/template wording: use it to predict the exact java rule
warn	/home/fhu_thjen/projects/learning-java/34-jdbc/anki/basic.tsv	22	jdbc-basic-021	generic/template wording: is a specific concept in
warn	/home/fhu_thjen/projects/learning-java/34-jdbc/anki/basic.tsv	23	jdbc-basic-022	generic/template wording: use it to predict the exact java rule
warn	/home/fhu_thjen/projects/learning-java/34-jdbc/anki/basic.tsv	26	jdbc-basic-025	generic/template wording: is a specific concept in
warn	/home/fhu_thjen/projects/learning-java/34-jdbc/anki/basic.tsv	27	jdbc-basic-026	generic/template wording: use it to predict the exact java rule
warn	/home/fhu_thjen/projects/learning-java/34-jdbc/anki/basic.tsv	29	jdbc-basic-028	generic/template wording: use it to predict the exact java rule
warn	/home/fhu_thjen/projects/learning-java/34-jdbc/anki/basic.tsv	30	jdbc-basic-029	generic/template wording: is a specific concept in
warn	/home/fhu_thjen/projects/learning-java/34-jdbc/anki/basic.tsv	31	jdbc-basic-030	generic/template wording: use it to predict the exact java rule
warn	/home/fhu_thjen/projects/learning-java/34-jdbc/anki/basic.tsv	32	jdbc-basic-031	generic/template wording: is a specific concept in
warn	/home/fhu_thjen/projects/learning-java/34-jdbc/anki/basic.tsv	33	jdbc-basic-032	generic/template wording: use it to predict the exact java rule
warn	/home/fhu_thjen/projects/learning-java/34-jdbc/anki/basic.tsv	35	jdbc-basic-034	generic/template wording: use it to predict the exact java rule
warn	/home/fhu_thjen/projects/learning-java/34-jdbc/anki/cloze.tsv	2	jdbc-cloze-001	generic/template wording: use it to predict the exact java rule
warn	/home/fhu_thjen/projects/learning-java/34-jdbc/anki/cloze.tsv	3	jdbc-cloze-002	generic/template wording: use it to predict the exact java rule
warn	/home/fhu_thjen/projects/learning-java/34-jdbc/anki/cloze.tsv	4	jdbc-cloze-003	generic/template wording: use it to predict the exact java rule
warn	/home/fhu_thjen/projects/learning-java/34-jdbc/anki/cloze.tsv	5	jdbc-cloze-004	generic/template wording: use it to predict the exact java rule
warn	/home/fhu_thjen/projects/learning-java/34-jdbc/anki/cloze.tsv	6	jdbc-cloze-005	generic/template wording: use it to predict the exact java rule
warn	/home/fhu_thjen/projects/learning-java/34-jdbc/anki/cloze.tsv	7	jdbc-cloze-006	generic/template wording: use it to predict the exact java rule
warn	/home/fhu_thjen/projects/learning-java/34-jdbc/anki/cloze.tsv	8	jdbc-cloze-007	generic/template wording: use it to predict the exact java rule
warn	/home/fhu_thjen/projects/learning-java/34-jdbc/anki/cloze.tsv	10	jdbc-cloze-009	generic/template wording: use it to predict the exact java rule
warn	/home/fhu_thjen/projects/learning-java/34-jdbc/anki/cloze.tsv	11	jdbc-cloze-010	generic/template wording: use it to predict the exact java rule
warn	/home/fhu_thjen/projects/learning-java/34-jdbc/anki/cloze.tsv	12	jdbc-cloze-011	generic/template wording: use it to predict the exact java rule
warn	/home/fhu_thjen/projects/learning-java/34-jdbc/anki/cloze.tsv	14	jdbc-cloze-013	generic/template wording: use it to predict the exact java rule
warn	/home/fhu_thjen/projects/learning-java/34-jdbc/anki/cloze.tsv	15	jdbc-cloze-014	generic/template wording: use it to predict the exact java rule
warn	/home/fhu_thjen/projects/learning-java/34-jdbc/anki/cloze.tsv	16	jdbc-cloze-015	generic/template wording: use it to predict the exact java rule
warn	/home/fhu_thjen/projects/learning-java/34-jdbc/anki/cloze.tsv	17	jdbc-cloze-016	generic/template wording: use it to predict the exact java rule
warn	/home/fhu_thjen/projects/learning-java/34-jdbc/anki/cloze.tsv	18	jdbc-cloze-017	generic/template wording: use it to predict the exact java rule
warn	/home/fhu_thjen/projects/learning-java/34-jdbc/anki/code-question.tsv	3	jdbc-code-002	generic/template wording: use it to predict the exact java rule
warn	/home/fhu_thjen/projects/learning-java/34-jdbc/anki/code-question.tsv	4	jdbc-code-003	generic/template wording: is a specific concept in
warn	/home/fhu_thjen/projects/learning-java/34-jdbc/anki/code-question.tsv	5	jdbc-code-004	generic/template wording: is a specific concept in
warn	/home/fhu_thjen/projects/learning-java/34-jdbc/anki/code-question.tsv	6	jdbc-code-005	generic/template wording: is a specific concept in
warn	/home/fhu_thjen/projects/learning-java/34-jdbc/anki/code-question.tsv	7	jdbc-code-006	generic/template wording: is a specific concept in
warn	/home/fhu_thjen/projects/learning-java/34-jdbc/anki/code-question.tsv	8	jdbc-code-007	generic/template wording: is a specific concept in
warn	/home/fhu_thjen/projects/learning-java/34-jdbc/anki/code-question.tsv	9	jdbc-code-008	generic/template wording: is a specific concept in
warn	/home/fhu_thjen/projects/learning-java/34-jdbc/anki/code-question.tsv	11	jdbc-code-010	generic/template wording: use it to predict the exact java rule
warn	/home/fhu_thjen/projects/learning-java/34-jdbc/anki/code-question.tsv	12	jdbc-code-011	generic/template wording: is a specific concept in
warn	/home/fhu_thjen/projects/learning-java/34-jdbc/anki/code-question.tsv	13	jdbc-code-012	generic/template wording: is a specific concept in
warn	/home/fhu_thjen/projects/learning-java/34-jdbc/anki/code-question.tsv	15	jdbc-code-014	generic/template wording: is a specific concept in
warn	/home/fhu_thjen/projects/learning-java/34-jdbc/anki/code-question.tsv	16	jdbc-code-015	generic/template wording: use it to predict the exact java rule
warn	/home/fhu_thjen/projects/learning-java/35-networking/anki/basic-extra.tsv	2	networking-extra-001	Extra is too short for a deep card
warn	/home/fhu_thjen/projects/learning-java/35-networking/anki/basic-extra.tsv	3	networking-extra-002	Extra is too short for a deep card
warn	/home/fhu_thjen/projects/learning-java/35-networking/anki/basic-extra.tsv	4	networking-extra-003	Extra is too short for a deep card
warn	/home/fhu_thjen/projects/learning-java/35-networking/anki/basic-extra.tsv	5	networking-extra-004	Extra is too short for a deep card
warn	/home/fhu_thjen/projects/learning-java/35-networking/anki/basic-extra.tsv	6	networking-extra-005	Extra is too short for a deep card
warn	/home/fhu_thjen/projects/learning-java/35-networking/anki/basic-extra.tsv	8	networking-extra-007	Extra is too short for a deep card
warn	/home/fhu_thjen/projects/learning-java/35-networking/anki/basic-extra.tsv	9	networking-extra-008	Extra is too short for a deep card
warn	/home/fhu_thjen/projects/learning-java/35-networking/anki/basic-extra.tsv	10	networking-extra-009	Extra is too short for a deep card
warn	/home/fhu_thjen/projects/learning-java/35-networking/anki/basic-extra.tsv	11	networking-extra-010	Extra is too short for a deep card
warn	/home/fhu_thjen/projects/learning-java/35-networking/anki/basic-extra.tsv	12	networking-extra-011	Extra is too short for a deep card
warn	/home/fhu_thjen/projects/learning-java/35-networking/anki/basic-extra.tsv	13	networking-extra-012	Extra is too short for a deep card
warn	/home/fhu_thjen/projects/learning-java/35-networking/anki/basic-extra.tsv	14	networking-extra-013	Extra is too short for a deep card
warn	/home/fhu_thjen/projects/learning-java/35-networking/anki/basic-extra.tsv	15	networking-extra-014	Extra is too short for a deep card
warn	/home/fhu_thjen/projects/learning-java/35-networking/anki/basic-extra.tsv	16	networking-extra-015	Extra is too short for a deep card
warn	/home/fhu_thjen/projects/learning-java/35-networking/anki/basic-extra.tsv	17	networking-extra-016	Extra is too short for a deep card
warn	/home/fhu_thjen/projects/learning-java/35-networking/anki/basic.tsv	3	networking-basic-002	generic/template wording: use it to predict the exact java rule
warn	/home/fhu_thjen/projects/learning-java/35-networking/anki/basic.tsv	5	networking-basic-004	generic/template wording: use it to predict the exact java rule
warn	/home/fhu_thjen/projects/learning-java/35-networking/anki/basic.tsv	7	networking-basic-006	generic/template wording: use it to predict the exact java rule
warn	/home/fhu_thjen/projects/learning-java/35-networking/anki/basic.tsv	9	networking-basic-008	generic/template wording: use it to predict the exact java rule
warn	/home/fhu_thjen/projects/learning-java/35-networking/anki/basic.tsv	11	networking-basic-010	generic/template wording: use it to predict the exact java rule
warn	/home/fhu_thjen/projects/learning-java/35-networking/anki/basic.tsv	13	networking-basic-012	generic/template wording: use it to predict the exact java rule
warn	/home/fhu_thjen/projects/learning-java/35-networking/anki/basic.tsv	14	networking-basic-013	generic/template wording: is a specific concept in
warn	/home/fhu_thjen/projects/learning-java/35-networking/anki/basic.tsv	15	networking-basic-014	generic/template wording: use it to predict the exact java rule
warn	/home/fhu_thjen/projects/learning-java/35-networking/anki/basic.tsv	16	networking-basic-015	generic/template wording: is a specific concept in
warn	/home/fhu_thjen/projects/learning-java/35-networking/anki/basic.tsv	17	networking-basic-016	generic/template wording: use it to predict the exact java rule
warn	/home/fhu_thjen/projects/learning-java/35-networking/anki/basic.tsv	18	networking-basic-017	generic/template wording: is a specific concept in
warn	/home/fhu_thjen/projects/learning-java/35-networking/anki/basic.tsv	19	networking-basic-018	generic/template wording: use it to predict the exact java rule
warn	/home/fhu_thjen/projects/learning-java/35-networking/anki/basic.tsv	20	networking-basic-019	generic/template wording: is a specific concept in
warn	/home/fhu_thjen/projects/learning-java/35-networking/anki/basic.tsv	21	networking-basic-020	generic/template wording: use it to predict the exact java rule
warn	/home/fhu_thjen/projects/learning-java/35-networking/anki/basic.tsv	22	networking-basic-021	generic/template wording: is a specific concept in
warn	/home/fhu_thjen/projects/learning-java/35-networking/anki/basic.tsv	23	networking-basic-022	generic/template wording: use it to predict the exact java rule
warn	/home/fhu_thjen/projects/learning-java/35-networking/anki/basic.tsv	24	networking-basic-023	generic/template wording: is a specific concept in
warn	/home/fhu_thjen/projects/learning-java/35-networking/anki/basic.tsv	25	networking-basic-024	generic/template wording: use it to predict the exact java rule
warn	/home/fhu_thjen/projects/learning-java/35-networking/anki/basic.tsv	26	networking-basic-025	generic/template wording: is a specific concept in
warn	/home/fhu_thjen/projects/learning-java/35-networking/anki/basic.tsv	27	networking-basic-026	generic/template wording: use it to predict the exact java rule
warn	/home/fhu_thjen/projects/learning-java/35-networking/anki/cloze.tsv	2	networking-cloze-001	generic/template wording: use it to predict the exact java rule
warn	/home/fhu_thjen/projects/learning-java/35-networking/anki/cloze.tsv	3	networking-cloze-002	generic/template wording: use it to predict the exact java rule
warn	/home/fhu_thjen/projects/learning-java/35-networking/anki/cloze.tsv	4	networking-cloze-003	generic/template wording: use it to predict the exact java rule
warn	/home/fhu_thjen/projects/learning-java/35-networking/anki/cloze.tsv	5	networking-cloze-004	generic/template wording: use it to predict the exact java rule
warn	/home/fhu_thjen/projects/learning-java/35-networking/anki/cloze.tsv	6	networking-cloze-005	generic/template wording: use it to predict the exact java rule
warn	/home/fhu_thjen/projects/learning-java/35-networking/anki/cloze.tsv	7	networking-cloze-006	generic/template wording: use it to predict the exact java rule
warn	/home/fhu_thjen/projects/learning-java/35-networking/anki/cloze.tsv	8	networking-cloze-007	generic/template wording: use it to predict the exact java rule
warn	/home/fhu_thjen/projects/learning-java/35-networking/anki/cloze.tsv	9	networking-cloze-008	generic/template wording: use it to predict the exact java rule
warn	/home/fhu_thjen/projects/learning-java/35-networking/anki/cloze.tsv	10	networking-cloze-009	generic/template wording: use it to predict the exact java rule
warn	/home/fhu_thjen/projects/learning-java/35-networking/anki/cloze.tsv	11	networking-cloze-010	generic/template wording: use it to predict the exact java rule
warn	/home/fhu_thjen/projects/learning-java/35-networking/anki/cloze.tsv	12	networking-cloze-011	generic/template wording: use it to predict the exact java rule
warn	/home/fhu_thjen/projects/learning-java/35-networking/anki/cloze.tsv	13	networking-cloze-012	generic/template wording: use it to predict the exact java rule
warn	/home/fhu_thjen/projects/learning-java/35-networking/anki/cloze.tsv	14	networking-cloze-013	generic/template wording: use it to predict the exact java rule
warn	/home/fhu_thjen/projects/learning-java/35-networking/anki/code-question.tsv	3	networking-code-002	generic/template wording: use it to predict the exact java rule
warn	/home/fhu_thjen/projects/learning-java/35-networking/anki/code-question.tsv	4	networking-code-003	generic/template wording: use it to predict the exact java rule
warn	/home/fhu_thjen/projects/learning-java/35-networking/anki/code-question.tsv	5	networking-code-004	generic/template wording: use it to predict the exact java rule
warn	/home/fhu_thjen/projects/learning-java/35-networking/anki/code-question.tsv	6	networking-code-005	generic/template wording: use it to predict the exact java rule
warn	/home/fhu_thjen/projects/learning-java/35-networking/anki/code-question.tsv	7	networking-code-006	generic/template wording: use it to predict the exact java rule
warn	/home/fhu_thjen/projects/learning-java/35-networking/anki/code-question.tsv	8	networking-code-007	generic/template wording: use it to predict the exact java rule
warn	/home/fhu_thjen/projects/learning-java/35-networking/anki/code-question.tsv	9	networking-code-008	generic/template wording: is a specific concept in
warn	/home/fhu_thjen/projects/learning-java/35-networking/anki/code-question.tsv	10	networking-code-009	generic/template wording: is a specific concept in
warn	/home/fhu_thjen/projects/learning-java/35-networking/anki/code-question.tsv	11	networking-code-010	generic/template wording: is a specific concept in
warn	/home/fhu_thjen/projects/learning-java/35-networking/anki/code-question.tsv	12	networking-code-011	generic/template wording: is a specific concept in
warn	/home/fhu_thjen/projects/learning-java/35-networking/anki/code-question.tsv	13	networking-code-012	generic/template wording: is a specific concept in
warn	/home/fhu_thjen/projects/learning-java/35-networking/anki/code-question.tsv	14	networking-code-013	generic/template wording: is a specific concept in
warn	/home/fhu_thjen/projects/learning-java/35-networking/anki/code-question.tsv	15	networking-code-014	generic/template wording: is a specific concept in
warn	/home/fhu_thjen/projects/learning-java/36-security-basic/anki/basic-extra.tsv	2	security_basic-extra-001	Extra is too short for a deep card
warn	/home/fhu_thjen/projects/learning-java/36-security-basic/anki/basic-extra.tsv	3	security_basic-extra-002	Extra is too short for a deep card
warn	/home/fhu_thjen/projects/learning-java/36-security-basic/anki/basic-extra.tsv	4	security_basic-extra-003	Extra is too short for a deep card
warn	/home/fhu_thjen/projects/learning-java/36-security-basic/anki/basic-extra.tsv	5	security_basic-extra-004	Extra is too short for a deep card
warn	/home/fhu_thjen/projects/learning-java/36-security-basic/anki/basic-extra.tsv	6	security_basic-extra-005	Extra is too short for a deep card
warn	/home/fhu_thjen/projects/learning-java/36-security-basic/anki/basic-extra.tsv	8	security_basic-extra-007	Extra is too short for a deep card
warn	/home/fhu_thjen/projects/learning-java/36-security-basic/anki/basic-extra.tsv	9	security_basic-extra-008	Extra is too short for a deep card
warn	/home/fhu_thjen/projects/learning-java/36-security-basic/anki/basic-extra.tsv	10	security_basic-extra-009	Extra is too short for a deep card
warn	/home/fhu_thjen/projects/learning-java/36-security-basic/anki/basic-extra.tsv	11	security_basic-extra-010	Extra is too short for a deep card
warn	/home/fhu_thjen/projects/learning-java/36-security-basic/anki/basic-extra.tsv	12	security_basic-extra-011	Extra is too short for a deep card
warn	/home/fhu_thjen/projects/learning-java/36-security-basic/anki/basic-extra.tsv	13	security_basic-extra-012	Extra is too short for a deep card
warn	/home/fhu_thjen/projects/learning-java/36-security-basic/anki/basic-extra.tsv	14	security_basic-extra-013	Extra is too short for a deep card
warn	/home/fhu_thjen/projects/learning-java/36-security-basic/anki/basic.tsv	2	security_basic-basic-001	generic/template wording: is a specific concept in
warn	/home/fhu_thjen/projects/learning-java/36-security-basic/anki/basic.tsv	3	security_basic-basic-002	generic/template wording: use it to predict the exact java rule
warn	/home/fhu_thjen/projects/learning-java/36-security-basic/anki/basic.tsv	6	security_basic-basic-005	generic/template wording: is a specific concept in
warn	/home/fhu_thjen/projects/learning-java/36-security-basic/anki/basic.tsv	7	security_basic-basic-006	generic/template wording: use it to predict the exact java rule
warn	/home/fhu_thjen/projects/learning-java/36-security-basic/anki/basic.tsv	8	security_basic-basic-007	generic/template wording: is a specific concept in
warn	/home/fhu_thjen/projects/learning-java/36-security-basic/anki/basic.tsv	9	security_basic-basic-008	generic/template wording: use it to predict the exact java rule
warn	/home/fhu_thjen/projects/learning-java/36-security-basic/anki/basic.tsv	10	security_basic-basic-009	generic/template wording: is a specific concept in
warn	/home/fhu_thjen/projects/learning-java/36-security-basic/anki/basic.tsv	11	security_basic-basic-010	generic/template wording: use it to predict the exact java rule
warn	/home/fhu_thjen/projects/learning-java/36-security-basic/anki/basic.tsv	12	security_basic-basic-011	generic/template wording: is a specific concept in
warn	/home/fhu_thjen/projects/learning-java/36-security-basic/anki/basic.tsv	13	security_basic-basic-012	generic/template wording: use it to predict the exact java rule
warn	/home/fhu_thjen/projects/learning-java/36-security-basic/anki/basic.tsv	14	security_basic-basic-013	generic/template wording: is a specific concept in
warn	/home/fhu_thjen/projects/learning-java/36-security-basic/anki/basic.tsv	15	security_basic-basic-014	generic/template wording: use it to predict the exact java rule
warn	/home/fhu_thjen/projects/learning-java/36-security-basic/anki/basic.tsv	16	security_basic-basic-015	generic/template wording: is a specific concept in
warn	/home/fhu_thjen/projects/learning-java/36-security-basic/anki/basic.tsv	17	security_basic-basic-016	generic/template wording: use it to predict the exact java rule
warn	/home/fhu_thjen/projects/learning-java/36-security-basic/anki/basic.tsv	18	security_basic-basic-017	generic/template wording: is a specific concept in
warn	/home/fhu_thjen/projects/learning-java/36-security-basic/anki/basic.tsv	19	security_basic-basic-018	generic/template wording: use it to predict the exact java rule
warn	/home/fhu_thjen/projects/learning-java/36-security-basic/anki/basic.tsv	21	security_basic-basic-020	generic/template wording: use it to predict the exact java rule
warn	/home/fhu_thjen/projects/learning-java/36-security-basic/anki/basic.tsv	23	security_basic-basic-022	generic/template wording: use it to predict the exact java rule
warn	/home/fhu_thjen/projects/learning-java/36-security-basic/anki/cloze.tsv	2	security_basic-cloze-001	generic/template wording: use it to predict the exact java rule
warn	/home/fhu_thjen/projects/learning-java/36-security-basic/anki/cloze.tsv	4	security_basic-cloze-003	generic/template wording: use it to predict the exact java rule
warn	/home/fhu_thjen/projects/learning-java/36-security-basic/anki/cloze.tsv	5	security_basic-cloze-004	generic/template wording: use it to predict the exact java rule
warn	/home/fhu_thjen/projects/learning-java/36-security-basic/anki/cloze.tsv	6	security_basic-cloze-005	generic/template wording: use it to predict the exact java rule
warn	/home/fhu_thjen/projects/learning-java/36-security-basic/anki/cloze.tsv	7	security_basic-cloze-006	generic/template wording: use it to predict the exact java rule
warn	/home/fhu_thjen/projects/learning-java/36-security-basic/anki/cloze.tsv	8	security_basic-cloze-007	generic/template wording: use it to predict the exact java rule
warn	/home/fhu_thjen/projects/learning-java/36-security-basic/anki/cloze.tsv	9	security_basic-cloze-008	generic/template wording: use it to predict the exact java rule
warn	/home/fhu_thjen/projects/learning-java/36-security-basic/anki/cloze.tsv	10	security_basic-cloze-009	generic/template wording: use it to predict the exact java rule
warn	/home/fhu_thjen/projects/learning-java/36-security-basic/anki/cloze.tsv	11	security_basic-cloze-010	generic/template wording: use it to predict the exact java rule
warn	/home/fhu_thjen/projects/learning-java/36-security-basic/anki/cloze.tsv	12	security_basic-cloze-011	generic/template wording: use it to predict the exact java rule
warn	/home/fhu_thjen/projects/learning-java/36-security-basic/anki/code-question.tsv	3	security_basic-code-002	generic/template wording: is a specific concept in
warn	/home/fhu_thjen/projects/learning-java/36-security-basic/anki/code-question.tsv	5	security_basic-code-004	generic/template wording: is a specific concept in
warn	/home/fhu_thjen/projects/learning-java/36-security-basic/anki/code-question.tsv	6	security_basic-code-005	generic/template wording: is a specific concept in
warn	/home/fhu_thjen/projects/learning-java/36-security-basic/anki/code-question.tsv	7	security_basic-code-006	generic/template wording: is a specific concept in
warn	/home/fhu_thjen/projects/learning-java/36-security-basic/anki/code-question.tsv	8	security_basic-code-007	generic/template wording: is a specific concept in
warn	/home/fhu_thjen/projects/learning-java/36-security-basic/anki/code-question.tsv	9	security_basic-code-008	generic/template wording: is a specific concept in
warn	/home/fhu_thjen/projects/learning-java/36-security-basic/anki/code-question.tsv	10	security_basic-code-009	generic/template wording: is a specific concept in
warn	/home/fhu_thjen/projects/learning-java/36-security-basic/anki/code-question.tsv	11	security_basic-code-010	generic/template wording: is a specific concept in
warn	/home/fhu_thjen/projects/learning-java/36-security-basic/anki/code-question.tsv	12	security_basic-code-011	generic/template wording: use it to predict the exact java rule
warn	/home/fhu_thjen/projects/learning-java/36-security-basic/anki/code-question.tsv	14	security_basic-code-013	shallow answer for listing/count question: '' — expand to include all items or a meaningful grouping
warn	/home/fhu_thjen/projects/learning-java/37-jvm-advanced/anki/basic-extra.tsv	2	jvm_advanced-extra-001	Extra is too short for a deep card
warn	/home/fhu_thjen/projects/learning-java/37-jvm-advanced/anki/basic-extra.tsv	4	jvm_advanced-extra-003	Extra is too short for a deep card
warn	/home/fhu_thjen/projects/learning-java/37-jvm-advanced/anki/basic-extra.tsv	6	jvm_advanced-extra-005	Extra is too short for a deep card
warn	/home/fhu_thjen/projects/learning-java/37-jvm-advanced/anki/basic-extra.tsv	8	jvm_advanced-extra-007	Extra is too short for a deep card
warn	/home/fhu_thjen/projects/learning-java/37-jvm-advanced/anki/basic-extra.tsv	9	jvm_advanced-extra-008	Extra is too short for a deep card
warn	/home/fhu_thjen/projects/learning-java/37-jvm-advanced/anki/basic-extra.tsv	10	jvm_advanced-extra-009	Extra is too short for a deep card
warn	/home/fhu_thjen/projects/learning-java/37-jvm-advanced/anki/basic-extra.tsv	12	jvm_advanced-extra-011	Extra is too short for a deep card
warn	/home/fhu_thjen/projects/learning-java/37-jvm-advanced/anki/basic-extra.tsv	14	jvm_advanced-extra-013	Extra is too short for a deep card
warn	/home/fhu_thjen/projects/learning-java/37-jvm-advanced/anki/basic-extra.tsv	16	jvm_advanced-extra-015	Extra is too short for a deep card
warn	/home/fhu_thjen/projects/learning-java/37-jvm-advanced/anki/basic-extra.tsv	18	jvm_advanced-extra-017	Extra is too short for a deep card
warn	/home/fhu_thjen/projects/learning-java/37-jvm-advanced/anki/basic-extra.tsv	20	jvm_advanced-extra-019	Extra is too short for a deep card
warn	/home/fhu_thjen/projects/learning-java/37-jvm-advanced/anki/basic-extra.tsv	21	jvm_advanced-extra-020	Extra is too short for a deep card
warn	/home/fhu_thjen/projects/learning-java/37-jvm-advanced/anki/basic-extra.tsv	22	jvm_advanced-extra-021	Extra is too short for a deep card
warn	/home/fhu_thjen/projects/learning-java/37-jvm-advanced/anki/basic-extra.tsv	24	jvm_advanced-extra-023	Extra is too short for a deep card
warn	/home/fhu_thjen/projects/learning-java/37-jvm-advanced/anki/basic-extra.tsv	26	jvm_advanced-extra-025	Extra is too short for a deep card
warn	/home/fhu_thjen/projects/learning-java/37-jvm-advanced/anki/basic-extra.tsv	27	jvm_advanced-extra-026	Extra is too short for a deep card
warn	/home/fhu_thjen/projects/learning-java/37-jvm-advanced/anki/basic-extra.tsv	28	jvm_advanced-extra-027	Extra is too short for a deep card
warn	/home/fhu_thjen/projects/learning-java/37-jvm-advanced/anki/basic-extra.tsv	30	jvm_advanced-extra-029	Extra is too short for a deep card
warn	/home/fhu_thjen/projects/learning-java/37-jvm-advanced/anki/basic-extra.tsv	31	jvm_advanced-extra-030	Extra is too short for a deep card
warn	/home/fhu_thjen/projects/learning-java/37-jvm-advanced/anki/basic-extra.tsv	32	jvm_advanced-extra-031	Extra is too short for a deep card
warn	/home/fhu_thjen/projects/learning-java/37-jvm-advanced/anki/basic-extra.tsv	33	jvm_advanced-extra-032	Extra is too short for a deep card
warn	/home/fhu_thjen/projects/learning-java/37-jvm-advanced/anki/basic-extra.tsv	34	jvm_advanced-extra-033	Extra is too short for a deep card
warn	/home/fhu_thjen/projects/learning-java/37-jvm-advanced/anki/basic-extra.tsv	36	jvm_advanced-extra-035	Extra is too short for a deep card
warn	/home/fhu_thjen/projects/learning-java/37-jvm-advanced/anki/basic-extra.tsv	37	jvm_advanced-extra-036	Extra is too short for a deep card
warn	/home/fhu_thjen/projects/learning-java/37-jvm-advanced/anki/basic-extra.tsv	38	jvm_advanced-extra-037	Extra is too short for a deep card
warn	/home/fhu_thjen/projects/learning-java/37-jvm-advanced/anki/basic-extra.tsv	39	jvm_advanced-extra-038	Extra is too short for a deep card
warn	/home/fhu_thjen/projects/learning-java/37-jvm-advanced/anki/basic-extra.tsv	40	jvm_advanced-extra-039	Extra is too short for a deep card
warn	/home/fhu_thjen/projects/learning-java/37-jvm-advanced/anki/basic-extra.tsv	41	jvm_advanced-extra-040	Extra is too short for a deep card
warn	/home/fhu_thjen/projects/learning-java/37-jvm-advanced/anki/basic-extra.tsv	42	jvm_advanced-extra-041	Extra is too short for a deep card
warn	/home/fhu_thjen/projects/learning-java/37-jvm-advanced/anki/basic-extra.tsv	43	jvm_advanced-extra-042	Extra is too short for a deep card
warn	/home/fhu_thjen/projects/learning-java/37-jvm-advanced/anki/basic-extra.tsv	44	jvm_advanced-extra-043	Extra is too short for a deep card
warn	/home/fhu_thjen/projects/learning-java/37-jvm-advanced/anki/basic-extra.tsv	46	jvm_advanced-extra-045	Extra is too short for a deep card
warn	/home/fhu_thjen/projects/learning-java/37-jvm-advanced/anki/basic-extra.tsv	47	jvm_advanced-extra-046	Extra is too short for a deep card
warn	/home/fhu_thjen/projects/learning-java/37-jvm-advanced/anki/basic-extra.tsv	48	jvm_advanced-extra-047	Extra is too short for a deep card
warn	/home/fhu_thjen/projects/learning-java/37-jvm-advanced/anki/basic-extra.tsv	50	jvm_advanced-extra-049	Extra is too short for a deep card
warn	/home/fhu_thjen/projects/learning-java/37-jvm-advanced/anki/basic-extra.tsv	52	jvm_advanced-extra-051	Extra is too short for a deep card
warn	/home/fhu_thjen/projects/learning-java/37-jvm-advanced/anki/basic-extra.tsv	54	jvm_advanced-extra-053	Extra is too short for a deep card
warn	/home/fhu_thjen/projects/learning-java/37-jvm-advanced/anki/basic-extra.tsv	56	jvm_advanced-extra-055	Extra is too short for a deep card
warn	/home/fhu_thjen/projects/learning-java/37-jvm-advanced/anki/basic-extra.tsv	58	jvm_advanced-extra-057	Extra is too short for a deep card
warn	/home/fhu_thjen/projects/learning-java/37-jvm-advanced/anki/basic-extra.tsv	60	jvm_advanced-extra-059	Extra is too short for a deep card
warn	/home/fhu_thjen/projects/learning-java/37-jvm-advanced/anki/basic-extra.tsv	61	jvm_advanced-extra-060	Extra is too short for a deep card
warn	/home/fhu_thjen/projects/learning-java/37-jvm-advanced/anki/basic-extra.tsv	62	jvm_advanced-extra-061	Extra is too short for a deep card
warn	/home/fhu_thjen/projects/learning-java/37-jvm-advanced/anki/basic-extra.tsv	64	jvm_advanced-extra-063	Extra is too short for a deep card
warn	/home/fhu_thjen/projects/learning-java/37-jvm-advanced/anki/basic-extra.tsv	66	jvm_advanced-extra-065	Extra is too short for a deep card
warn	/home/fhu_thjen/projects/learning-java/37-jvm-advanced/anki/basic-extra.tsv	68	jvm_advanced-extra-067	Extra is too short for a deep card
warn	/home/fhu_thjen/projects/learning-java/37-jvm-advanced/anki/basic-extra.tsv	70	jvm_advanced-extra-069	Extra is too short for a deep card
warn	/home/fhu_thjen/projects/learning-java/37-jvm-advanced/anki/basic-extra.tsv	72	jvm_advanced-extra-071	Extra is too short for a deep card
warn	/home/fhu_thjen/projects/learning-java/37-jvm-advanced/anki/basic.tsv	4	jvm_advanced-basic-003	generic/template wording: is a specific concept in
warn	/home/fhu_thjen/projects/learning-java/37-jvm-advanced/anki/basic.tsv	5	jvm_advanced-basic-004	generic/template wording: use it to predict the exact java rule
warn	/home/fhu_thjen/projects/learning-java/37-jvm-advanced/anki/basic.tsv	7	jvm_advanced-basic-006	generic/template wording: use it to predict the exact java rule
warn	/home/fhu_thjen/projects/learning-java/37-jvm-advanced/anki/basic.tsv	13	jvm_advanced-basic-012	generic/template wording: use it to predict the exact java rule
warn	/home/fhu_thjen/projects/learning-java/37-jvm-advanced/anki/basic.tsv	14	jvm_advanced-basic-013	generic/template wording: is a specific concept in
warn	/home/fhu_thjen/projects/learning-java/37-jvm-advanced/anki/basic.tsv	15	jvm_advanced-basic-014	generic/template wording: use it to predict the exact java rule
warn	/home/fhu_thjen/projects/learning-java/37-jvm-advanced/anki/basic.tsv	18	jvm_advanced-basic-017	generic/template wording: is a specific concept in
warn	/home/fhu_thjen/projects/learning-java/37-jvm-advanced/anki/basic.tsv	19	jvm_advanced-basic-018	generic/template wording: use it to predict the exact java rule
warn	/home/fhu_thjen/projects/learning-java/37-jvm-advanced/anki/basic.tsv	20	jvm_advanced-basic-019	generic/template wording: is a specific concept in
warn	/home/fhu_thjen/projects/learning-java/37-jvm-advanced/anki/basic.tsv	21	jvm_advanced-basic-020	generic/template wording: use it to predict the exact java rule
warn	/home/fhu_thjen/projects/learning-java/37-jvm-advanced/anki/basic.tsv	24	jvm_advanced-basic-023	generic/template wording: is a specific concept in
warn	/home/fhu_thjen/projects/learning-java/37-jvm-advanced/anki/basic.tsv	25	jvm_advanced-basic-024	generic/template wording: use it to predict the exact java rule
warn	/home/fhu_thjen/projects/learning-java/37-jvm-advanced/anki/basic.tsv	26	jvm_advanced-basic-025	generic/template wording: is a specific concept in
warn	/home/fhu_thjen/projects/learning-java/37-jvm-advanced/anki/basic.tsv	27	jvm_advanced-basic-026	generic/template wording: use it to predict the exact java rule
warn	/home/fhu_thjen/projects/learning-java/37-jvm-advanced/anki/basic.tsv	30	jvm_advanced-basic-029	generic/template wording: is a specific concept in
warn	/home/fhu_thjen/projects/learning-java/37-jvm-advanced/anki/basic.tsv	31	jvm_advanced-basic-030	generic/template wording: use it to predict the exact java rule
warn	/home/fhu_thjen/projects/learning-java/37-jvm-advanced/anki/basic.tsv	32	jvm_advanced-basic-031	generic/template wording: is a specific concept in
warn	/home/fhu_thjen/projects/learning-java/37-jvm-advanced/anki/basic.tsv	33	jvm_advanced-basic-032	generic/template wording: use it to predict the exact java rule
warn	/home/fhu_thjen/projects/learning-java/37-jvm-advanced/anki/basic.tsv	34	jvm_advanced-basic-033	generic/template wording: is a specific concept in
warn	/home/fhu_thjen/projects/learning-java/37-jvm-advanced/anki/basic.tsv	35	jvm_advanced-basic-034	generic/template wording: use it to predict the exact java rule
warn	/home/fhu_thjen/projects/learning-java/37-jvm-advanced/anki/basic.tsv	36	jvm_advanced-basic-035	generic/template wording: is a specific concept in
warn	/home/fhu_thjen/projects/learning-java/37-jvm-advanced/anki/basic.tsv	37	jvm_advanced-basic-036	generic/template wording: use it to predict the exact java rule
warn	/home/fhu_thjen/projects/learning-java/37-jvm-advanced/anki/basic.tsv	40	jvm_advanced-basic-039	generic/template wording: is a specific concept in
warn	/home/fhu_thjen/projects/learning-java/37-jvm-advanced/anki/basic.tsv	42	jvm_advanced-basic-041	generic/template wording: is a specific concept in
warn	/home/fhu_thjen/projects/learning-java/37-jvm-advanced/anki/basic.tsv	44	jvm_advanced-basic-043	generic/template wording: is a specific concept in
warn	/home/fhu_thjen/projects/learning-java/37-jvm-advanced/anki/basic.tsv	45	jvm_advanced-basic-044	generic/template wording: use it to predict the exact java rule
warn	/home/fhu_thjen/projects/learning-java/37-jvm-advanced/anki/basic.tsv	46	jvm_advanced-basic-045	generic/template wording: is a specific concept in
warn	/home/fhu_thjen/projects/learning-java/37-jvm-advanced/anki/basic.tsv	48	jvm_advanced-basic-047	generic/template wording: is a specific concept in
warn	/home/fhu_thjen/projects/learning-java/37-jvm-advanced/anki/basic.tsv	50	jvm_advanced-basic-049	generic/template wording: is a specific concept in
warn	/home/fhu_thjen/projects/learning-java/37-jvm-advanced/anki/basic.tsv	51	jvm_advanced-basic-050	generic/template wording: use it to predict the exact java rule
warn	/home/fhu_thjen/projects/learning-java/37-jvm-advanced/anki/basic.tsv	52	jvm_advanced-basic-051	generic/template wording: is a specific concept in
warn	/home/fhu_thjen/projects/learning-java/37-jvm-advanced/anki/basic.tsv	53	jvm_advanced-basic-052	generic/template wording: use it to predict the exact java rule
warn	/home/fhu_thjen/projects/learning-java/37-jvm-advanced/anki/basic.tsv	54	jvm_advanced-basic-053	generic/template wording: is a specific concept in
warn	/home/fhu_thjen/projects/learning-java/37-jvm-advanced/anki/basic.tsv	56	jvm_advanced-basic-055	generic/template wording: is a specific concept in
warn	/home/fhu_thjen/projects/learning-java/37-jvm-advanced/anki/basic.tsv	58	jvm_advanced-basic-057	generic/template wording: is a specific concept in
warn	/home/fhu_thjen/projects/learning-java/37-jvm-advanced/anki/basic.tsv	62	jvm_advanced-basic-061	generic/template wording: is a specific concept in
warn	/home/fhu_thjen/projects/learning-java/37-jvm-advanced/anki/basic.tsv	63	jvm_advanced-basic-062	generic/template wording: use it to predict the exact java rule
warn	/home/fhu_thjen/projects/learning-java/37-jvm-advanced/anki/basic.tsv	64	jvm_advanced-basic-063	generic/template wording: is a specific concept in
warn	/home/fhu_thjen/projects/learning-java/37-jvm-advanced/anki/basic.tsv	65	jvm_advanced-basic-064	generic/template wording: use it to predict the exact java rule
warn	/home/fhu_thjen/projects/learning-java/37-jvm-advanced/anki/basic.tsv	66	jvm_advanced-basic-065	generic/template wording: is a specific concept in
warn	/home/fhu_thjen/projects/learning-java/37-jvm-advanced/anki/basic.tsv	67	jvm_advanced-basic-066	generic/template wording: use it to predict the exact java rule
warn	/home/fhu_thjen/projects/learning-java/37-jvm-advanced/anki/basic.tsv	68	jvm_advanced-basic-067	generic/template wording: is a specific concept in
warn	/home/fhu_thjen/projects/learning-java/37-jvm-advanced/anki/basic.tsv	69	jvm_advanced-basic-068	generic/template wording: use it to predict the exact java rule
warn	/home/fhu_thjen/projects/learning-java/37-jvm-advanced/anki/basic.tsv	70	jvm_advanced-basic-069	generic/template wording: is a specific concept in
warn	/home/fhu_thjen/projects/learning-java/37-jvm-advanced/anki/basic.tsv	71	jvm_advanced-basic-070	generic/template wording: use it to predict the exact java rule
warn	/home/fhu_thjen/projects/learning-java/37-jvm-advanced/anki/basic.tsv	74	jvm_advanced-basic-073	generic/template wording: a common mistake is knowing the name but not knowing
warn	/home/fhu_thjen/projects/learning-java/37-jvm-advanced/anki/basic.tsv	75	jvm_advanced-basic-074	generic/template wording: a common mistake is knowing the name but not knowing
warn	/home/fhu_thjen/projects/learning-java/37-jvm-advanced/anki/basic.tsv	76	jvm_advanced-basic-075	generic/template wording: a common mistake is knowing the name but not knowing
warn	/home/fhu_thjen/projects/learning-java/37-jvm-advanced/anki/basic.tsv	77	jvm_advanced-basic-076	generic/template wording: a common mistake is knowing the name but not knowing
warn	/home/fhu_thjen/projects/learning-java/37-jvm-advanced/anki/basic.tsv	78	jvm_advanced-basic-077	generic/template wording: a common mistake is knowing the name but not knowing
warn	/home/fhu_thjen/projects/learning-java/37-jvm-advanced/anki/basic.tsv	79	jvm_advanced-basic-078	generic/template wording: a common mistake is knowing the name but not knowing
warn	/home/fhu_thjen/projects/learning-java/37-jvm-advanced/anki/basic.tsv	80	jvm_advanced-basic-079	generic/template wording: a common mistake is knowing the name but not knowing
warn	/home/fhu_thjen/projects/learning-java/37-jvm-advanced/anki/basic.tsv	81	jvm_advanced-basic-080	generic/template wording: a common mistake is knowing the name but not knowing
warn	/home/fhu_thjen/projects/learning-java/37-jvm-advanced/anki/basic.tsv	82	jvm_advanced-basic-081	generic/template wording: a common mistake is knowing the name but not knowing
warn	/home/fhu_thjen/projects/learning-java/37-jvm-advanced/anki/basic.tsv	83	jvm_advanced-basic-082	generic/template wording: a common mistake is knowing the name but not knowing
warn	/home/fhu_thjen/projects/learning-java/37-jvm-advanced/anki/basic.tsv	84	jvm_advanced-basic-083	generic/template wording: a common mistake is knowing the name but not knowing
warn	/home/fhu_thjen/projects/learning-java/37-jvm-advanced/anki/basic.tsv	85	jvm_advanced-basic-084	generic/template wording: a common mistake is knowing the name but not knowing
warn	/home/fhu_thjen/projects/learning-java/37-jvm-advanced/anki/basic.tsv	86	jvm_advanced-basic-085	generic/template wording: a common mistake is knowing the name but not knowing
warn	/home/fhu_thjen/projects/learning-java/37-jvm-advanced/anki/basic.tsv	87	jvm_advanced-basic-086	generic/template wording: a common mistake is knowing the name but not knowing
warn	/home/fhu_thjen/projects/learning-java/37-jvm-advanced/anki/basic.tsv	88	jvm_advanced-basic-087	generic/template wording: a common mistake is knowing the name but not knowing
warn	/home/fhu_thjen/projects/learning-java/37-jvm-advanced/anki/basic.tsv	89	jvm_advanced-basic-088	generic/template wording: a common mistake is knowing the name but not knowing
warn	/home/fhu_thjen/projects/learning-java/37-jvm-advanced/anki/basic.tsv	90	jvm_advanced-basic-089	generic/template wording: a common mistake is knowing the name but not knowing
warn	/home/fhu_thjen/projects/learning-java/37-jvm-advanced/anki/basic.tsv	91	jvm_advanced-basic-090	generic/template wording: a common mistake is knowing the name but not knowing
warn	/home/fhu_thjen/projects/learning-java/37-jvm-advanced/anki/basic.tsv	92	jvm_advanced-basic-091	generic/template wording: a common mistake is knowing the name but not knowing
warn	/home/fhu_thjen/projects/learning-java/37-jvm-advanced/anki/basic.tsv	93	jvm_advanced-basic-092	generic/template wording: a common mistake is knowing the name but not knowing
warn	/home/fhu_thjen/projects/learning-java/37-jvm-advanced/anki/basic.tsv	94	jvm_advanced-basic-093	generic/template wording: a common mistake is knowing the name but not knowing
warn	/home/fhu_thjen/projects/learning-java/37-jvm-advanced/anki/basic.tsv	95	jvm_advanced-basic-094	generic/template wording: a common mistake is knowing the name but not knowing
warn	/home/fhu_thjen/projects/learning-java/37-jvm-advanced/anki/basic.tsv	96	jvm_advanced-basic-095	generic/template wording: a common mistake is knowing the name but not knowing
warn	/home/fhu_thjen/projects/learning-java/37-jvm-advanced/anki/basic.tsv	97	jvm_advanced-basic-096	generic/template wording: a common mistake is knowing the name but not knowing
warn	/home/fhu_thjen/projects/learning-java/37-jvm-advanced/anki/basic.tsv	98	jvm_advanced-basic-097	generic/template wording: a common mistake is knowing the name but not knowing
warn	/home/fhu_thjen/projects/learning-java/37-jvm-advanced/anki/basic.tsv	99	jvm_advanced-basic-098	generic/template wording: a common mistake is knowing the name but not knowing
warn	/home/fhu_thjen/projects/learning-java/37-jvm-advanced/anki/basic.tsv	100	jvm_advanced-basic-099	generic/template wording: a common mistake is knowing the name but not knowing
warn	/home/fhu_thjen/projects/learning-java/37-jvm-advanced/anki/basic.tsv	101	jvm_advanced-basic-100	generic/template wording: a common mistake is knowing the name but not knowing
warn	/home/fhu_thjen/projects/learning-java/37-jvm-advanced/anki/basic.tsv	102	jvm_advanced-basic-101	generic/template wording: a common mistake is knowing the name but not knowing
warn	/home/fhu_thjen/projects/learning-java/37-jvm-advanced/anki/basic.tsv	103	jvm_advanced-basic-102	generic/template wording: a common mistake is knowing the name but not knowing
warn	/home/fhu_thjen/projects/learning-java/37-jvm-advanced/anki/basic.tsv	104	jvm_advanced-basic-103	generic/template wording: a common mistake is knowing the name but not knowing
warn	/home/fhu_thjen/projects/learning-java/37-jvm-advanced/anki/basic.tsv	105	jvm_advanced-basic-104	generic/template wording: a common mistake is knowing the name but not knowing
warn	/home/fhu_thjen/projects/learning-java/37-jvm-advanced/anki/basic.tsv	106	jvm_advanced-basic-105	generic/template wording: a common mistake is knowing the name but not knowing
warn	/home/fhu_thjen/projects/learning-java/37-jvm-advanced/anki/basic.tsv	107	jvm_advanced-basic-106	generic/template wording: a common mistake is knowing the name but not knowing
warn	/home/fhu_thjen/projects/learning-java/37-jvm-advanced/anki/basic.tsv	108	jvm_advanced-basic-107	generic/template wording: a common mistake is knowing the name but not knowing
warn	/home/fhu_thjen/projects/learning-java/37-jvm-advanced/anki/basic.tsv	109	jvm_advanced-basic-108	generic/template wording: a common mistake is knowing the name but not knowing
warn	/home/fhu_thjen/projects/learning-java/37-jvm-advanced/anki/cloze.tsv	4	jvm_advanced-cloze-003	generic/template wording: use it to predict the exact java rule
warn	/home/fhu_thjen/projects/learning-java/37-jvm-advanced/anki/cloze.tsv	6	jvm_advanced-cloze-005	generic/template wording: use it to predict the exact java rule
warn	/home/fhu_thjen/projects/learning-java/37-jvm-advanced/anki/cloze.tsv	12	jvm_advanced-cloze-011	generic/template wording: use it to predict the exact java rule
warn	/home/fhu_thjen/projects/learning-java/37-jvm-advanced/anki/cloze.tsv	14	jvm_advanced-cloze-013	generic/template wording: use it to predict the exact java rule
warn	/home/fhu_thjen/projects/learning-java/37-jvm-advanced/anki/cloze.tsv	18	jvm_advanced-cloze-017	generic/template wording: use it to predict the exact java rule
warn	/home/fhu_thjen/projects/learning-java/37-jvm-advanced/anki/cloze.tsv	20	jvm_advanced-cloze-019	generic/template wording: use it to predict the exact java rule
warn	/home/fhu_thjen/projects/learning-java/37-jvm-advanced/anki/cloze.tsv	24	jvm_advanced-cloze-023	generic/template wording: use it to predict the exact java rule
warn	/home/fhu_thjen/projects/learning-java/37-jvm-advanced/anki/cloze.tsv	26	jvm_advanced-cloze-025	generic/template wording: use it to predict the exact java rule
warn	/home/fhu_thjen/projects/learning-java/37-jvm-advanced/anki/cloze.tsv	30	jvm_advanced-cloze-029	generic/template wording: use it to predict the exact java rule
warn	/home/fhu_thjen/projects/learning-java/37-jvm-advanced/anki/cloze.tsv	32	jvm_advanced-cloze-031	generic/template wording: use it to predict the exact java rule
warn	/home/fhu_thjen/projects/learning-java/37-jvm-advanced/anki/cloze.tsv	34	jvm_advanced-cloze-033	generic/template wording: use it to predict the exact java rule
warn	/home/fhu_thjen/projects/learning-java/37-jvm-advanced/anki/cloze.tsv	36	jvm_advanced-cloze-035	generic/template wording: use it to predict the exact java rule
warn	/home/fhu_thjen/projects/learning-java/37-jvm-advanced/anki/cloze.tsv	44	jvm_advanced-cloze-043	generic/template wording: use it to predict the exact java rule
warn	/home/fhu_thjen/projects/learning-java/37-jvm-advanced/anki/cloze.tsv	50	jvm_advanced-cloze-049	generic/template wording: use it to predict the exact java rule
warn	/home/fhu_thjen/projects/learning-java/37-jvm-advanced/anki/cloze.tsv	52	jvm_advanced-cloze-051	generic/template wording: use it to predict the exact java rule
warn	/home/fhu_thjen/projects/learning-java/37-jvm-advanced/anki/cloze.tsv	62	jvm_advanced-cloze-061	generic/template wording: use it to predict the exact java rule
warn	/home/fhu_thjen/projects/learning-java/37-jvm-advanced/anki/cloze.tsv	64	jvm_advanced-cloze-063	generic/template wording: use it to predict the exact java rule
warn	/home/fhu_thjen/projects/learning-java/37-jvm-advanced/anki/cloze.tsv	66	jvm_advanced-cloze-065	generic/template wording: use it to predict the exact java rule
warn	/home/fhu_thjen/projects/learning-java/37-jvm-advanced/anki/cloze.tsv	68	jvm_advanced-cloze-067	generic/template wording: use it to predict the exact java rule
warn	/home/fhu_thjen/projects/learning-java/37-jvm-advanced/anki/cloze.tsv	70	jvm_advanced-cloze-069	generic/template wording: use it to predict the exact java rule
warn	/home/fhu_thjen/projects/learning-java/37-jvm-advanced/anki/code-question.tsv	27	jvm_advanced-code-026	shallow answer for listing/count question: '' — expand to include all items or a meaningful grouping
warn	/home/fhu_thjen/projects/learning-java/37-jvm-advanced/anki/code-question.tsv	28	jvm_advanced-code-027	shallow answer for listing/count question: '' — expand to include all items or a meaningful grouping
warn	/home/fhu_thjen/projects/learning-java/38-build-compile-run/anki/basic-extra.tsv	3	build_compile_run-extra-002	Extra is too short for a deep card
warn	/home/fhu_thjen/projects/learning-java/38-build-compile-run/anki/basic-extra.tsv	4	build_compile_run-extra-003	Extra is too short for a deep card
warn	/home/fhu_thjen/projects/learning-java/38-build-compile-run/anki/basic-extra.tsv	7	build_compile_run-extra-006	Extra is too short for a deep card
warn	/home/fhu_thjen/projects/learning-java/38-build-compile-run/anki/basic-extra.tsv	8	build_compile_run-extra-007	Extra is too short for a deep card
warn	/home/fhu_thjen/projects/learning-java/38-build-compile-run/anki/basic-extra.tsv	9	build_compile_run-extra-008	Extra is too short for a deep card
warn	/home/fhu_thjen/projects/learning-java/38-build-compile-run/anki/basic-extra.tsv	10	build_compile_run-extra-009	Extra is too short for a deep card
warn	/home/fhu_thjen/projects/learning-java/38-build-compile-run/anki/basic-extra.tsv	11	build_compile_run-extra-010	Extra is too short for a deep card
warn	/home/fhu_thjen/projects/learning-java/38-build-compile-run/anki/basic-extra.tsv	12	build_compile_run-extra-011	Extra is too short for a deep card
warn	/home/fhu_thjen/projects/learning-java/38-build-compile-run/anki/basic-extra.tsv	14	build_compile_run-extra-013	Extra is too short for a deep card
warn	/home/fhu_thjen/projects/learning-java/38-build-compile-run/anki/basic.tsv	2	build_compile_run-basic-001	generic/template wording: is a specific concept in
warn	/home/fhu_thjen/projects/learning-java/38-build-compile-run/anki/basic.tsv	3	build_compile_run-basic-002	generic/template wording: use it to predict the exact java rule
warn	/home/fhu_thjen/projects/learning-java/38-build-compile-run/anki/basic.tsv	4	build_compile_run-basic-003	generic/template wording: is a specific concept in
warn	/home/fhu_thjen/projects/learning-java/38-build-compile-run/anki/basic.tsv	5	build_compile_run-basic-004	generic/template wording: use it to predict the exact java rule
warn	/home/fhu_thjen/projects/learning-java/38-build-compile-run/anki/basic.tsv	6	build_compile_run-basic-005	generic/template wording: is a specific concept in
warn	/home/fhu_thjen/projects/learning-java/38-build-compile-run/anki/basic.tsv	7	build_compile_run-basic-006	generic/template wording: use it to predict the exact java rule
warn	/home/fhu_thjen/projects/learning-java/38-build-compile-run/anki/basic.tsv	8	build_compile_run-basic-007	generic/template wording: is a specific concept in
warn	/home/fhu_thjen/projects/learning-java/38-build-compile-run/anki/basic.tsv	9	build_compile_run-basic-008	generic/template wording: use it to predict the exact java rule
warn	/home/fhu_thjen/projects/learning-java/38-build-compile-run/anki/basic.tsv	10	build_compile_run-basic-009	generic/template wording: is a specific concept in
warn	/home/fhu_thjen/projects/learning-java/38-build-compile-run/anki/basic.tsv	11	build_compile_run-basic-010	generic/template wording: use it to predict the exact java rule
warn	/home/fhu_thjen/projects/learning-java/38-build-compile-run/anki/basic.tsv	13	build_compile_run-basic-012	generic/template wording: use it to predict the exact java rule
warn	/home/fhu_thjen/projects/learning-java/38-build-compile-run/anki/basic.tsv	14	build_compile_run-basic-013	generic/template wording: is a specific concept in
warn	/home/fhu_thjen/projects/learning-java/38-build-compile-run/anki/basic.tsv	15	build_compile_run-basic-014	generic/template wording: use it to predict the exact java rule
warn	/home/fhu_thjen/projects/learning-java/38-build-compile-run/anki/basic.tsv	17	build_compile_run-basic-016	generic/template wording: use it to predict the exact java rule
warn	/home/fhu_thjen/projects/learning-java/38-build-compile-run/anki/basic.tsv	19	build_compile_run-basic-018	generic/template wording: use it to predict the exact java rule
warn	/home/fhu_thjen/projects/learning-java/38-build-compile-run/anki/basic.tsv	20	build_compile_run-basic-019	generic/template wording: is a specific concept in
warn	/home/fhu_thjen/projects/learning-java/38-build-compile-run/anki/basic.tsv	21	build_compile_run-basic-020	generic/template wording: use it to predict the exact java rule
warn	/home/fhu_thjen/projects/learning-java/38-build-compile-run/anki/basic.tsv	22	build_compile_run-basic-021	generic/template wording: is a specific concept in
warn	/home/fhu_thjen/projects/learning-java/38-build-compile-run/anki/basic.tsv	23	build_compile_run-basic-022	generic/template wording: use it to predict the exact java rule
warn	/home/fhu_thjen/projects/learning-java/38-build-compile-run/anki/cloze.tsv	2	build_compile_run-cloze-001	generic/template wording: use it to predict the exact java rule
warn	/home/fhu_thjen/projects/learning-java/38-build-compile-run/anki/cloze.tsv	3	build_compile_run-cloze-002	generic/template wording: use it to predict the exact java rule
warn	/home/fhu_thjen/projects/learning-java/38-build-compile-run/anki/cloze.tsv	4	build_compile_run-cloze-003	generic/template wording: use it to predict the exact java rule
warn	/home/fhu_thjen/projects/learning-java/38-build-compile-run/anki/cloze.tsv	5	build_compile_run-cloze-004	generic/template wording: use it to predict the exact java rule
warn	/home/fhu_thjen/projects/learning-java/38-build-compile-run/anki/cloze.tsv	6	build_compile_run-cloze-005	generic/template wording: use it to predict the exact java rule
warn	/home/fhu_thjen/projects/learning-java/38-build-compile-run/anki/cloze.tsv	7	build_compile_run-cloze-006	generic/template wording: use it to predict the exact java rule
warn	/home/fhu_thjen/projects/learning-java/38-build-compile-run/anki/cloze.tsv	8	build_compile_run-cloze-007	generic/template wording: use it to predict the exact java rule
warn	/home/fhu_thjen/projects/learning-java/38-build-compile-run/anki/cloze.tsv	9	build_compile_run-cloze-008	generic/template wording: use it to predict the exact java rule
warn	/home/fhu_thjen/projects/learning-java/38-build-compile-run/anki/cloze.tsv	10	build_compile_run-cloze-009	generic/template wording: use it to predict the exact java rule
warn	/home/fhu_thjen/projects/learning-java/38-build-compile-run/anki/cloze.tsv	11	build_compile_run-cloze-010	generic/template wording: use it to predict the exact java rule
warn	/home/fhu_thjen/projects/learning-java/38-build-compile-run/anki/cloze.tsv	12	build_compile_run-cloze-011	generic/template wording: use it to predict the exact java rule
warn	/home/fhu_thjen/projects/learning-java/39-utility-apis/anki/basic-extra.tsv	2	utility_apis-extra-001	Extra is too short for a deep card
warn	/home/fhu_thjen/projects/learning-java/39-utility-apis/anki/basic-extra.tsv	3	utility_apis-extra-002	Extra is too short for a deep card
warn	/home/fhu_thjen/projects/learning-java/39-utility-apis/anki/basic-extra.tsv	4	utility_apis-extra-003	Extra is too short for a deep card
warn	/home/fhu_thjen/projects/learning-java/39-utility-apis/anki/basic-extra.tsv	6	utility_apis-extra-005	Extra is too short for a deep card
warn	/home/fhu_thjen/projects/learning-java/39-utility-apis/anki/basic-extra.tsv	7	utility_apis-extra-006	Extra is too short for a deep card
warn	/home/fhu_thjen/projects/learning-java/39-utility-apis/anki/basic-extra.tsv	8	utility_apis-extra-007	Extra is too short for a deep card
warn	/home/fhu_thjen/projects/learning-java/39-utility-apis/anki/basic-extra.tsv	9	utility_apis-extra-008	Extra is too short for a deep card
warn	/home/fhu_thjen/projects/learning-java/39-utility-apis/anki/basic-extra.tsv	10	utility_apis-extra-009	Extra is too short for a deep card
warn	/home/fhu_thjen/projects/learning-java/39-utility-apis/anki/basic-extra.tsv	11	utility_apis-extra-010	Extra is too short for a deep card
warn	/home/fhu_thjen/projects/learning-java/39-utility-apis/anki/basic-extra.tsv	12	utility_apis-extra-011	Extra is too short for a deep card
warn	/home/fhu_thjen/projects/learning-java/39-utility-apis/anki/basic-extra.tsv	13	utility_apis-extra-012	Extra is too short for a deep card
warn	/home/fhu_thjen/projects/learning-java/39-utility-apis/anki/basic-extra.tsv	14	utility_apis-extra-013	Extra is too short for a deep card
warn	/home/fhu_thjen/projects/learning-java/39-utility-apis/anki/basic-extra.tsv	15	utility_apis-extra-014	Extra is too short for a deep card
warn	/home/fhu_thjen/projects/learning-java/39-utility-apis/anki/basic-extra.tsv	16	utility_apis-extra-015	Extra is too short for a deep card
warn	/home/fhu_thjen/projects/learning-java/39-utility-apis/anki/basic-extra.tsv	17	utility_apis-extra-016	Extra is too short for a deep card
warn	/home/fhu_thjen/projects/learning-java/39-utility-apis/anki/basic-extra.tsv	18	utility_apis-extra-017	Extra is too short for a deep card
warn	/home/fhu_thjen/projects/learning-java/39-utility-apis/anki/basic-extra.tsv	19	utility_apis-extra-018	Extra is too short for a deep card
warn	/home/fhu_thjen/projects/learning-java/39-utility-apis/anki/basic-extra.tsv	20	utility_apis-extra-019	Extra is too short for a deep card
warn	/home/fhu_thjen/projects/learning-java/39-utility-apis/anki/basic-extra.tsv	21	utility_apis-extra-020	Extra is too short for a deep card
warn	/home/fhu_thjen/projects/learning-java/39-utility-apis/anki/basic-extra.tsv	22	utility_apis-extra-021	Extra is too short for a deep card
warn	/home/fhu_thjen/projects/learning-java/39-utility-apis/anki/basic-extra.tsv	23	utility_apis-extra-022	Extra is too short for a deep card
warn	/home/fhu_thjen/projects/learning-java/39-utility-apis/anki/basic-extra.tsv	24	utility_apis-extra-023	Extra is too short for a deep card
warn	/home/fhu_thjen/projects/learning-java/39-utility-apis/anki/basic-extra.tsv	25	utility_apis-extra-024	Extra is too short for a deep card
warn	/home/fhu_thjen/projects/learning-java/39-utility-apis/anki/basic.tsv	2	utility_apis-basic-001	generic/template wording: is a specific concept in
warn	/home/fhu_thjen/projects/learning-java/39-utility-apis/anki/basic.tsv	3	utility_apis-basic-002	generic/template wording: use it to predict the exact java rule
warn	/home/fhu_thjen/projects/learning-java/39-utility-apis/anki/basic.tsv	4	utility_apis-basic-003	generic/template wording: is a specific concept in
warn	/home/fhu_thjen/projects/learning-java/39-utility-apis/anki/basic.tsv	5	utility_apis-basic-004	generic/template wording: use it to predict the exact java rule
warn	/home/fhu_thjen/projects/learning-java/39-utility-apis/anki/basic.tsv	6	utility_apis-basic-005	generic/template wording: is a specific concept in
warn	/home/fhu_thjen/projects/learning-java/39-utility-apis/anki/basic.tsv	7	utility_apis-basic-006	generic/template wording: use it to predict the exact java rule
warn	/home/fhu_thjen/projects/learning-java/39-utility-apis/anki/basic.tsv	9	utility_apis-basic-008	generic/template wording: use it to predict the exact java rule
warn	/home/fhu_thjen/projects/learning-java/39-utility-apis/anki/basic.tsv	10	utility_apis-basic-009	generic/template wording: is a specific concept in
warn	/home/fhu_thjen/projects/learning-java/39-utility-apis/anki/basic.tsv	11	utility_apis-basic-010	generic/template wording: use it to predict the exact java rule
warn	/home/fhu_thjen/projects/learning-java/39-utility-apis/anki/basic.tsv	12	utility_apis-basic-011	generic/template wording: is a specific concept in
warn	/home/fhu_thjen/projects/learning-java/39-utility-apis/anki/basic.tsv	13	utility_apis-basic-012	generic/template wording: use it to predict the exact java rule
warn	/home/fhu_thjen/projects/learning-java/39-utility-apis/anki/basic.tsv	15	utility_apis-basic-014	generic/template wording: use it to predict the exact java rule
warn	/home/fhu_thjen/projects/learning-java/39-utility-apis/anki/basic.tsv	16	utility_apis-basic-015	generic/template wording: is a specific concept in
warn	/home/fhu_thjen/projects/learning-java/39-utility-apis/anki/basic.tsv	17	utility_apis-basic-016	generic/template wording: use it to predict the exact java rule
warn	/home/fhu_thjen/projects/learning-java/39-utility-apis/anki/basic.tsv	18	utility_apis-basic-017	generic/template wording: is a specific concept in
warn	/home/fhu_thjen/projects/learning-java/39-utility-apis/anki/basic.tsv	19	utility_apis-basic-018	generic/template wording: use it to predict the exact java rule
warn	/home/fhu_thjen/projects/learning-java/39-utility-apis/anki/basic.tsv	20	utility_apis-basic-019	generic/template wording: is a specific concept in
warn	/home/fhu_thjen/projects/learning-java/39-utility-apis/anki/basic.tsv	21	utility_apis-basic-020	generic/template wording: use it to predict the exact java rule
warn	/home/fhu_thjen/projects/learning-java/39-utility-apis/anki/basic.tsv	22	utility_apis-basic-021	generic/template wording: is a specific concept in
warn	/home/fhu_thjen/projects/learning-java/39-utility-apis/anki/basic.tsv	23	utility_apis-basic-022	generic/template wording: use it to predict the exact java rule
warn	/home/fhu_thjen/projects/learning-java/39-utility-apis/anki/basic.tsv	24	utility_apis-basic-023	generic/template wording: is a specific concept in
warn	/home/fhu_thjen/projects/learning-java/39-utility-apis/anki/basic.tsv	25	utility_apis-basic-024	generic/template wording: use it to predict the exact java rule
warn	/home/fhu_thjen/projects/learning-java/39-utility-apis/anki/basic.tsv	26	utility_apis-basic-025	generic/template wording: is a specific concept in
warn	/home/fhu_thjen/projects/learning-java/39-utility-apis/anki/basic.tsv	27	utility_apis-basic-026	generic/template wording: use it to predict the exact java rule
warn	/home/fhu_thjen/projects/learning-java/39-utility-apis/anki/basic.tsv	28	utility_apis-basic-027	generic/template wording: is a specific concept in
warn	/home/fhu_thjen/projects/learning-java/39-utility-apis/anki/basic.tsv	29	utility_apis-basic-028	generic/template wording: use it to predict the exact java rule
warn	/home/fhu_thjen/projects/learning-java/39-utility-apis/anki/basic.tsv	30	utility_apis-basic-029	generic/template wording: is a specific concept in
warn	/home/fhu_thjen/projects/learning-java/39-utility-apis/anki/basic.tsv	31	utility_apis-basic-030	generic/template wording: use it to predict the exact java rule
warn	/home/fhu_thjen/projects/learning-java/39-utility-apis/anki/basic.tsv	32	utility_apis-basic-031	generic/template wording: is a specific concept in
warn	/home/fhu_thjen/projects/learning-java/39-utility-apis/anki/basic.tsv	33	utility_apis-basic-032	generic/template wording: use it to predict the exact java rule
warn	/home/fhu_thjen/projects/learning-java/39-utility-apis/anki/cloze.tsv	2	utility_apis-cloze-001	generic/template wording: use it to predict the exact java rule
warn	/home/fhu_thjen/projects/learning-java/39-utility-apis/anki/cloze.tsv	3	utility_apis-cloze-002	generic/template wording: use it to predict the exact java rule
warn	/home/fhu_thjen/projects/learning-java/39-utility-apis/anki/cloze.tsv	4	utility_apis-cloze-003	generic/template wording: use it to predict the exact java rule
warn	/home/fhu_thjen/projects/learning-java/39-utility-apis/anki/cloze.tsv	5	utility_apis-cloze-004	generic/template wording: use it to predict the exact java rule
warn	/home/fhu_thjen/projects/learning-java/39-utility-apis/anki/cloze.tsv	6	utility_apis-cloze-005	generic/template wording: use it to predict the exact java rule
warn	/home/fhu_thjen/projects/learning-java/39-utility-apis/anki/cloze.tsv	7	utility_apis-cloze-006	generic/template wording: use it to predict the exact java rule
warn	/home/fhu_thjen/projects/learning-java/39-utility-apis/anki/cloze.tsv	8	utility_apis-cloze-007	generic/template wording: use it to predict the exact java rule
warn	/home/fhu_thjen/projects/learning-java/39-utility-apis/anki/cloze.tsv	9	utility_apis-cloze-008	generic/template wording: use it to predict the exact java rule
warn	/home/fhu_thjen/projects/learning-java/39-utility-apis/anki/cloze.tsv	10	utility_apis-cloze-009	generic/template wording: use it to predict the exact java rule
warn	/home/fhu_thjen/projects/learning-java/39-utility-apis/anki/cloze.tsv	11	utility_apis-cloze-010	generic/template wording: use it to predict the exact java rule
warn	/home/fhu_thjen/projects/learning-java/39-utility-apis/anki/cloze.tsv	12	utility_apis-cloze-011	generic/template wording: use it to predict the exact java rule
warn	/home/fhu_thjen/projects/learning-java/39-utility-apis/anki/cloze.tsv	13	utility_apis-cloze-012	generic/template wording: use it to predict the exact java rule
warn	/home/fhu_thjen/projects/learning-java/39-utility-apis/anki/cloze.tsv	14	utility_apis-cloze-013	generic/template wording: use it to predict the exact java rule
warn	/home/fhu_thjen/projects/learning-java/39-utility-apis/anki/cloze.tsv	15	utility_apis-cloze-014	generic/template wording: use it to predict the exact java rule
warn	/home/fhu_thjen/projects/learning-java/39-utility-apis/anki/cloze.tsv	16	utility_apis-cloze-015	generic/template wording: use it to predict the exact java rule
warn	/home/fhu_thjen/projects/learning-java/39-utility-apis/anki/cloze.tsv	17	utility_apis-cloze-016	generic/template wording: use it to predict the exact java rule
warn	/home/fhu_thjen/projects/learning-java/40-modern-java-concepts/anki/basic-extra.tsv	3	modern_java_concepts-extra-002	Extra is too short for a deep card
warn	/home/fhu_thjen/projects/learning-java/40-modern-java-concepts/anki/basic-extra.tsv	5	modern_java_concepts-extra-004	Extra is too short for a deep card
warn	/home/fhu_thjen/projects/learning-java/40-modern-java-concepts/anki/basic-extra.tsv	6	modern_java_concepts-extra-005	Extra is too short for a deep card
warn	/home/fhu_thjen/projects/learning-java/40-modern-java-concepts/anki/basic-extra.tsv	7	modern_java_concepts-extra-006	Extra is too short for a deep card
warn	/home/fhu_thjen/projects/learning-java/40-modern-java-concepts/anki/basic-extra.tsv	10	modern_java_concepts-extra-009	Extra is too short for a deep card
warn	/home/fhu_thjen/projects/learning-java/40-modern-java-concepts/anki/basic-extra.tsv	11	modern_java_concepts-extra-010	Extra is too short for a deep card
warn	/home/fhu_thjen/projects/learning-java/40-modern-java-concepts/anki/basic-extra.tsv	12	modern_java_concepts-extra-011	Extra is too short for a deep card
warn	/home/fhu_thjen/projects/learning-java/40-modern-java-concepts/anki/basic-extra.tsv	13	modern_java_concepts-extra-012	Extra is too short for a deep card
warn	/home/fhu_thjen/projects/learning-java/40-modern-java-concepts/anki/basic.tsv	2	modern_java_concepts-basic-001	generic/template wording: is a specific concept in
warn	/home/fhu_thjen/projects/learning-java/40-modern-java-concepts/anki/basic.tsv	3	modern_java_concepts-basic-002	generic/template wording: use it to predict the exact java rule
warn	/home/fhu_thjen/projects/learning-java/40-modern-java-concepts/anki/basic.tsv	5	modern_java_concepts-basic-004	generic/template wording: use it to predict the exact java rule
warn	/home/fhu_thjen/projects/learning-java/40-modern-java-concepts/anki/basic.tsv	7	modern_java_concepts-basic-006	generic/template wording: use it to predict the exact java rule
warn	/home/fhu_thjen/projects/learning-java/40-modern-java-concepts/anki/basic.tsv	8	modern_java_concepts-basic-007	generic/template wording: is a specific concept in
warn	/home/fhu_thjen/projects/learning-java/40-modern-java-concepts/anki/basic.tsv	9	modern_java_concepts-basic-008	generic/template wording: use it to predict the exact java rule
warn	/home/fhu_thjen/projects/learning-java/40-modern-java-concepts/anki/basic.tsv	10	modern_java_concepts-basic-009	generic/template wording: is a specific concept in
warn	/home/fhu_thjen/projects/learning-java/40-modern-java-concepts/anki/basic.tsv	11	modern_java_concepts-basic-010	generic/template wording: use it to predict the exact java rule
warn	/home/fhu_thjen/projects/learning-java/40-modern-java-concepts/anki/basic.tsv	12	modern_java_concepts-basic-011	generic/template wording: is a specific concept in
warn	/home/fhu_thjen/projects/learning-java/40-modern-java-concepts/anki/basic.tsv	18	modern_java_concepts-basic-017	generic/template wording: is a specific concept in
warn	/home/fhu_thjen/projects/learning-java/40-modern-java-concepts/anki/basic.tsv	19	modern_java_concepts-basic-018	generic/template wording: use it to predict the exact java rule
warn	/home/fhu_thjen/projects/learning-java/40-modern-java-concepts/anki/basic.tsv	20	modern_java_concepts-basic-019	generic/template wording: is a specific concept in
warn	/home/fhu_thjen/projects/learning-java/40-modern-java-concepts/anki/basic.tsv	21	modern_java_concepts-basic-020	generic/template wording: use it to predict the exact java rule
warn	/home/fhu_thjen/projects/learning-java/40-modern-java-concepts/anki/basic.tsv	24	modern_java_concepts-basic-023	generic/template wording: is a specific concept in
warn	/home/fhu_thjen/projects/learning-java/40-modern-java-concepts/anki/basic.tsv	25	modern_java_concepts-basic-024	generic/template wording: use it to predict the exact java rule
warn	/home/fhu_thjen/projects/learning-java/40-modern-java-concepts/anki/cloze.tsv	2	modern_java_concepts-cloze-001	generic/template wording: use it to predict the exact java rule
warn	/home/fhu_thjen/projects/learning-java/40-modern-java-concepts/anki/cloze.tsv	3	modern_java_concepts-cloze-002	generic/template wording: use it to predict the exact java rule
warn	/home/fhu_thjen/projects/learning-java/40-modern-java-concepts/anki/cloze.tsv	4	modern_java_concepts-cloze-003	generic/template wording: use it to predict the exact java rule
warn	/home/fhu_thjen/projects/learning-java/40-modern-java-concepts/anki/cloze.tsv	5	modern_java_concepts-cloze-004	generic/template wording: use it to predict the exact java rule
warn	/home/fhu_thjen/projects/learning-java/40-modern-java-concepts/anki/cloze.tsv	6	modern_java_concepts-cloze-005	generic/template wording: use it to predict the exact java rule
warn	/home/fhu_thjen/projects/learning-java/40-modern-java-concepts/anki/cloze.tsv	10	modern_java_concepts-cloze-009	generic/template wording: use it to predict the exact java rule
warn	/home/fhu_thjen/projects/learning-java/40-modern-java-concepts/anki/cloze.tsv	11	modern_java_concepts-cloze-010	generic/template wording: use it to predict the exact java rule
warn	/home/fhu_thjen/projects/learning-java/40-modern-java-concepts/anki/cloze.tsv	13	modern_java_concepts-cloze-012	generic/template wording: use it to predict the exact java rule
warn	/home/fhu_thjen/projects/learning-java/41-best-practices/anki/basic-extra.tsv	2	best_practices-extra-001	Extra is too short for a deep card
warn	/home/fhu_thjen/projects/learning-java/41-best-practices/anki/basic-extra.tsv	3	best_practices-extra-002	Extra is too short for a deep card
warn	/home/fhu_thjen/projects/learning-java/41-best-practices/anki/basic-extra.tsv	4	best_practices-extra-003	Extra is too short for a deep card
warn	/home/fhu_thjen/projects/learning-java/41-best-practices/anki/basic-extra.tsv	5	best_practices-extra-004	Extra is too short for a deep card
warn	/home/fhu_thjen/projects/learning-java/41-best-practices/anki/basic-extra.tsv	8	best_practices-extra-007	Extra is too short for a deep card
warn	/home/fhu_thjen/projects/learning-java/41-best-practices/anki/basic-extra.tsv	9	best_practices-extra-008	Extra is too short for a deep card
warn	/home/fhu_thjen/projects/learning-java/41-best-practices/anki/basic-extra.tsv	10	best_practices-extra-009	Extra is too short for a deep card
warn	/home/fhu_thjen/projects/learning-java/41-best-practices/anki/basic-extra.tsv	11	best_practices-extra-010	Extra is too short for a deep card
warn	/home/fhu_thjen/projects/learning-java/41-best-practices/anki/basic-extra.tsv	12	best_practices-extra-011	Extra is too short for a deep card
warn	/home/fhu_thjen/projects/learning-java/41-best-practices/anki/basic-extra.tsv	14	best_practices-extra-013	Extra is too short for a deep card
warn	/home/fhu_thjen/projects/learning-java/41-best-practices/anki/basic-extra.tsv	16	best_practices-extra-015	Extra is too short for a deep card
warn	/home/fhu_thjen/projects/learning-java/41-best-practices/anki/basic-extra.tsv	17	best_practices-extra-016	Extra is too short for a deep card
warn	/home/fhu_thjen/projects/learning-java/41-best-practices/anki/basic-extra.tsv	18	best_practices-extra-017	Extra is too short for a deep card
warn	/home/fhu_thjen/projects/learning-java/41-best-practices/anki/basic.tsv	2	best_practices-basic-001	generic/template wording: is a specific concept in
warn	/home/fhu_thjen/projects/learning-java/41-best-practices/anki/basic.tsv	4	best_practices-basic-003	generic/template wording: is a specific concept in
warn	/home/fhu_thjen/projects/learning-java/41-best-practices/anki/basic.tsv	5	best_practices-basic-004	generic/template wording: use it to predict the exact java rule
warn	/home/fhu_thjen/projects/learning-java/41-best-practices/anki/basic.tsv	7	best_practices-basic-006	generic/template wording: use it to predict the exact java rule
warn	/home/fhu_thjen/projects/learning-java/41-best-practices/anki/basic.tsv	8	best_practices-basic-007	generic/template wording: is a specific concept in
warn	/home/fhu_thjen/projects/learning-java/41-best-practices/anki/basic.tsv	9	best_practices-basic-008	generic/template wording: use it to predict the exact java rule
warn	/home/fhu_thjen/projects/learning-java/41-best-practices/anki/basic.tsv	10	best_practices-basic-009	generic/template wording: is a specific concept in
warn	/home/fhu_thjen/projects/learning-java/41-best-practices/anki/basic.tsv	11	best_practices-basic-010	generic/template wording: use it to predict the exact java rule
warn	/home/fhu_thjen/projects/learning-java/41-best-practices/anki/basic.tsv	14	best_practices-basic-013	generic/template wording: is a specific concept in
warn	/home/fhu_thjen/projects/learning-java/41-best-practices/anki/basic.tsv	15	best_practices-basic-014	generic/template wording: use it to predict the exact java rule
warn	/home/fhu_thjen/projects/learning-java/41-best-practices/anki/basic.tsv	17	best_practices-basic-016	generic/template wording: use it to predict the exact java rule
warn	/home/fhu_thjen/projects/learning-java/41-best-practices/anki/basic.tsv	19	best_practices-basic-018	generic/template wording: use it to predict the exact java rule
warn	/home/fhu_thjen/projects/learning-java/41-best-practices/anki/basic.tsv	28	best_practices-basic-027	generic/template wording: is a specific concept in
warn	/home/fhu_thjen/projects/learning-java/41-best-practices/anki/basic.tsv	29	best_practices-basic-028	generic/template wording: use it to predict the exact java rule
warn	/home/fhu_thjen/projects/learning-java/41-best-practices/anki/basic.tsv	30	best_practices-basic-029	generic/template wording: is a specific concept in
warn	/home/fhu_thjen/projects/learning-java/41-best-practices/anki/basic.tsv	31	best_practices-basic-030	generic/template wording: use it to predict the exact java rule
warn	/home/fhu_thjen/projects/learning-java/41-best-practices/anki/basic.tsv	32	best_practices-basic-031	generic/template wording: is a specific concept in
warn	/home/fhu_thjen/projects/learning-java/41-best-practices/anki/basic.tsv	34	best_practices-basic-033	generic/template wording: is a specific concept in
warn	/home/fhu_thjen/projects/learning-java/41-best-practices/anki/basic.tsv	35	best_practices-basic-034	generic/template wording: use it to predict the exact java rule
warn	/home/fhu_thjen/projects/learning-java/41-best-practices/anki/basic.tsv	36	best_practices-basic-035	generic/template wording: is a specific concept in
warn	/home/fhu_thjen/projects/learning-java/41-best-practices/anki/basic.tsv	37	best_practices-basic-036	generic/template wording: use it to predict the exact java rule
warn	/home/fhu_thjen/projects/learning-java/41-best-practices/anki/cloze.tsv	3	best_practices-cloze-002	generic/template wording: use it to predict the exact java rule
warn	/home/fhu_thjen/projects/learning-java/41-best-practices/anki/cloze.tsv	4	best_practices-cloze-003	generic/template wording: use it to predict the exact java rule
warn	/home/fhu_thjen/projects/learning-java/41-best-practices/anki/cloze.tsv	5	best_practices-cloze-004	generic/template wording: use it to predict the exact java rule
warn	/home/fhu_thjen/projects/learning-java/41-best-practices/anki/cloze.tsv	6	best_practices-cloze-005	generic/template wording: use it to predict the exact java rule
warn	/home/fhu_thjen/projects/learning-java/41-best-practices/anki/cloze.tsv	8	best_practices-cloze-007	generic/template wording: use it to predict the exact java rule
warn	/home/fhu_thjen/projects/learning-java/41-best-practices/anki/cloze.tsv	9	best_practices-cloze-008	generic/template wording: use it to predict the exact java rule
warn	/home/fhu_thjen/projects/learning-java/41-best-practices/anki/cloze.tsv	10	best_practices-cloze-009	generic/template wording: use it to predict the exact java rule
warn	/home/fhu_thjen/projects/learning-java/41-best-practices/anki/cloze.tsv	15	best_practices-cloze-014	generic/template wording: use it to predict the exact java rule
warn	/home/fhu_thjen/projects/learning-java/41-best-practices/anki/cloze.tsv	16	best_practices-cloze-015	generic/template wording: use it to predict the exact java rule
warn	/home/fhu_thjen/projects/learning-java/41-best-practices/anki/cloze.tsv	18	best_practices-cloze-017	generic/template wording: use it to predict the exact java rule
warn	/home/fhu_thjen/projects/learning-java/41-best-practices/anki/cloze.tsv	19	best_practices-cloze-018	generic/template wording: use it to predict the exact java rule
warn	/home/fhu_thjen/projects/learning-java/42-design-principles/anki/basic-extra.tsv	2	design_principles-extra-001	Extra is too short for a deep card
warn	/home/fhu_thjen/projects/learning-java/42-design-principles/anki/basic-extra.tsv	4	design_principles-extra-003	Extra is too short for a deep card
warn	/home/fhu_thjen/projects/learning-java/42-design-principles/anki/basic-extra.tsv	5	design_principles-extra-004	Extra is too short for a deep card
warn	/home/fhu_thjen/projects/learning-java/42-design-principles/anki/basic-extra.tsv	9	design_principles-extra-008	Extra is too short for a deep card
warn	/home/fhu_thjen/projects/learning-java/42-design-principles/anki/basic-extra.tsv	10	design_principles-extra-009	Extra is too short for a deep card
warn	/home/fhu_thjen/projects/learning-java/42-design-principles/anki/basic-extra.tsv	11	design_principles-extra-010	Extra is too short for a deep card
warn	/home/fhu_thjen/projects/learning-java/42-design-principles/anki/basic-extra.tsv	13	design_principles-extra-012	Extra is too short for a deep card
warn	/home/fhu_thjen/projects/learning-java/42-design-principles/anki/basic-extra.tsv	14	design_principles-extra-013	Extra is too short for a deep card
warn	/home/fhu_thjen/projects/learning-java/42-design-principles/anki/basic-extra.tsv	15	design_principles-extra-014	Extra is too short for a deep card
warn	/home/fhu_thjen/projects/learning-java/42-design-principles/anki/basic.tsv	3	design_principles-basic-002	generic/template wording: use it to predict the exact java rule
warn	/home/fhu_thjen/projects/learning-java/42-design-principles/anki/basic.tsv	4	design_principles-basic-003	generic/template wording: is a specific concept in
warn	/home/fhu_thjen/projects/learning-java/42-design-principles/anki/basic.tsv	5	design_principles-basic-004	generic/template wording: use it to predict the exact java rule
warn	/home/fhu_thjen/projects/learning-java/42-design-principles/anki/basic.tsv	6	design_principles-basic-005	generic/template wording: is a specific concept in
warn	/home/fhu_thjen/projects/learning-java/42-design-principles/anki/basic.tsv	7	design_principles-basic-006	generic/template wording: use it to predict the exact java rule
warn	/home/fhu_thjen/projects/learning-java/42-design-principles/anki/basic.tsv	8	design_principles-basic-007	generic/template wording: is a specific concept in
warn	/home/fhu_thjen/projects/learning-java/42-design-principles/anki/basic.tsv	9	design_principles-basic-008	generic/template wording: use it to predict the exact java rule
warn	/home/fhu_thjen/projects/learning-java/42-design-principles/anki/basic.tsv	10	design_principles-basic-009	generic/template wording: is a specific concept in
warn	/home/fhu_thjen/projects/learning-java/42-design-principles/anki/basic.tsv	11	design_principles-basic-010	generic/template wording: use it to predict the exact java rule
warn	/home/fhu_thjen/projects/learning-java/42-design-principles/anki/basic.tsv	12	design_principles-basic-011	generic/template wording: is a specific concept in
warn	/home/fhu_thjen/projects/learning-java/42-design-principles/anki/basic.tsv	13	design_principles-basic-012	generic/template wording: use it to predict the exact java rule
warn	/home/fhu_thjen/projects/learning-java/42-design-principles/anki/basic.tsv	14	design_principles-basic-013	generic/template wording: is a specific concept in
warn	/home/fhu_thjen/projects/learning-java/42-design-principles/anki/basic.tsv	15	design_principles-basic-014	generic/template wording: use it to predict the exact java rule
warn	/home/fhu_thjen/projects/learning-java/42-design-principles/anki/basic.tsv	16	design_principles-basic-015	generic/template wording: is a specific concept in
warn	/home/fhu_thjen/projects/learning-java/42-design-principles/anki/basic.tsv	17	design_principles-basic-016	generic/template wording: use it to predict the exact java rule
warn	/home/fhu_thjen/projects/learning-java/42-design-principles/anki/basic.tsv	18	design_principles-basic-017	generic/template wording: is a specific concept in
warn	/home/fhu_thjen/projects/learning-java/42-design-principles/anki/basic.tsv	19	design_principles-basic-018	generic/template wording: use it to predict the exact java rule
warn	/home/fhu_thjen/projects/learning-java/42-design-principles/anki/basic.tsv	20	design_principles-basic-019	generic/template wording: is a specific concept in
warn	/home/fhu_thjen/projects/learning-java/42-design-principles/anki/basic.tsv	21	design_principles-basic-020	generic/template wording: use it to predict the exact java rule
warn	/home/fhu_thjen/projects/learning-java/42-design-principles/anki/cloze.tsv	2	design_principles-cloze-001	generic/template wording: use it to predict the exact java rule
warn	/home/fhu_thjen/projects/learning-java/42-design-principles/anki/cloze.tsv	3	design_principles-cloze-002	generic/template wording: use it to predict the exact java rule
warn	/home/fhu_thjen/projects/learning-java/42-design-principles/anki/cloze.tsv	4	design_principles-cloze-003	generic/template wording: use it to predict the exact java rule
warn	/home/fhu_thjen/projects/learning-java/42-design-principles/anki/cloze.tsv	5	design_principles-cloze-004	generic/template wording: use it to predict the exact java rule
warn	/home/fhu_thjen/projects/learning-java/42-design-principles/anki/cloze.tsv	6	design_principles-cloze-005	generic/template wording: use it to predict the exact java rule
warn	/home/fhu_thjen/projects/learning-java/42-design-principles/anki/cloze.tsv	7	design_principles-cloze-006	generic/template wording: use it to predict the exact java rule
warn	/home/fhu_thjen/projects/learning-java/42-design-principles/anki/cloze.tsv	8	design_principles-cloze-007	generic/template wording: use it to predict the exact java rule
warn	/home/fhu_thjen/projects/learning-java/42-design-principles/anki/cloze.tsv	9	design_principles-cloze-008	generic/template wording: use it to predict the exact java rule
warn	/home/fhu_thjen/projects/learning-java/42-design-principles/anki/cloze.tsv	10	design_principles-cloze-009	generic/template wording: use it to predict the exact java rule
warn	/home/fhu_thjen/projects/learning-java/42-design-principles/anki/cloze.tsv	11	design_principles-cloze-010	generic/template wording: use it to predict the exact java rule
warn	/home/fhu_thjen/projects/learning-java/42-design-principles/anki/code-question.tsv	2	design_principles-code-001	shallow answer for listing/count question: '' — expand to include all items or a meaningful grouping
warn	/home/fhu_thjen/projects/learning-java/43-design-patterns/anki/basic-extra.tsv	2	design_patterns-extra-001	Extra is too short for a deep card
warn	/home/fhu_thjen/projects/learning-java/43-design-patterns/anki/basic-extra.tsv	3	design_patterns-extra-002	Extra is too short for a deep card
warn	/home/fhu_thjen/projects/learning-java/43-design-patterns/anki/basic-extra.tsv	4	design_patterns-extra-003	Extra is too short for a deep card
warn	/home/fhu_thjen/projects/learning-java/43-design-patterns/anki/basic-extra.tsv	5	design_patterns-extra-004	Extra is too short for a deep card
warn	/home/fhu_thjen/projects/learning-java/43-design-patterns/anki/basic-extra.tsv	6	design_patterns-extra-005	Extra is too short for a deep card
warn	/home/fhu_thjen/projects/learning-java/43-design-patterns/anki/basic-extra.tsv	7	design_patterns-extra-006	Extra is too short for a deep card
warn	/home/fhu_thjen/projects/learning-java/43-design-patterns/anki/basic-extra.tsv	8	design_patterns-extra-007	Extra is too short for a deep card
warn	/home/fhu_thjen/projects/learning-java/43-design-patterns/anki/basic-extra.tsv	9	design_patterns-extra-008	Extra is too short for a deep card
warn	/home/fhu_thjen/projects/learning-java/43-design-patterns/anki/basic-extra.tsv	10	design_patterns-extra-009	Extra is too short for a deep card
warn	/home/fhu_thjen/projects/learning-java/43-design-patterns/anki/basic-extra.tsv	11	design_patterns-extra-010	Extra is too short for a deep card
warn	/home/fhu_thjen/projects/learning-java/43-design-patterns/anki/basic-extra.tsv	12	design_patterns-extra-011	Extra is too short for a deep card
warn	/home/fhu_thjen/projects/learning-java/43-design-patterns/anki/basic-extra.tsv	13	design_patterns-extra-012	Extra is too short for a deep card
warn	/home/fhu_thjen/projects/learning-java/43-design-patterns/anki/basic-extra.tsv	14	design_patterns-extra-013	Extra is too short for a deep card
warn	/home/fhu_thjen/projects/learning-java/43-design-patterns/anki/basic-extra.tsv	15	design_patterns-extra-014	Extra is too short for a deep card
warn	/home/fhu_thjen/projects/learning-java/43-design-patterns/anki/basic-extra.tsv	16	design_patterns-extra-015	Extra is too short for a deep card
warn	/home/fhu_thjen/projects/learning-java/43-design-patterns/anki/basic-extra.tsv	17	design_patterns-extra-016	Extra is too short for a deep card
warn	/home/fhu_thjen/projects/learning-java/43-design-patterns/anki/basic-extra.tsv	18	design_patterns-extra-017	Extra is too short for a deep card
warn	/home/fhu_thjen/projects/learning-java/43-design-patterns/anki/basic-extra.tsv	19	design_patterns-extra-018	Extra is too short for a deep card
warn	/home/fhu_thjen/projects/learning-java/43-design-patterns/anki/basic-extra.tsv	20	design_patterns-extra-019	Extra is too short for a deep card
warn	/home/fhu_thjen/projects/learning-java/43-design-patterns/anki/basic-extra.tsv	21	design_patterns-extra-020	Extra is too short for a deep card
warn	/home/fhu_thjen/projects/learning-java/43-design-patterns/anki/basic-extra.tsv	22	design_patterns-extra-021	Extra is too short for a deep card
warn	/home/fhu_thjen/projects/learning-java/43-design-patterns/anki/basic-extra.tsv	23	design_patterns-extra-022	Extra is too short for a deep card
warn	/home/fhu_thjen/projects/learning-java/43-design-patterns/anki/basic-extra.tsv	24	design_patterns-extra-023	Extra is too short for a deep card
warn	/home/fhu_thjen/projects/learning-java/43-design-patterns/anki/basic-extra.tsv	25	design_patterns-extra-024	Extra is too short for a deep card
warn	/home/fhu_thjen/projects/learning-java/43-design-patterns/anki/basic-extra.tsv	27	design_patterns-extra-026	Extra is too short for a deep card
warn	/home/fhu_thjen/projects/learning-java/43-design-patterns/anki/basic-extra.tsv	28	design_patterns-extra-027	Extra is too short for a deep card
warn	/home/fhu_thjen/projects/learning-java/43-design-patterns/anki/basic-extra.tsv	29	design_patterns-extra-028	Extra is too short for a deep card
warn	/home/fhu_thjen/projects/learning-java/43-design-patterns/anki/basic.tsv	3	design_patterns-basic-002	generic/template wording: use it to predict the exact java rule
warn	/home/fhu_thjen/projects/learning-java/43-design-patterns/anki/basic.tsv	4	design_patterns-basic-003	generic/template wording: is a specific concept in
warn	/home/fhu_thjen/projects/learning-java/43-design-patterns/anki/basic.tsv	5	design_patterns-basic-004	generic/template wording: use it to predict the exact java rule
warn	/home/fhu_thjen/projects/learning-java/43-design-patterns/anki/basic.tsv	7	design_patterns-basic-006	generic/template wording: use it to predict the exact java rule
warn	/home/fhu_thjen/projects/learning-java/43-design-patterns/anki/basic.tsv	8	design_patterns-basic-007	generic/template wording: is a specific concept in
warn	/home/fhu_thjen/projects/learning-java/43-design-patterns/anki/basic.tsv	9	design_patterns-basic-008	generic/template wording: use it to predict the exact java rule
warn	/home/fhu_thjen/projects/learning-java/43-design-patterns/anki/basic.tsv	10	design_patterns-basic-009	generic/template wording: is a specific concept in
warn	/home/fhu_thjen/projects/learning-java/43-design-patterns/anki/basic.tsv	11	design_patterns-basic-010	generic/template wording: use it to predict the exact java rule
warn	/home/fhu_thjen/projects/learning-java/43-design-patterns/anki/basic.tsv	12	design_patterns-basic-011	generic/template wording: is a specific concept in
warn	/home/fhu_thjen/projects/learning-java/43-design-patterns/anki/basic.tsv	13	design_patterns-basic-012	generic/template wording: use it to predict the exact java rule
warn	/home/fhu_thjen/projects/learning-java/43-design-patterns/anki/basic.tsv	14	design_patterns-basic-013	generic/template wording: is a specific concept in
warn	/home/fhu_thjen/projects/learning-java/43-design-patterns/anki/basic.tsv	15	design_patterns-basic-014	generic/template wording: use it to predict the exact java rule
warn	/home/fhu_thjen/projects/learning-java/43-design-patterns/anki/basic.tsv	16	design_patterns-basic-015	generic/template wording: is a specific concept in
warn	/home/fhu_thjen/projects/learning-java/43-design-patterns/anki/basic.tsv	17	design_patterns-basic-016	generic/template wording: use it to predict the exact java rule
warn	/home/fhu_thjen/projects/learning-java/43-design-patterns/anki/basic.tsv	18	design_patterns-basic-017	generic/template wording: is a specific concept in
warn	/home/fhu_thjen/projects/learning-java/43-design-patterns/anki/basic.tsv	19	design_patterns-basic-018	generic/template wording: use it to predict the exact java rule
warn	/home/fhu_thjen/projects/learning-java/43-design-patterns/anki/basic.tsv	20	design_patterns-basic-019	generic/template wording: is a specific concept in
warn	/home/fhu_thjen/projects/learning-java/43-design-patterns/anki/basic.tsv	21	design_patterns-basic-020	generic/template wording: use it to predict the exact java rule
warn	/home/fhu_thjen/projects/learning-java/43-design-patterns/anki/basic.tsv	22	design_patterns-basic-021	generic/template wording: is a specific concept in
warn	/home/fhu_thjen/projects/learning-java/43-design-patterns/anki/basic.tsv	23	design_patterns-basic-022	generic/template wording: use it to predict the exact java rule
warn	/home/fhu_thjen/projects/learning-java/43-design-patterns/anki/basic.tsv	24	design_patterns-basic-023	generic/template wording: is a specific concept in
warn	/home/fhu_thjen/projects/learning-java/43-design-patterns/anki/basic.tsv	25	design_patterns-basic-024	generic/template wording: use it to predict the exact java rule
warn	/home/fhu_thjen/projects/learning-java/43-design-patterns/anki/basic.tsv	26	design_patterns-basic-025	generic/template wording: is a specific concept in
warn	/home/fhu_thjen/projects/learning-java/43-design-patterns/anki/basic.tsv	27	design_patterns-basic-026	generic/template wording: use it to predict the exact java rule
warn	/home/fhu_thjen/projects/learning-java/43-design-patterns/anki/basic.tsv	30	design_patterns-basic-029	generic/template wording: is a specific concept in
warn	/home/fhu_thjen/projects/learning-java/43-design-patterns/anki/basic.tsv	31	design_patterns-basic-030	generic/template wording: use it to predict the exact java rule
warn	/home/fhu_thjen/projects/learning-java/43-design-patterns/anki/basic.tsv	32	design_patterns-basic-031	generic/template wording: is a specific concept in
warn	/home/fhu_thjen/projects/learning-java/43-design-patterns/anki/basic.tsv	33	design_patterns-basic-032	generic/template wording: use it to predict the exact java rule
warn	/home/fhu_thjen/projects/learning-java/43-design-patterns/anki/basic.tsv	34	design_patterns-basic-033	generic/template wording: is a specific concept in
warn	/home/fhu_thjen/projects/learning-java/43-design-patterns/anki/basic.tsv	35	design_patterns-basic-034	generic/template wording: use it to predict the exact java rule
warn	/home/fhu_thjen/projects/learning-java/43-design-patterns/anki/basic.tsv	36	design_patterns-basic-035	generic/template wording: is a specific concept in
warn	/home/fhu_thjen/projects/learning-java/43-design-patterns/anki/basic.tsv	37	design_patterns-basic-036	generic/template wording: use it to predict the exact java rule
warn	/home/fhu_thjen/projects/learning-java/43-design-patterns/anki/basic.tsv	38	design_patterns-basic-037	generic/template wording: is a specific concept in
warn	/home/fhu_thjen/projects/learning-java/43-design-patterns/anki/basic.tsv	39	design_patterns-basic-038	generic/template wording: use it to predict the exact java rule
warn	/home/fhu_thjen/projects/learning-java/43-design-patterns/anki/basic.tsv	40	design_patterns-basic-039	generic/template wording: is a specific concept in
warn	/home/fhu_thjen/projects/learning-java/43-design-patterns/anki/basic.tsv	41	design_patterns-basic-040	generic/template wording: use it to predict the exact java rule
warn	/home/fhu_thjen/projects/learning-java/43-design-patterns/anki/cloze.tsv	2	design_patterns-cloze-001	generic/template wording: use it to predict the exact java rule
warn	/home/fhu_thjen/projects/learning-java/43-design-patterns/anki/cloze.tsv	3	design_patterns-cloze-002	generic/template wording: use it to predict the exact java rule
warn	/home/fhu_thjen/projects/learning-java/43-design-patterns/anki/cloze.tsv	4	design_patterns-cloze-003	generic/template wording: use it to predict the exact java rule
warn	/home/fhu_thjen/projects/learning-java/43-design-patterns/anki/cloze.tsv	5	design_patterns-cloze-004	generic/template wording: use it to predict the exact java rule
warn	/home/fhu_thjen/projects/learning-java/43-design-patterns/anki/cloze.tsv	6	design_patterns-cloze-005	generic/template wording: use it to predict the exact java rule
warn	/home/fhu_thjen/projects/learning-java/43-design-patterns/anki/cloze.tsv	7	design_patterns-cloze-006	generic/template wording: use it to predict the exact java rule
warn	/home/fhu_thjen/projects/learning-java/43-design-patterns/anki/cloze.tsv	8	design_patterns-cloze-007	generic/template wording: use it to predict the exact java rule
warn	/home/fhu_thjen/projects/learning-java/43-design-patterns/anki/cloze.tsv	9	design_patterns-cloze-008	generic/template wording: use it to predict the exact java rule
warn	/home/fhu_thjen/projects/learning-java/43-design-patterns/anki/cloze.tsv	10	design_patterns-cloze-009	generic/template wording: use it to predict the exact java rule
warn	/home/fhu_thjen/projects/learning-java/43-design-patterns/anki/cloze.tsv	11	design_patterns-cloze-010	generic/template wording: use it to predict the exact java rule
warn	/home/fhu_thjen/projects/learning-java/43-design-patterns/anki/cloze.tsv	12	design_patterns-cloze-011	generic/template wording: use it to predict the exact java rule
warn	/home/fhu_thjen/projects/learning-java/43-design-patterns/anki/cloze.tsv	13	design_patterns-cloze-012	generic/template wording: use it to predict the exact java rule
warn	/home/fhu_thjen/projects/learning-java/43-design-patterns/anki/cloze.tsv	14	design_patterns-cloze-013	generic/template wording: use it to predict the exact java rule
warn	/home/fhu_thjen/projects/learning-java/43-design-patterns/anki/cloze.tsv	16	design_patterns-cloze-015	generic/template wording: use it to predict the exact java rule
warn	/home/fhu_thjen/projects/learning-java/43-design-patterns/anki/cloze.tsv	17	design_patterns-cloze-016	generic/template wording: use it to predict the exact java rule
warn	/home/fhu_thjen/projects/learning-java/43-design-patterns/anki/cloze.tsv	18	design_patterns-cloze-017	generic/template wording: use it to predict the exact java rule
warn	/home/fhu_thjen/projects/learning-java/43-design-patterns/anki/cloze.tsv	19	design_patterns-cloze-018	generic/template wording: use it to predict the exact java rule
warn	/home/fhu_thjen/projects/learning-java/43-design-patterns/anki/cloze.tsv	20	design_patterns-cloze-019	generic/template wording: use it to predict the exact java rule
warn	/home/fhu_thjen/projects/learning-java/43-design-patterns/anki/cloze.tsv	21	design_patterns-cloze-020	generic/template wording: use it to predict the exact java rule
warn	/home/fhu_thjen/projects/learning-java/43-design-patterns/anki/code-question.tsv	2	design_patterns-code-001	shallow answer for listing/count question: '' — expand to include all items or a meaningful grouping
warn	/home/fhu_thjen/projects/learning-java/44-unit-testing/anki/basic-extra.tsv	3	unit_testing-extra-002	Extra is too short for a deep card
warn	/home/fhu_thjen/projects/learning-java/44-unit-testing/anki/basic-extra.tsv	4	unit_testing-extra-003	Extra is too short for a deep card
warn	/home/fhu_thjen/projects/learning-java/44-unit-testing/anki/basic-extra.tsv	7	unit_testing-extra-006	Extra is too short for a deep card
warn	/home/fhu_thjen/projects/learning-java/44-unit-testing/anki/basic-extra.tsv	11	unit_testing-extra-010	Extra is too short for a deep card
warn	/home/fhu_thjen/projects/learning-java/44-unit-testing/anki/basic-extra.tsv	12	unit_testing-extra-011	Extra is too short for a deep card
warn	/home/fhu_thjen/projects/learning-java/44-unit-testing/anki/basic.tsv	4	unit_testing-basic-003	generic/template wording: is a specific concept in
warn	/home/fhu_thjen/projects/learning-java/44-unit-testing/anki/basic.tsv	6	unit_testing-basic-005	generic/template wording: is a specific concept in
warn	/home/fhu_thjen/projects/learning-java/44-unit-testing/anki/basic.tsv	8	unit_testing-basic-007	generic/template wording: is a specific concept in
warn	/home/fhu_thjen/projects/learning-java/44-unit-testing/anki/basic.tsv	10	unit_testing-basic-009	generic/template wording: is a specific concept in
warn	/home/fhu_thjen/projects/learning-java/44-unit-testing/anki/basic.tsv	11	unit_testing-basic-010	generic/template wording: use it to predict the exact java rule
warn	/home/fhu_thjen/projects/learning-java/44-unit-testing/anki/basic.tsv	12	unit_testing-basic-011	generic/template wording: is a specific concept in
warn	/home/fhu_thjen/projects/learning-java/44-unit-testing/anki/basic.tsv	13	unit_testing-basic-012	generic/template wording: use it to predict the exact java rule
warn	/home/fhu_thjen/projects/learning-java/44-unit-testing/anki/basic.tsv	14	unit_testing-basic-013	generic/template wording: is a specific concept in
warn	/home/fhu_thjen/projects/learning-java/44-unit-testing/anki/basic.tsv	15	unit_testing-basic-014	generic/template wording: use it to predict the exact java rule
warn	/home/fhu_thjen/projects/learning-java/44-unit-testing/anki/basic.tsv	16	unit_testing-basic-015	generic/template wording: is a specific concept in
warn	/home/fhu_thjen/projects/learning-java/44-unit-testing/anki/basic.tsv	17	unit_testing-basic-016	generic/template wording: use it to predict the exact java rule
warn	/home/fhu_thjen/projects/learning-java/44-unit-testing/anki/basic.tsv	20	unit_testing-basic-019	generic/template wording: is a specific concept in
warn	/home/fhu_thjen/projects/learning-java/44-unit-testing/anki/basic.tsv	24	unit_testing-basic-023	generic/template wording: is a specific concept in
warn	/home/fhu_thjen/projects/learning-java/44-unit-testing/anki/basic.tsv	26	unit_testing-basic-025	generic/template wording: is a specific concept in
warn	/home/fhu_thjen/projects/learning-java/44-unit-testing/anki/basic.tsv	27	unit_testing-basic-026	generic/template wording: use it to predict the exact java rule
warn	/home/fhu_thjen/projects/learning-java/44-unit-testing/anki/cloze.tsv	6	unit_testing-cloze-005	generic/template wording: use it to predict the exact java rule
warn	/home/fhu_thjen/projects/learning-java/44-unit-testing/anki/cloze.tsv	7	unit_testing-cloze-006	generic/template wording: use it to predict the exact java rule
warn	/home/fhu_thjen/projects/learning-java/44-unit-testing/anki/cloze.tsv	8	unit_testing-cloze-007	generic/template wording: use it to predict the exact java rule
warn	/home/fhu_thjen/projects/learning-java/44-unit-testing/anki/cloze.tsv	9	unit_testing-cloze-008	generic/template wording: use it to predict the exact java rule
warn	/home/fhu_thjen/projects/learning-java/44-unit-testing/anki/cloze.tsv	14	unit_testing-cloze-013	generic/template wording: use it to predict the exact java rule
warn	/home/fhu_thjen/projects/learning-java/45-interview-questions/anki/basic-extra.tsv	3	interview_questions-extra-002	Extra is too short for a deep card
warn	/home/fhu_thjen/projects/learning-java/45-interview-questions/anki/basic-extra.tsv	5	interview_questions-extra-004	Extra is too short for a deep card
warn	/home/fhu_thjen/projects/learning-java/45-interview-questions/anki/basic-extra.tsv	6	interview_questions-extra-005	Extra is too short for a deep card
warn	/home/fhu_thjen/projects/learning-java/45-interview-questions/anki/basic-extra.tsv	7	interview_questions-extra-006	Extra is too short for a deep card
warn	/home/fhu_thjen/projects/learning-java/45-interview-questions/anki/basic-extra.tsv	10	interview_questions-extra-009	Extra is too short for a deep card
warn	/home/fhu_thjen/projects/learning-java/45-interview-questions/anki/basic-extra.tsv	11	interview_questions-extra-010	Extra is too short for a deep card
warn	/home/fhu_thjen/projects/learning-java/45-interview-questions/anki/basic-extra.tsv	13	interview_questions-extra-012	Extra is too short for a deep card
warn	/home/fhu_thjen/projects/learning-java/45-interview-questions/anki/basic-extra.tsv	14	interview_questions-extra-013	Extra is too short for a deep card
warn	/home/fhu_thjen/projects/learning-java/45-interview-questions/anki/basic-extra.tsv	15	interview_questions-extra-014	Extra is too short for a deep card
warn	/home/fhu_thjen/projects/learning-java/45-interview-questions/anki/basic-extra.tsv	16	interview_questions-extra-015	Extra is too short for a deep card
warn	/home/fhu_thjen/projects/learning-java/45-interview-questions/anki/basic-extra.tsv	17	interview_questions-extra-016	Extra is too short for a deep card
warn	/home/fhu_thjen/projects/learning-java/45-interview-questions/anki/basic-extra.tsv	18	interview_questions-extra-017	Extra is too short for a deep card
warn	/home/fhu_thjen/projects/learning-java/45-interview-questions/anki/basic-extra.tsv	19	interview_questions-extra-018	Extra is too short for a deep card
warn	/home/fhu_thjen/projects/learning-java/45-interview-questions/anki/basic-extra.tsv	20	interview_questions-extra-019	Extra is too short for a deep card
warn	/home/fhu_thjen/projects/learning-java/45-interview-questions/anki/basic-extra.tsv	21	interview_questions-extra-020	Extra is too short for a deep card
warn	/home/fhu_thjen/projects/learning-java/45-interview-questions/anki/basic-extra.tsv	22	interview_questions-extra-021	Extra is too short for a deep card
warn	/home/fhu_thjen/projects/learning-java/45-interview-questions/anki/basic-extra.tsv	23	interview_questions-extra-022	Extra is too short for a deep card
warn	/home/fhu_thjen/projects/learning-java/45-interview-questions/anki/basic-extra.tsv	24	interview_questions-extra-023	shallow answer for listing/count question: 'NullPointerException, IllegalArgumentException, and IndexOutOfBoundsException.' — expand to include all items or a meaningful grouping
warn	/home/fhu_thjen/projects/learning-java/45-interview-questions/anki/basic-extra.tsv	24	interview_questions-extra-023	Extra is too short for a deep card
warn	/home/fhu_thjen/projects/learning-java/45-interview-questions/anki/basic-extra.tsv	26	interview_questions-extra-025	Extra is too short for a deep card
warn	/home/fhu_thjen/projects/learning-java/45-interview-questions/anki/basic-extra.tsv	27	interview_questions-extra-026	Extra is too short for a deep card
warn	/home/fhu_thjen/projects/learning-java/45-interview-questions/anki/basic-extra.tsv	28	interview_questions-extra-027	Extra is too short for a deep card
warn	/home/fhu_thjen/projects/learning-java/45-interview-questions/anki/basic-extra.tsv	30	interview_questions-extra-029	Extra is too short for a deep card
warn	/home/fhu_thjen/projects/learning-java/45-interview-questions/anki/basic-extra.tsv	31	interview_questions-extra-030	Extra is too short for a deep card
warn	/home/fhu_thjen/projects/learning-java/45-interview-questions/anki/basic-extra.tsv	32	interview_questions-extra-031	Extra is too short for a deep card
warn	/home/fhu_thjen/projects/learning-java/45-interview-questions/anki/basic-extra.tsv	33	interview_questions-extra-032	Extra is too short for a deep card
warn	/home/fhu_thjen/projects/learning-java/45-interview-questions/anki/basic-extra.tsv	34	interview_questions-extra-033	Extra is too short for a deep card
warn	/home/fhu_thjen/projects/learning-java/45-interview-questions/anki/basic-extra.tsv	35	interview_questions-extra-034	Extra is too short for a deep card
warn	/home/fhu_thjen/projects/learning-java/45-interview-questions/anki/basic-extra.tsv	36	interview_questions-extra-035	Extra is too short for a deep card
warn	/home/fhu_thjen/projects/learning-java/45-interview-questions/anki/basic-extra.tsv	37	interview_questions-extra-036	Extra is too short for a deep card
warn	/home/fhu_thjen/projects/learning-java/45-interview-questions/anki/basic-extra.tsv	38	interview_questions-extra-037	Extra is too short for a deep card
warn	/home/fhu_thjen/projects/learning-java/45-interview-questions/anki/basic-extra.tsv	39	interview_questions-extra-038	Extra is too short for a deep card
warn	/home/fhu_thjen/projects/learning-java/45-interview-questions/anki/basic-extra.tsv	40	interview_questions-extra-039	Extra is too short for a deep card
warn	/home/fhu_thjen/projects/learning-java/45-interview-questions/anki/basic-extra.tsv	41	interview_questions-extra-040	Extra is too short for a deep card
warn	/home/fhu_thjen/projects/learning-java/45-interview-questions/anki/basic-extra.tsv	42	interview_questions-extra-041	Extra is too short for a deep card
warn	/home/fhu_thjen/projects/learning-java/45-interview-questions/anki/basic-extra.tsv	43	interview_questions-extra-042	Extra is too short for a deep card
warn	/home/fhu_thjen/projects/learning-java/45-interview-questions/anki/basic-extra.tsv	44	interview_questions-extra-043	Extra is too short for a deep card
warn	/home/fhu_thjen/projects/learning-java/45-interview-questions/anki/basic-extra.tsv	45	interview_questions-extra-044	Extra is too short for a deep card
warn	/home/fhu_thjen/projects/learning-java/45-interview-questions/anki/basic-extra.tsv	46	interview_questions-extra-045	Extra is too short for a deep card
warn	/home/fhu_thjen/projects/learning-java/45-interview-questions/anki/basic-extra.tsv	47	interview_questions-extra-046	Extra is too short for a deep card
warn	/home/fhu_thjen/projects/learning-java/45-interview-questions/anki/basic-extra.tsv	48	interview_questions-extra-047	Extra is too short for a deep card
warn	/home/fhu_thjen/projects/learning-java/45-interview-questions/anki/basic-extra.tsv	49	interview_questions-extra-048	Extra is too short for a deep card
warn	/home/fhu_thjen/projects/learning-java/45-interview-questions/anki/basic-extra.tsv	50	interview_questions-extra-049	Extra is too short for a deep card
warn	/home/fhu_thjen/projects/learning-java/45-interview-questions/anki/basic-extra.tsv	51	interview_questions-extra-050	Extra is too short for a deep card
warn	/home/fhu_thjen/projects/learning-java/45-interview-questions/anki/basic-extra.tsv	52	interview_questions-extra-051	Extra is too short for a deep card
warn	/home/fhu_thjen/projects/learning-java/45-interview-questions/anki/basic-extra.tsv	53	interview_questions-extra-052	Extra is too short for a deep card
warn	/home/fhu_thjen/projects/learning-java/45-interview-questions/anki/basic-extra.tsv	54	interview_questions-extra-053	Extra is too short for a deep card
warn	/home/fhu_thjen/projects/learning-java/45-interview-questions/anki/basic-extra.tsv	55	interview_questions-extra-054	Extra is too short for a deep card
warn	/home/fhu_thjen/projects/learning-java/45-interview-questions/anki/basic-extra.tsv	56	interview_questions-extra-055	Extra is too short for a deep card
warn	/home/fhu_thjen/projects/learning-java/45-interview-questions/anki/basic-extra.tsv	57	interview_questions-extra-056	Extra is too short for a deep card
warn	/home/fhu_thjen/projects/learning-java/45-interview-questions/anki/basic-extra.tsv	59	interview_questions-extra-058	Extra is too short for a deep card
warn	/home/fhu_thjen/projects/learning-java/45-interview-questions/anki/basic-extra.tsv	60	interview_questions-extra-059	Extra is too short for a deep card
warn	/home/fhu_thjen/projects/learning-java/45-interview-questions/anki/basic-extra.tsv	61	interview_questions-extra-060	Extra is too short for a deep card
warn	/home/fhu_thjen/projects/learning-java/45-interview-questions/anki/basic-extra.tsv	62	interview_questions-extra-061	Extra is too short for a deep card
warn	/home/fhu_thjen/projects/learning-java/45-interview-questions/anki/basic.tsv	4	interview_questions-basic-003	generic/template wording: is a specific concept in
warn	/home/fhu_thjen/projects/learning-java/45-interview-questions/anki/basic.tsv	5	interview_questions-basic-004	generic/template wording: use it to predict the exact java rule
warn	/home/fhu_thjen/projects/learning-java/45-interview-questions/anki/basic.tsv	7	interview_questions-basic-006	generic/template wording: use it to predict the exact java rule
warn	/home/fhu_thjen/projects/learning-java/45-interview-questions/anki/basic.tsv	8	interview_questions-basic-007	generic/template wording: is a specific concept in
warn	/home/fhu_thjen/projects/learning-java/45-interview-questions/anki/basic.tsv	9	interview_questions-basic-008	generic/template wording: use it to predict the exact java rule
warn	/home/fhu_thjen/projects/learning-java/45-interview-questions/anki/basic.tsv	10	interview_questions-basic-009	generic/template wording: is a specific concept in
warn	/home/fhu_thjen/projects/learning-java/45-interview-questions/anki/basic.tsv	11	interview_questions-basic-010	generic/template wording: use it to predict the exact java rule
warn	/home/fhu_thjen/projects/learning-java/45-interview-questions/anki/basic.tsv	21	interview_questions-basic-020	generic/template wording: use it to predict the exact java rule
warn	/home/fhu_thjen/projects/learning-java/45-interview-questions/anki/basic.tsv	25	interview_questions-basic-024	generic/template wording: use it to predict the exact java rule
warn	/home/fhu_thjen/projects/learning-java/45-interview-questions/anki/basic.tsv	26	interview_questions-basic-025	generic/template wording: is a specific concept in
warn	/home/fhu_thjen/projects/learning-java/45-interview-questions/anki/basic.tsv	27	interview_questions-basic-026	generic/template wording: use it to predict the exact java rule
warn	/home/fhu_thjen/projects/learning-java/45-interview-questions/anki/basic.tsv	29	interview_questions-basic-028	generic/template wording: use it to predict the exact java rule
warn	/home/fhu_thjen/projects/learning-java/45-interview-questions/anki/basic.tsv	30	interview_questions-basic-029	generic/template wording: is a specific concept in
warn	/home/fhu_thjen/projects/learning-java/45-interview-questions/anki/basic.tsv	31	interview_questions-basic-030	generic/template wording: use it to predict the exact java rule
warn	/home/fhu_thjen/projects/learning-java/45-interview-questions/anki/basic.tsv	32	interview_questions-basic-031	generic/template wording: is a specific concept in
warn	/home/fhu_thjen/projects/learning-java/45-interview-questions/anki/basic.tsv	33	interview_questions-basic-032	generic/template wording: use it to predict the exact java rule
warn	/home/fhu_thjen/projects/learning-java/45-interview-questions/anki/basic.tsv	35	interview_questions-basic-034	generic/template wording: use it to predict the exact java rule
warn	/home/fhu_thjen/projects/learning-java/45-interview-questions/anki/basic.tsv	44	interview_questions-basic-043	generic/template wording: is a specific concept in
warn	/home/fhu_thjen/projects/learning-java/45-interview-questions/anki/basic.tsv	45	interview_questions-basic-044	generic/template wording: use it to predict the exact java rule
warn	/home/fhu_thjen/projects/learning-java/45-interview-questions/anki/basic.tsv	46	interview_questions-basic-045	generic/template wording: is a specific concept in
warn	/home/fhu_thjen/projects/learning-java/45-interview-questions/anki/basic.tsv	47	interview_questions-basic-046	generic/template wording: use it to predict the exact java rule
warn	/home/fhu_thjen/projects/learning-java/45-interview-questions/anki/basic.tsv	52	interview_questions-basic-051	generic/template wording: is a specific concept in
warn	/home/fhu_thjen/projects/learning-java/45-interview-questions/anki/basic.tsv	53	interview_questions-basic-052	generic/template wording: use it to predict the exact java rule
warn	/home/fhu_thjen/projects/learning-java/45-interview-questions/anki/basic.tsv	62	interview_questions-basic-061	generic/template wording: a common mistake is knowing the name but not knowing
warn	/home/fhu_thjen/projects/learning-java/45-interview-questions/anki/basic.tsv	63	interview_questions-basic-062	generic/template wording: a common mistake is knowing the name but not knowing
warn	/home/fhu_thjen/projects/learning-java/45-interview-questions/anki/basic.tsv	64	interview_questions-basic-063	generic/template wording: a common mistake is knowing the name but not knowing
warn	/home/fhu_thjen/projects/learning-java/45-interview-questions/anki/basic.tsv	65	interview_questions-basic-064	generic/template wording: a common mistake is knowing the name but not knowing
warn	/home/fhu_thjen/projects/learning-java/45-interview-questions/anki/basic.tsv	66	interview_questions-basic-065	generic/template wording: a common mistake is knowing the name but not knowing
warn	/home/fhu_thjen/projects/learning-java/45-interview-questions/anki/basic.tsv	67	interview_questions-basic-066	generic/template wording: a common mistake is knowing the name but not knowing
warn	/home/fhu_thjen/projects/learning-java/45-interview-questions/anki/basic.tsv	68	interview_questions-basic-067	generic/template wording: a common mistake is knowing the name but not knowing
warn	/home/fhu_thjen/projects/learning-java/45-interview-questions/anki/basic.tsv	69	interview_questions-basic-068	generic/template wording: a common mistake is knowing the name but not knowing
warn	/home/fhu_thjen/projects/learning-java/45-interview-questions/anki/basic.tsv	70	interview_questions-basic-069	generic/template wording: a common mistake is knowing the name but not knowing
warn	/home/fhu_thjen/projects/learning-java/45-interview-questions/anki/basic.tsv	71	interview_questions-basic-070	generic/template wording: a common mistake is knowing the name but not knowing
warn	/home/fhu_thjen/projects/learning-java/45-interview-questions/anki/basic.tsv	72	interview_questions-basic-071	generic/template wording: a common mistake is knowing the name but not knowing
warn	/home/fhu_thjen/projects/learning-java/45-interview-questions/anki/basic.tsv	73	interview_questions-basic-072	generic/template wording: a common mistake is knowing the name but not knowing
warn	/home/fhu_thjen/projects/learning-java/45-interview-questions/anki/basic.tsv	74	interview_questions-basic-073	generic/template wording: a common mistake is knowing the name but not knowing
warn	/home/fhu_thjen/projects/learning-java/45-interview-questions/anki/basic.tsv	75	interview_questions-basic-074	generic/template wording: a common mistake is knowing the name but not knowing
warn	/home/fhu_thjen/projects/learning-java/45-interview-questions/anki/basic.tsv	76	interview_questions-basic-075	generic/template wording: a common mistake is knowing the name but not knowing
warn	/home/fhu_thjen/projects/learning-java/45-interview-questions/anki/basic.tsv	77	interview_questions-basic-076	generic/template wording: a common mistake is knowing the name but not knowing
warn	/home/fhu_thjen/projects/learning-java/45-interview-questions/anki/basic.tsv	78	interview_questions-basic-077	generic/template wording: a common mistake is knowing the name but not knowing
warn	/home/fhu_thjen/projects/learning-java/45-interview-questions/anki/basic.tsv	79	interview_questions-basic-078	generic/template wording: a common mistake is knowing the name but not knowing
warn	/home/fhu_thjen/projects/learning-java/45-interview-questions/anki/basic.tsv	80	interview_questions-basic-079	generic/template wording: a common mistake is knowing the name but not knowing
warn	/home/fhu_thjen/projects/learning-java/45-interview-questions/anki/basic.tsv	81	interview_questions-basic-080	generic/template wording: a common mistake is knowing the name but not knowing
warn	/home/fhu_thjen/projects/learning-java/45-interview-questions/anki/basic.tsv	82	interview_questions-basic-081	generic/template wording: a common mistake is knowing the name but not knowing
warn	/home/fhu_thjen/projects/learning-java/45-interview-questions/anki/basic.tsv	83	interview_questions-basic-082	generic/template wording: a common mistake is knowing the name but not knowing
warn	/home/fhu_thjen/projects/learning-java/45-interview-questions/anki/basic.tsv	84	interview_questions-basic-083	generic/template wording: a common mistake is knowing the name but not knowing
warn	/home/fhu_thjen/projects/learning-java/45-interview-questions/anki/basic.tsv	85	interview_questions-basic-084	generic/template wording: a common mistake is knowing the name but not knowing
warn	/home/fhu_thjen/projects/learning-java/45-interview-questions/anki/basic.tsv	86	interview_questions-basic-085	generic/template wording: a common mistake is knowing the name but not knowing
warn	/home/fhu_thjen/projects/learning-java/45-interview-questions/anki/basic.tsv	87	interview_questions-basic-086	generic/template wording: a common mistake is knowing the name but not knowing
warn	/home/fhu_thjen/projects/learning-java/45-interview-questions/anki/basic.tsv	88	interview_questions-basic-087	generic/template wording: a common mistake is knowing the name but not knowing
warn	/home/fhu_thjen/projects/learning-java/45-interview-questions/anki/basic.tsv	89	interview_questions-basic-088	generic/template wording: a common mistake is knowing the name but not knowing
warn	/home/fhu_thjen/projects/learning-java/45-interview-questions/anki/basic.tsv	90	interview_questions-basic-089	generic/template wording: a common mistake is knowing the name but not knowing
warn	/home/fhu_thjen/projects/learning-java/45-interview-questions/anki/basic.tsv	91	interview_questions-basic-090	generic/template wording: a common mistake is knowing the name but not knowing
warn	/home/fhu_thjen/projects/learning-java/45-interview-questions/anki/cloze.tsv	4	interview_questions-cloze-003	generic/template wording: use it to predict the exact java rule
warn	/home/fhu_thjen/projects/learning-java/45-interview-questions/anki/cloze.tsv	6	interview_questions-cloze-005	generic/template wording: use it to predict the exact java rule
warn	/home/fhu_thjen/projects/learning-java/45-interview-questions/anki/cloze.tsv	8	interview_questions-cloze-007	generic/template wording: use it to predict the exact java rule
warn	/home/fhu_thjen/projects/learning-java/45-interview-questions/anki/cloze.tsv	10	interview_questions-cloze-009	generic/template wording: use it to predict the exact java rule
warn	/home/fhu_thjen/projects/learning-java/45-interview-questions/anki/cloze.tsv	20	interview_questions-cloze-019	generic/template wording: use it to predict the exact java rule
warn	/home/fhu_thjen/projects/learning-java/45-interview-questions/anki/cloze.tsv	24	interview_questions-cloze-023	generic/template wording: use it to predict the exact java rule
warn	/home/fhu_thjen/projects/learning-java/45-interview-questions/anki/cloze.tsv	26	interview_questions-cloze-025	generic/template wording: use it to predict the exact java rule
warn	/home/fhu_thjen/projects/learning-java/45-interview-questions/anki/cloze.tsv	28	interview_questions-cloze-027	generic/template wording: use it to predict the exact java rule
warn	/home/fhu_thjen/projects/learning-java/45-interview-questions/anki/cloze.tsv	30	interview_questions-cloze-029	generic/template wording: use it to predict the exact java rule
warn	/home/fhu_thjen/projects/learning-java/45-interview-questions/anki/cloze.tsv	32	interview_questions-cloze-031	generic/template wording: use it to predict the exact java rule
warn	/home/fhu_thjen/projects/learning-java/45-interview-questions/anki/cloze.tsv	34	interview_questions-cloze-033	generic/template wording: use it to predict the exact java rule
warn	/home/fhu_thjen/projects/learning-java/45-interview-questions/anki/cloze.tsv	44	interview_questions-cloze-043	generic/template wording: use it to predict the exact java rule
warn	/home/fhu_thjen/projects/learning-java/45-interview-questions/anki/cloze.tsv	46	interview_questions-cloze-045	generic/template wording: use it to predict the exact java rule
warn	/home/fhu_thjen/projects/learning-java/45-interview-questions/anki/cloze.tsv	52	interview_questions-cloze-051	generic/template wording: use it to predict the exact java rule
warn	/home/fhu_thjen/projects/learning-java/45-interview-questions/anki/code-question.tsv	7	interview_questions-code-006	shallow answer for listing/count question: '' — expand to include all items or a meaningful grouping
warn	/home/fhu_thjen/projects/learning-java/45-interview-questions/anki/code-question.tsv	8	interview_questions-code-007	shallow answer for listing/count question: '' — expand to include all items or a meaningful grouping
