status	detail	trust	url	source	line
ok	200	official Java/Oracle documentation	https://docs.oracle.com/javase/tutorial/getStarted/cupojava/	/home/fhu_thjen/projects/learning-java/00-setup/README.md	52
ok	200	official Java/Oracle documentation	https://docs.oracle.com/javase/tutorial/getStarted/intro/definition.html	/home/fhu_thjen/projects/learning-java/01-overview/README.md	80
ok	200	official Java learning site	https://dev.java/learn/	/home/fhu_thjen/projects/learning-java/01-overview/README.md	81
ok	200	official Java/Oracle documentation	https://docs.oracle.com/javase/tutorial/getStarted/application/	/home/fhu_thjen/projects/learning-java/02-basic-syntax/README.md	82
ok	200	official Java/Oracle documentation	https://docs.oracle.com/javase/tutorial/java/nutsandbolts/	/home/fhu_thjen/projects/learning-java/02-basic-syntax/README.md	83
ok	200	official Java/Oracle documentation	https://docs.oracle.com/javase/tutorial/java/nutsandbolts/datatypes.html	/home/fhu_thjen/projects/learning-java/03-data-types/README.md	86
ok	200	official Java/Oracle documentation	https://docs.oracle.com/javase/tutorial/java/nutsandbolts/variables.html	/home/fhu_thjen/projects/learning-java/04-variables-constants/README.md	63
ok	200	official Java/Oracle documentation	https://docs.oracle.com/javase/tutorial/java/nutsandbolts/operators.html	/home/fhu_thjen/projects/learning-java/05-operators/README.md	70
ok	200	official Java/Oracle documentation	https://docs.oracle.com/javase/tutorial/java/nutsandbolts/flow.html	/home/fhu_thjen/projects/learning-java/06-control-flow/README.md	68
ok	200	official Java/Oracle documentation	https://docs.oracle.com/javase/tutorial/java/nutsandbolts/arrays.html	/home/fhu_thjen/projects/learning-java/07-arrays/README.md	47
ok	200	official Java/Oracle documentation	https://docs.oracle.com/en/java/javase/21/docs/api/java.base/java/lang/String.html	/home/fhu_thjen/projects/learning-java/08-string/README.md	48
ok	200	official Java/Oracle documentation	https://docs.oracle.com/en/java/javase/21/docs/api/java.base/java/lang/StringBuilder.html	/home/fhu_thjen/projects/learning-java/08-string/README.md	49
ok	200	official Java/Oracle documentation	https://docs.oracle.com/javase/tutorial/java/concepts/	/home/fhu_thjen/projects/learning-java/09-oop/README.md	64
ok	200	official Java/Oracle documentation	https://docs.oracle.com/javase/tutorial/java/javaOO/index.html	/home/fhu_thjen/projects/learning-java/09-oop/README.md	65
ok	200	official Java/Oracle documentation	https://docs.oracle.com/javase/tutorial/java/IandI/subclasses.html	/home/fhu_thjen/projects/learning-java/09-oop/README.md	66
ok	200	official Java/Oracle documentation	https://docs.oracle.com/javase/tutorial/java/IandI/polymorphism.html	/home/fhu_thjen/projects/learning-java/09-oop/README.md	67
ok	200	official Java/Oracle documentation	https://docs.oracle.com/javase/tutorial/java/IandI/createinterface.html	/home/fhu_thjen/projects/learning-java/09-oop/README.md	68
ok	200	official Java/Oracle documentation	https://docs.oracle.com/javase/tutorial/java/IandI/abstract.html	/home/fhu_thjen/projects/learning-java/09-oop/README.md	69
ok	200	official Java learning site	https://dev.java/learn/oop/	/home/fhu_thjen/projects/learning-java/09-oop/README.md	70
ok	200	official Java/Oracle documentation	https://docs.oracle.com/javase/tutorial/java/javaOO/accesscontrol.html	/home/fhu_thjen/projects/learning-java/10-modifiers/README.md	68
ok	200	official Java/Oracle documentation	https://docs.oracle.com/javase/tutorial/java/javaOO/classvars.html	/home/fhu_thjen/projects/learning-java/10-modifiers/README.md	69
ok	200	official Java/Oracle documentation	https://docs.oracle.com/javase/tutorial/java/package/packages.html	/home/fhu_thjen/projects/learning-java/11-package-access-control/README.md	50
ok	200	official Java/Oracle documentation	https://docs.oracle.com/javase/tutorial/java/package/usepkgs.html	/home/fhu_thjen/projects/learning-java/11-package-access-control/README.md	51
ok	200	official Java/Oracle documentation	https://docs.oracle.com/javase/tutorial/essential/exceptions/	/home/fhu_thjen/projects/learning-java/12-exception-handling/README.md	76
ok	200	official Java/Oracle documentation	https://docs.oracle.com/en/java/javase/21/gctuning/introduction-garbage-collection-tuning.html	/home/fhu_thjen/projects/learning-java/13-memory-management/README.md	66
ok	200	official Java/Oracle documentation	https://docs.oracle.com/en/java/javase/21/docs/api/java.base/java/lang/ref/package-summary.html	/home/fhu_thjen/projects/learning-java/13-memory-management/README.md	67
ok	200	official Java/Oracle documentation	https://docs.oracle.com/en/java/javase/21/docs/api/java.base/java/lang/Object.html	/home/fhu_thjen/projects/learning-java/14-object-class/README.md	54
ok	200	official Java/Oracle documentation	https://docs.oracle.com/javase/tutorial/java/javaOO/nested.html	/home/fhu_thjen/projects/learning-java/15-inner-nested-class/README.md	53
ok	200	official Java/Oracle documentation	https://docs.oracle.com/javase/tutorial/java/javaOO/enum.html	/home/fhu_thjen/projects/learning-java/16-enum/README.md	62
ok	200	official Java/Oracle documentation	https://docs.oracle.com/en/java/javase/21/docs/api/java.base/java/lang/Enum.html	/home/fhu_thjen/projects/learning-java/16-enum/README.md	63
ok	200	official Java/Oracle documentation	https://docs.oracle.com/javase/tutorial/java/annotations/	/home/fhu_thjen/projects/learning-java/17-annotation/README.md	59
ok	200	official Java/Oracle documentation	https://docs.oracle.com/javase/tutorial/java/generics/	/home/fhu_thjen/projects/learning-java/18-generics/README.md	67
ok	200	official Java/Oracle documentation	https://docs.oracle.com/javase/tutorial/collections/	/home/fhu_thjen/projects/learning-java/19-collections-framework/README.md	110
ok	200	official Java/Oracle documentation	https://docs.oracle.com/en/java/javase/21/docs/api/java.base/java/util/package-summary.html	/home/fhu_thjen/projects/learning-java/19-collections-framework/README.md	111
ok	200	official Java/Oracle documentation	https://docs.oracle.com/en/java/javase/21/docs/api/java.base/java/lang/Comparable.html	/home/fhu_thjen/projects/learning-java/20-comparable-comparator/README.md	55
ok	200	official Java/Oracle documentation	https://docs.oracle.com/en/java/javase/21/docs/api/java.base/java/util/Comparator.html	/home/fhu_thjen/projects/learning-java/20-comparable-comparator/README.md	56
ok	200	official Java/Oracle documentation	https://docs.oracle.com/javase/tutorial/java/javaOO/lambdaexpressions.html	/home/fhu_thjen/projects/learning-java/21-lambda-expression/README.md	55
ok	200	official Java/Oracle documentation	https://docs.oracle.com/en/java/javase/21/docs/api/java.base/java/util/function/package-summary.html	/home/fhu_thjen/projects/learning-java/22-functional-interface/README.md	55
ok	200	official Java/Oracle documentation	https://docs.oracle.com/en/java/javase/21/docs/api/java.base/java/lang/FunctionalInterface.html	/home/fhu_thjen/projects/learning-java/22-functional-interface/README.md	56
ok	200	official Java/Oracle documentation	https://docs.oracle.com/en/java/javase/21/docs/api/java.base/java/util/stream/package-summary.html	/home/fhu_thjen/projects/learning-java/23-stream-api/README.md	98
ok	200	official Java/Oracle documentation	https://docs.oracle.com/javase/tutorial/collections/streams/	/home/fhu_thjen/projects/learning-java/23-stream-api/README.md	99
ok	200	official Java/Oracle documentation	https://docs.oracle.com/en/java/javase/21/docs/api/java.base/java/util/Optional.html	/home/fhu_thjen/projects/learning-java/24-optional/README.md	59
ok	200	official Java/Oracle documentation	https://docs.oracle.com/javase/tutorial/datetime/	/home/fhu_thjen/projects/learning-java/25-date-time-api/README.md	60
ok	200	official Java/Oracle documentation	https://docs.oracle.com/en/java/javase/21/docs/api/java.base/java/time/package-summary.html	/home/fhu_thjen/projects/learning-java/25-date-time-api/README.md	61
ok	200	official Java/Oracle documentation	https://docs.oracle.com/javase/tutorial/essential/io/	/home/fhu_thjen/projects/learning-java/26-io/README.md	72
ok	200	official Java/Oracle documentation	https://docs.oracle.com/en/java/javase/21/docs/api/java.base/java/io/package-summary.html	/home/fhu_thjen/projects/learning-java/26-io/README.md	73
ok	200	official Java/Oracle documentation	https://docs.oracle.com/en/java/javase/21/docs/api/java.base/java/nio/package-summary.html	/home/fhu_thjen/projects/learning-java/27-nio/README.md	55
ok	200	official Java/Oracle documentation	https://docs.oracle.com/en/java/javase/21/docs/api/java.base/java/nio/file/package-summary.html	/home/fhu_thjen/projects/learning-java/27-nio/README.md	56
ok	200	official Java/Oracle documentation	https://docs.oracle.com/javase/tutorial/essential/concurrency/	/home/fhu_thjen/projects/learning-java/28-multithreading/README.md	76
ok	200	official Java/Oracle documentation	https://docs.oracle.com/javase/tutorial/essential/concurrency/sync.html	/home/fhu_thjen/projects/learning-java/29-synchronization-concurrency/README.md	95
ok	200	official Java/Oracle documentation	https://docs.oracle.com/en/java/javase/21/docs/api/java.base/java/util/concurrent/package-summary.html	/home/fhu_thjen/projects/learning-java/29-synchronization-concurrency/README.md	96
ok	200	official Java/Oracle documentation	https://docs.oracle.com/javase/tutorial/essential/regex/	/home/fhu_thjen/projects/learning-java/30-regex/README.md	62
ok	200	official Java/Oracle documentation	https://docs.oracle.com/en/java/javase/21/docs/api/java.base/java/util/regex/Pattern.html	/home/fhu_thjen/projects/learning-java/30-regex/README.md	63
ok	200	official Java/Oracle documentation	https://docs.oracle.com/javase/tutorial/reflect/	/home/fhu_thjen/projects/learning-java/31-reflection/README.md	53
ok	200	official Java/Oracle documentation	https://docs.oracle.com/en/java/javase/21/docs/api/java.base/java/lang/reflect/package-summary.html	/home/fhu_thjen/projects/learning-java/31-reflection/README.md	54
ok	200	official Java/Oracle documentation	https://docs.oracle.com/en/java/javase/21/docs/api/java.base/java/lang/ClassLoader.html	/home/fhu_thjen/projects/learning-java/32-classloader/README.md	68
ok	200	official Java learning site	https://dev.java/learn/modules/	/home/fhu_thjen/projects/learning-java/33-module-system/README.md	51
ok	200	official Java/Oracle documentation	https://docs.oracle.com/javase/specs/jls/se21/html/jls-7.html#jls-7.7	/home/fhu_thjen/projects/learning-java/33-module-system/README.md	52
ok	200	official Java/Oracle documentation	https://docs.oracle.com/javase/tutorial/jdbc/	/home/fhu_thjen/projects/learning-java/34-jdbc/README.md	58
ok	200	official Java/Oracle documentation	https://docs.oracle.com/en/java/javase/21/docs/api/java.sql/java/sql/package-summary.html	/home/fhu_thjen/projects/learning-java/34-jdbc/README.md	59
ok	200	official Java/Oracle documentation	https://docs.oracle.com/javase/tutorial/networking/	/home/fhu_thjen/projects/learning-java/35-networking/README.md	60
ok	200	official Java/Oracle documentation	https://docs.oracle.com/en/java/javase/21/docs/api/java.base/java/net/package-summary.html	/home/fhu_thjen/projects/learning-java/35-networking/README.md	61
ok	200	official Java/Oracle documentation	https://docs.oracle.com/javase/tutorial/security/	/home/fhu_thjen/projects/learning-java/36-security-basic/README.md	57
ok	200	official Java/Oracle documentation	https://docs.oracle.com/en/java/javase/21/security/	/home/fhu_thjen/projects/learning-java/36-security-basic/README.md	58
ok	200	official Java/Oracle documentation	https://docs.oracle.com/javase/specs/jvms/se21/html/	/home/fhu_thjen/projects/learning-java/37-jvm-advanced/README.md	86
ok	200	official Java/Oracle documentation	https://docs.oracle.com/en/java/javase/21/gctuning/	/home/fhu_thjen/projects/learning-java/37-jvm-advanced/README.md	87
ok	200	official Java/Oracle documentation	https://docs.oracle.com/en/java/javase/21/docs/specs/man/javac.html	/home/fhu_thjen/projects/learning-java/38-build-compile-run/README.md	56
ok	200	official Java/Oracle documentation	https://docs.oracle.com/en/java/javase/21/docs/specs/man/java.html	/home/fhu_thjen/projects/learning-java/38-build-compile-run/README.md	57
ok	200	official Java/Oracle documentation	https://docs.oracle.com/en/java/javase/21/docs/api/java.base/java/util/package-summary.html	/home/fhu_thjen/projects/learning-java/39-utility-apis/README.md	60
ok	200	official Java learning site	https://dev.java/learn/	/home/fhu_thjen/projects/learning-java/40-modern-java-concepts/README.md	59
ok	200	official OpenJDK project site	https://openjdk.org/jeps/0	/home/fhu_thjen/projects/learning-java/40-modern-java-concepts/README.md	60
ok	200	official Java learning site	https://dev.java/learn/	/home/fhu_thjen/projects/learning-java/41-best-practices/README.md	65
ok	200	official Java/Oracle documentation	https://docs.oracle.com/javase/tutorial/	/home/fhu_thjen/projects/learning-java/41-best-practices/README.md	66
ok	200	official Java/Oracle documentation	https://docs.oracle.com/javase/tutorial/java/concepts/	/home/fhu_thjen/projects/learning-java/42-design-principles/README.md	55
ok	200	official Java/Oracle documentation	https://docs.oracle.com/javase/tutorial/java/concepts/	/home/fhu_thjen/projects/learning-java/42-design-principles/README.md	56
ok	200	reputable design-pattern reference, not a Java language authority	https://refactoring.guru/design-patterns	/home/fhu_thjen/projects/learning-java/43-design-patterns/README.md	67
ok	200	official Java/Oracle documentation	https://docs.oracle.com/javase/tutorial/java/concepts/	/home/fhu_thjen/projects/learning-java/43-design-patterns/README.md	68
ok	200	official JUnit site	https://junit.org/junit5/docs/current/user-guide/	/home/fhu_thjen/projects/learning-java/44-unit-testing/README.md	60
ok	200	official Java/Oracle documentation	https://docs.oracle.com/javase/tutorial/	/home/fhu_thjen/projects/learning-java/45-interview-questions/README.md	79
ok	200	official Java learning site	https://dev.java/learn/	/home/fhu_thjen/projects/learning-java/45-interview-questions/README.md	80
ok	200	official Java/Oracle documentation	https://docs.oracle.com/javase/tutorial/getStarted/cupojava/index.html	/home/fhu_thjen/projects/learning-java/00-setup/theory/01-setup-basics.md	190
ok	200	official Java/Oracle documentation	https://docs.oracle.com/javase/specs/jls/se21/html/jls-8.html#jls-8.1	/home/fhu_thjen/projects/learning-java/00-setup/theory/01-setup-basics.md	191
ok	200	official Java/Oracle documentation	https://docs.oracle.com/javase/specs/jvms/se21/html/jvms-2.html#jvms-2.5	/home/fhu_thjen/projects/learning-java/00-setup/theory/01-setup-basics.md	192
ok	200	official Java/Oracle documentation	https://docs.oracle.com/javase/specs/jvms/se21/html/jvms-1.html#jvms-1.2	/home/fhu_thjen/projects/learning-java/01-overview/theory/01-what-is-java.md	162
ok	200	official Java/Oracle documentation	https://docs.oracle.com/en/java/javase/21/docs/specs/man/javac.html	/home/fhu_thjen/projects/learning-java/01-overview/theory/02-jvm-jre-jdk.md	151
ok	200	official Java/Oracle documentation	https://docs.oracle.com/en/java/javase/21/docs/specs/man/java.html	/home/fhu_thjen/projects/learning-java/01-overview/theory/02-jvm-jre-jdk.md	152
ok	200	official Java/Oracle documentation	https://docs.oracle.com/javase/specs/jvms/se21/html/jvms-2.html#jvms-2.5	/home/fhu_thjen/projects/learning-java/01-overview/theory/03-compile-runtime-flow.md	263
ok	200	official Java/Oracle documentation	https://docs.oracle.com/en/java/javase/21/gctuning/garbage-collector-implementation.html	/home/fhu_thjen/projects/learning-java/01-overview/theory/03-compile-runtime-flow.md	264
ok	200	official Java/Oracle documentation	https://docs.oracle.com/javase/specs/jvms/se21/html/jvms-4.html	/home/fhu_thjen/projects/learning-java/01-overview/theory/03-compile-runtime-flow.md	265
ok	200	needs manual trust review	https://www.oracle.com/java/technologies/java-se-support-roadmap.html	/home/fhu_thjen/projects/learning-java/01-overview/theory/04-editions-and-versions.md	140
ok	200	official OpenJDK project site	https://openjdk.org/jeps/444	/home/fhu_thjen/projects/learning-java/01-overview/theory/04-editions-and-versions.md	141
ok	200	official OpenJDK project site	https://openjdk.org/jeps/395	/home/fhu_thjen/projects/learning-java/01-overview/theory/04-editions-and-versions.md	142
ok	200	official Java/Oracle documentation	https://docs.oracle.com/javase/specs/jls/se21/html/jls-3.html#jls-3.8	/home/fhu_thjen/projects/learning-java/02-basic-syntax/theory/01-program-anatomy.md	263
ok	200	official Java/Oracle documentation	https://docs.oracle.com/javase/specs/jls/se21/html/jls-8.html#jls-8.1	/home/fhu_thjen/projects/learning-java/02-basic-syntax/theory/01-program-anatomy.md	264
ok	200	official Java/Oracle documentation	https://docs.oracle.com/javase/specs/jls/se21/html/jls-12.html#jls-12.1.4	/home/fhu_thjen/projects/learning-java/02-basic-syntax/theory/02-main-method.md	236
ok	200	official Java/Oracle documentation	https://docs.oracle.com/javase/tutorial/getStarted/application/	/home/fhu_thjen/projects/learning-java/02-basic-syntax/theory/02-main-method.md	237
ok	200	official Java/Oracle documentation	https://docs.oracle.com/javase/specs/jls/se21/html/jls-3.html#jls-3.7	/home/fhu_thjen/projects/learning-java/02-basic-syntax/theory/03-comments-packages-imports.md	257
ok	200	official Java/Oracle documentation	https://docs.oracle.com/javase/specs/jls/se21/html/jls-7.html#jls-7.3	/home/fhu_thjen/projects/learning-java/02-basic-syntax/theory/03-comments-packages-imports.md	258
ok	200	official Java/Oracle documentation	https://docs.oracle.com/javase/specs/jls/se21/html/jls-7.html#jls-7.5	/home/fhu_thjen/projects/learning-java/02-basic-syntax/theory/03-comments-packages-imports.md	259
ok	200	official Java/Oracle documentation	https://docs.oracle.com/javase/specs/jls/se21/html/jls-6.html#jls-6.3	/home/fhu_thjen/projects/learning-java/02-basic-syntax/theory/04-naming-keywords-blocks-scope.md	239
ok	200	official Java/Oracle documentation	https://docs.oracle.com/javase/specs/jls/se21/html/jls-14.html#jls-14.2	/home/fhu_thjen/projects/learning-java/02-basic-syntax/theory/04-naming-keywords-blocks-scope.md	240
ok	200	official Java/Oracle documentation	https://docs.oracle.com/javase/specs/jls/se21/html/jls-4.html#jls-4.12.3	/home/fhu_thjen/projects/learning-java/04-variables-constants/theory/01-variable-categories.md	229
ok	200	official Java/Oracle documentation	https://docs.oracle.com/javase/tutorial/java/nutsandbolts/variables.html	/home/fhu_thjen/projects/learning-java/04-variables-constants/theory/01-variable-categories.md	230
ok	example domain	needs manual trust review	https://api.example.com	/home/fhu_thjen/projects/learning-java/04-variables-constants/theory/02-final-and-constants.md	80
ok	example domain	needs manual trust review	https://api.example.com	/home/fhu_thjen/projects/learning-java/04-variables-constants/theory/02-final-and-constants.md	83
ok	200	official Java/Oracle documentation	https://docs.oracle.com/javase/specs/jls/se21/html/jls-4.html#jls-4.12.4	/home/fhu_thjen/projects/learning-java/04-variables-constants/theory/02-final-and-constants.md	226
ok	200	official Java/Oracle documentation	https://docs.oracle.com/javase/tutorial/java/nutsandbolts/variables.html	/home/fhu_thjen/projects/learning-java/04-variables-constants/theory/02-final-and-constants.md	227
ok	200	official Java/Oracle documentation	https://docs.oracle.com/javase/specs/jls/se21/html/jls-4.html#jls-4.12.5	/home/fhu_thjen/projects/learning-java/04-variables-constants/theory/03-default-scope-lifetime.md	248
ok	200	official Java/Oracle documentation	https://docs.oracle.com/javase/specs/jls/se21/html/jls-16.html	/home/fhu_thjen/projects/learning-java/04-variables-constants/theory/03-default-scope-lifetime.md	249
ok	200	official Java/Oracle documentation	https://docs.oracle.com/javase/tutorial/java/nutsandbolts/variables.html	/home/fhu_thjen/projects/learning-java/04-variables-constants/theory/03-default-scope-lifetime.md	250
ok	200	official Java/Oracle documentation	https://docs.oracle.com/javase/specs/jls/se21/html/jls-14.html#jls-14.4	/home/fhu_thjen/projects/learning-java/04-variables-constants/theory/04-var-type-inference.md	164
ok	200	official OpenJDK project site	https://openjdk.org/projects/amber/LVTIstyle.html	/home/fhu_thjen/projects/learning-java/04-variables-constants/theory/04-var-type-inference.md	165
ok	200	official Java/Oracle documentation	https://docs.oracle.com/javase/specs/jls/se21/html/jls-14.html#jls-14.9.2	/home/fhu_thjen/projects/learning-java/06-control-flow/theory/01-if-else-switch.md	282
ok	200	official Java/Oracle documentation	https://docs.oracle.com/javase/tutorial/java/nutsandbolts/flow.html	/home/fhu_thjen/projects/learning-java/06-control-flow/theory/01-if-else-switch.md	283
ok	200	official Java/Oracle documentation	https://docs.oracle.com/javase/specs/jls/se21/html/jls-14.html#jls-14.12	/home/fhu_thjen/projects/learning-java/06-control-flow/theory/02-loops.md	360
ok	200	official Java/Oracle documentation	https://docs.oracle.com/javase/specs/jls/se21/html/jls-14.html#jls-14.13	/home/fhu_thjen/projects/learning-java/06-control-flow/theory/02-loops.md	361
ok	200	official Java/Oracle documentation	https://docs.oracle.com/javase/specs/jls/se21/html/jls-14.html#jls-14.14.2	/home/fhu_thjen/projects/learning-java/06-control-flow/theory/02-loops.md	362
ok	200	official Java/Oracle documentation	https://docs.oracle.com/javase/tutorial/java/nutsandbolts/flow.html	/home/fhu_thjen/projects/learning-java/06-control-flow/theory/02-loops.md	363
ok	200	official Java/Oracle documentation	https://docs.oracle.com/javase/specs/jls/se21/html/jls-14.html#jls-14.7	/home/fhu_thjen/projects/learning-java/06-control-flow/theory/03-break-continue-return.md	353
ok	200	official Java/Oracle documentation	https://docs.oracle.com/javase/specs/jls/se21/html/jls-14.html#jls-14.15	/home/fhu_thjen/projects/learning-java/06-control-flow/theory/03-break-continue-return.md	354
ok	200	official Java/Oracle documentation	https://docs.oracle.com/javase/specs/jls/se21/html/jls-14.html#jls-14.16	/home/fhu_thjen/projects/learning-java/06-control-flow/theory/03-break-continue-return.md	355
ok	200	official Java/Oracle documentation	https://docs.oracle.com/javase/specs/jls/se21/html/jls-14.html#jls-14.21	/home/fhu_thjen/projects/learning-java/06-control-flow/theory/03-break-continue-return.md	356
ok	200	official Java/Oracle documentation	https://docs.oracle.com/javase/tutorial/java/nutsandbolts/branch.html	/home/fhu_thjen/projects/learning-java/06-control-flow/theory/03-break-continue-return.md	357
ok	200	official Java/Oracle documentation	https://docs.oracle.com/javase/specs/jls/se21/html/jls-14.html#jls-14.11	/home/fhu_thjen/projects/learning-java/06-control-flow/theory/04-switch-expression-labeled-control.md	301
ok	200	official Java/Oracle documentation	https://docs.oracle.com/javase/specs/jls/se21/html/jls-15.html#jls-15.28	/home/fhu_thjen/projects/learning-java/06-control-flow/theory/04-switch-expression-labeled-control.md	302
ok	200	official Java/Oracle documentation	https://docs.oracle.com/en/java/javase/21/language/switch-expressions.html	/home/fhu_thjen/projects/learning-java/06-control-flow/theory/04-switch-expression-labeled-control.md	303
ok	200	official Java/Oracle documentation	https://docs.oracle.com/javase/specs/jls/se21/html/jls-10.html	/home/fhu_thjen/projects/learning-java/07-arrays/theory/01-array-basics.md	519
ok	200	official Java/Oracle documentation	https://docs.oracle.com/javase/tutorial/java/nutsandbolts/arrays.html	/home/fhu_thjen/projects/learning-java/07-arrays/theory/01-array-basics.md	520
ok	200	official Java/Oracle documentation	https://docs.oracle.com/javase/specs/jls/se21/html/jls-10.html	/home/fhu_thjen/projects/learning-java/07-arrays/theory/02-array-operations.md	350
ok	200	official Java/Oracle documentation	https://docs.oracle.com/javase/8/docs/api/java/lang/System.html#arraycopy-java.lang.Object-int-java.lang.Object-int-int-	/home/fhu_thjen/projects/learning-java/07-arrays/theory/02-array-operations.md	351
ok	200	official Java/Oracle documentation	https://docs.oracle.com/javase/8/docs/api/java/util/Arrays.html	/home/fhu_thjen/projects/learning-java/07-arrays/theory/02-array-operations.md	352
ok	200	official Java/Oracle documentation	https://docs.oracle.com/javase/specs/jls/se21/html/jls-3.html#jls-3.10.5	/home/fhu_thjen/projects/learning-java/08-string/theory/01-string-basics.md	290
ok	200	official Java/Oracle documentation	https://docs.oracle.com/en/java/javase/21/docs/api/java.base/java/lang/String.html#intern(	/home/fhu_thjen/projects/learning-java/08-string/theory/01-string-basics.md	291
ok	200	official Java/Oracle documentation	https://docs.oracle.com/en/java/javase/21/docs/api/java.base/java/lang/String.html	/home/fhu_thjen/projects/learning-java/08-string/theory/01-string-basics.md	292
ok	200	official Java/Oracle documentation	https://docs.oracle.com/en/java/javase/21/docs/api/java.base/java/lang/String.html#trim(	/home/fhu_thjen/projects/learning-java/08-string/theory/02-string-methods.md	251
ok	200	official Java/Oracle documentation	https://docs.oracle.com/en/java/javase/21/docs/api/java.base/java/lang/String.html#strip(	/home/fhu_thjen/projects/learning-java/08-string/theory/02-string-methods.md	252
ok	200	official Java/Oracle documentation	https://docs.oracle.com/en/java/javase/21/docs/api/java.base/java/lang/Character.html#isWhitespace(int	/home/fhu_thjen/projects/learning-java/08-string/theory/02-string-methods.md	253
ok	200	official Java/Oracle documentation	https://docs.oracle.com/en/java/javase/21/docs/api/java.base/java/lang/StringBuilder.html	/home/fhu_thjen/projects/learning-java/08-string/theory/03-stringbuilder-stringbuffer.md	261
ok	200	official Java/Oracle documentation	https://docs.oracle.com/en/java/javase/21/docs/api/java.base/java/lang/StringBuffer.html	/home/fhu_thjen/projects/learning-java/08-string/theory/03-stringbuilder-stringbuffer.md	262
ok	200	official Java/Oracle documentation	https://docs.oracle.com/javase/specs/jls/se21/html/jls-17.html	/home/fhu_thjen/projects/learning-java/08-string/theory/03-stringbuilder-stringbuffer.md	263
ok	200	official Java/Oracle documentation	https://docs.oracle.com/javase/tutorial/java/concepts/	/home/fhu_thjen/projects/learning-java/09-oop/theory/01-classes-objects.md	225
ok	200	official Java/Oracle documentation	https://docs.oracle.com/javase/tutorial/java/javaOO/index.html	/home/fhu_thjen/projects/learning-java/09-oop/theory/01-classes-objects.md	226
ok	200	official Java/Oracle documentation	https://docs.oracle.com/javase/tutorial/java/javaOO/constructors.html	/home/fhu_thjen/projects/learning-java/09-oop/theory/01-classes-objects.md	227
ok	200	official Java/Oracle documentation	https://docs.oracle.com/javase/tutorial/java/javaOO/thiskey.html	/home/fhu_thjen/projects/learning-java/09-oop/theory/01-classes-objects.md	228
ok	200	official Java/Oracle documentation	https://docs.oracle.com/javase/tutorial/java/javaOO/objectcreation.html	/home/fhu_thjen/projects/learning-java/09-oop/theory/01-classes-objects.md	229
ok	200	official Java/Oracle documentation	https://docs.oracle.com/javase/tutorial/java/javaOO/arguments.html	/home/fhu_thjen/projects/learning-java/09-oop/theory/01-classes-objects.md	230
ok	200	official Java learning site	https://dev.java/learn/oop/	/home/fhu_thjen/projects/learning-java/09-oop/theory/01-classes-objects.md	231
ok	200	official Java/Oracle documentation	https://docs.oracle.com/javase/tutorial/java/concepts/	/home/fhu_thjen/projects/learning-java/09-oop/theory/02-encapsulation.md	185
ok	200	official Java/Oracle documentation	https://docs.oracle.com/javase/tutorial/java/javaOO/index.html	/home/fhu_thjen/projects/learning-java/09-oop/theory/02-encapsulation.md	186
ok	200	official Java learning site	https://dev.java/learn/oop/	/home/fhu_thjen/projects/learning-java/09-oop/theory/02-encapsulation.md	187
ok	200	official Java/Oracle documentation	https://docs.oracle.com/javase/tutorial/java/IandI/subclasses.html	/home/fhu_thjen/projects/learning-java/09-oop/theory/03-inheritance.md	271
ok	200	official Java/Oracle documentation	https://docs.oracle.com/javase/tutorial/java/IandI/override.html	/home/fhu_thjen/projects/learning-java/09-oop/theory/03-inheritance.md	272
ok	200	official Java/Oracle documentation	https://docs.oracle.com/javase/tutorial/java/IandI/index.html	/home/fhu_thjen/projects/learning-java/09-oop/theory/03-inheritance.md	273
ok	200	official Java learning site	https://dev.java/learn/inheritance/	/home/fhu_thjen/projects/learning-java/09-oop/theory/03-inheritance.md	274
ok	200	official Java/Oracle documentation	https://docs.oracle.com/javase/tutorial/java/IandI/polymorphism.html	/home/fhu_thjen/projects/learning-java/09-oop/theory/04-polymorphism.md	237
ok	200	official Java/Oracle documentation	https://docs.oracle.com/javase/tutorial/java/IandI/override.html	/home/fhu_thjen/projects/learning-java/09-oop/theory/04-polymorphism.md	238
ok	200	official Java/Oracle documentation	https://docs.oracle.com/javase/tutorial/java/javaOO/methods.html	/home/fhu_thjen/projects/learning-java/09-oop/theory/04-polymorphism.md	239
ok	200	official Java/Oracle documentation	https://docs.oracle.com/javase/tutorial/java/IandI/createinterface.html	/home/fhu_thjen/projects/learning-java/09-oop/theory/05-abstraction.md	252
ok	200	official Java/Oracle documentation	https://docs.oracle.com/javase/tutorial/java/IandI/interfaceDef.html	/home/fhu_thjen/projects/learning-java/09-oop/theory/05-abstraction.md	253
ok	200	official Java/Oracle documentation	https://docs.oracle.com/javase/tutorial/java/IandI/abstract.html	/home/fhu_thjen/projects/learning-java/09-oop/theory/05-abstraction.md	254
ok	200	official Java/Oracle documentation	https://docs.oracle.com/javase/tutorial/java/IandI/defaultmethods.html	/home/fhu_thjen/projects/learning-java/09-oop/theory/05-abstraction.md	255
ok	200	official Java learning site	https://dev.java/learn/oop/	/home/fhu_thjen/projects/learning-java/09-oop/theory/05-abstraction.md	256
ok	200	official Java/Oracle documentation	https://docs.oracle.com/javase/specs/jls/se21/html/jls-7.html	/home/fhu_thjen/projects/learning-java/11-package-access-control/theory/01-what-is-a-package-concepts.md	577
ok	200	official Java/Oracle documentation	https://docs.oracle.com/javase/specs/jls/se21/html/jls-6.html#jls-6.6	/home/fhu_thjen/projects/learning-java/11-package-access-control/theory/01-what-is-a-package-concepts.md	578
ok	200	official Java/Oracle documentation	https://docs.oracle.com/javase/specs/jls/se21/html/jls-7.html#jls-7.5	/home/fhu_thjen/projects/learning-java/11-package-access-control/theory/01-what-is-a-package-concepts.md	579
ok	200	official Java/Oracle documentation	https://docs.oracle.com/javase/tutorial/java/package/packages.html	/home/fhu_thjen/projects/learning-java/11-package-access-control/theory/01-what-is-a-package-concepts.md	580
ok	200	official Java/Oracle documentation	https://docs.oracle.com/javase/tutorial/java/package/usepkgs.html	/home/fhu_thjen/projects/learning-java/11-package-access-control/theory/01-what-is-a-package-concepts.md	581
ok	200	official Java/Oracle documentation	https://docs.oracle.com/javase/tutorial/essential/exceptions/	/home/fhu_thjen/projects/learning-java/12-exception-handling/theory/02-finally-concepts.md	621
ok	200	official Java/Oracle documentation	https://docs.oracle.com/en/java/javase/21/docs/api/java.base/java/lang/Exception.html	/home/fhu_thjen/projects/learning-java/12-exception-handling/theory/02-finally-concepts.md	622
ok	200	official Java/Oracle documentation	https://docs.oracle.com/en/java/javase/21/docs/api/java.base/java/lang/AutoCloseable.html	/home/fhu_thjen/projects/learning-java/12-exception-handling/theory/02-finally-concepts.md	623
ok	200	official Java/Oracle documentation	https://docs.oracle.com/javase/specs/jls/se21/html/jls-4.html#jls-4.12.2	/home/fhu_thjen/projects/learning-java/13-memory-management/theory/01-stack-concepts.md	282
ok	200	official Java/Oracle documentation	https://docs.oracle.com/javase/specs/jls/se21/html/jls-8.html#jls-8.4.1	/home/fhu_thjen/projects/learning-java/13-memory-management/theory/01-stack-concepts.md	283
ok	200	official Java/Oracle documentation	https://docs.oracle.com/en/java/javase/21/docs/api/java.base/java/lang/ref/package-summary.html	/home/fhu_thjen/projects/learning-java/13-memory-management/theory/02-weak-reference-concepts.md	348
ok	200	official Java/Oracle documentation	https://docs.oracle.com/en/java/javase/21/gctuning/introduction-garbage-collection-tuning.html	/home/fhu_thjen/projects/learning-java/13-memory-management/theory/02-weak-reference-concepts.md	349
ok	200	official Java/Oracle documentation	https://docs.oracle.com/javase/specs/jvms/se21/html/jvms-2.html#jvms-2.5	/home/fhu_thjen/projects/learning-java/13-memory-management/theory/03-outofmemoryerror-concepts.md	135
ok	200	official Java/Oracle documentation	https://docs.oracle.com/javase/specs/jls/se21/html/jls-11.html#jls-11.1.1	/home/fhu_thjen/projects/learning-java/13-memory-management/theory/03-outofmemoryerror-concepts.md	136
ok	200	official Java/Oracle documentation	https://docs.oracle.com/en/java/javase/21/docs/api/java.base/java/lang/Object.html#equals(java.lang.Object	/home/fhu_thjen/projects/learning-java/14-object-class/theory/01-tostring-concepts.md	344
ok	200	official Java/Oracle documentation	https://docs.oracle.com/en/java/javase/21/docs/api/java.base/java/lang/Object.html#toString(	/home/fhu_thjen/projects/learning-java/14-object-class/theory/01-tostring-concepts.md	345
ok	200	official Java/Oracle documentation	https://docs.oracle.com/javase/specs/jls/se21/html/jls-15.html#jls-15.18.1	/home/fhu_thjen/projects/learning-java/14-object-class/theory/01-tostring-concepts.md	346
ok	200	official Java/Oracle documentation	https://docs.oracle.com/en/java/javase/21/docs/api/java.base/java/lang/Object.html#equals(java.lang.Object	/home/fhu_thjen/projects/learning-java/14-object-class/theory/02-contract-of-equals-concepts.md	339
ok	200	official Java/Oracle documentation	https://docs.oracle.com/en/java/javase/21/docs/api/java.base/java/lang/Object.html#hashCode(	/home/fhu_thjen/projects/learning-java/14-object-class/theory/02-contract-of-equals-concepts.md	340
ok	200	official Java/Oracle documentation	https://docs.oracle.com/en/java/javase/21/docs/api/java.base/java/lang/System.html#identityHashCode(java.lang.Object	/home/fhu_thjen/projects/learning-java/14-object-class/theory/02-contract-of-equals-concepts.md	341
ok	200	official Java/Oracle documentation	https://docs.oracle.com/javase/tutorial/java/javaOO/nested.html	/home/fhu_thjen/projects/learning-java/15-inner-nested-class/theory/01-nested-class-concepts.md	577
ok	200	official Java/Oracle documentation	https://docs.oracle.com/javase/tutorial/java/javaOO/innerclasses.html	/home/fhu_thjen/projects/learning-java/15-inner-nested-class/theory/01-nested-class-concepts.md	578
ok	200	official Java/Oracle documentation	https://docs.oracle.com/javase/tutorial/java/javaOO/localclasses.html	/home/fhu_thjen/projects/learning-java/15-inner-nested-class/theory/01-nested-class-concepts.md	579
ok	200	official Java/Oracle documentation	https://docs.oracle.com/javase/tutorial/java/javaOO/anonymousclasses.html	/home/fhu_thjen/projects/learning-java/15-inner-nested-class/theory/01-nested-class-concepts.md	580
ok	200	official Java/Oracle documentation	https://docs.oracle.com/javase/specs/jls/se21/html/jls-8.html#jls-8.1.3	/home/fhu_thjen/projects/learning-java/15-inner-nested-class/theory/01-nested-class-concepts.md	581
ok	200	official Java/Oracle documentation	https://docs.oracle.com/javase/specs/jls/se21/html/jls-15.html#jls-15.9.5.1	/home/fhu_thjen/projects/learning-java/15-inner-nested-class/theory/01-nested-class-concepts.md	582
ok	200	official Java/Oracle documentation	https://docs.oracle.com/javase/specs/jvms/se21/html/jvms-4.html#jvms-4.7.6	/home/fhu_thjen/projects/learning-java/15-inner-nested-class/theory/01-nested-class-concepts.md	583
ok	200	official Java/Oracle documentation	https://docs.oracle.com/javase/specs/jvms/se21/html/jvms-6.html#jvms-6.5.invokedynamic	/home/fhu_thjen/projects/learning-java/15-inner-nested-class/theory/01-nested-class-concepts.md	584
ok	200	official Java/Oracle documentation	https://docs.oracle.com/javase/tutorial/java/javaOO/enum.html	/home/fhu_thjen/projects/learning-java/16-enum/theory/01-what-is-an-enum-concepts.md	470
ok	200	official Java/Oracle documentation	https://docs.oracle.com/en/java/javase/17/docs/api/java.base/java/lang/Enum.html	/home/fhu_thjen/projects/learning-java/16-enum/theory/01-what-is-an-enum-concepts.md	471
ok	200	official Java/Oracle documentation	https://docs.oracle.com/javase/tutorial/java/javaOO/enum.html	/home/fhu_thjen/projects/learning-java/16-enum/theory/02-enum-implements-interface-concepts.md	164
ok	200	official Java/Oracle documentation	https://docs.oracle.com/en/java/javase/17/docs/api/java.base/java/lang/Enum.html	/home/fhu_thjen/projects/learning-java/16-enum/theory/02-enum-implements-interface-concepts.md	165
ok	200	official Java/Oracle documentation	https://docs.oracle.com/javase/tutorial/java/annotations/	/home/fhu_thjen/projects/learning-java/17-annotation/theory/01-what-is-an-annotation-concepts.md	511
ok	200	official Java/Oracle documentation	https://docs.oracle.com/javase/specs/jls/se21/html/jls-9.html#jls-9.6	/home/fhu_thjen/projects/learning-java/17-annotation/theory/01-what-is-an-annotation-concepts.md	512
ok	200	official Java/Oracle documentation	https://docs.oracle.com/javase/specs/jls/se21/html/jls-9.html#jls-9.6.4.2	/home/fhu_thjen/projects/learning-java/17-annotation/theory/01-what-is-an-annotation-concepts.md	513
ok	200	official Java/Oracle documentation	https://docs.oracle.com/javase/specs/jls/se21/html/jls-9.html#jls-9.6.4.1	/home/fhu_thjen/projects/learning-java/17-annotation/theory/01-what-is-an-annotation-concepts.md	514
ok	200	official Java/Oracle documentation	https://docs.oracle.com/javase/8/docs/api/java/lang/reflect/Proxy.html	/home/fhu_thjen/projects/learning-java/17-annotation/theory/02-documented-concepts.md	469
ok	200	source repository or project documentation	https://github.com/openjdk/jdk/blob/master/src/java.base/share/classes/sun/reflect/annotation/AnnotationInvocationHandler.java	/home/fhu_thjen/projects/learning-java/17-annotation/theory/02-documented-concepts.md	470
ok	200	official Java/Oracle documentation	https://docs.oracle.com/javase/specs/jls/se21/html/jls-9.html#jls-9.7	/home/fhu_thjen/projects/learning-java/17-annotation/theory/02-documented-concepts.md	471
ok	200	official Java/Oracle documentation	https://docs.oracle.com/javase/tutorial/java/generics/types.html	/home/fhu_thjen/projects/learning-java/18-generics/theory/01-generic-class-concepts.md	173
ok	200	official Java/Oracle documentation	https://docs.oracle.com/javase/tutorial/java/generics/methods.html	/home/fhu_thjen/projects/learning-java/18-generics/theory/01-generic-class-concepts.md	174
ok	200	official Java/Oracle documentation	https://docs.oracle.com/javase/tutorial/java/generics/bounded.html	/home/fhu_thjen/projects/learning-java/18-generics/theory/01-generic-class-concepts.md	175
ok	200	official Java/Oracle documentation	https://docs.oracle.com/javase/tutorial/java/generics/restrictions.html	/home/fhu_thjen/projects/learning-java/18-generics/theory/01-generic-class-concepts.md	176
ok	200	official Java/Oracle documentation	https://docs.oracle.com/javase/tutorial/java/generics/wildcards.html	/home/fhu_thjen/projects/learning-java/18-generics/theory/02-topic-concepts.md	312
ok	200	official Java/Oracle documentation	https://docs.oracle.com/javase/tutorial/java/generics/upperBounded.html	/home/fhu_thjen/projects/learning-java/18-generics/theory/02-topic-concepts.md	313
ok	200	official Java/Oracle documentation	https://docs.oracle.com/javase/tutorial/java/generics/lowerBounded.html	/home/fhu_thjen/projects/learning-java/18-generics/theory/02-topic-concepts.md	314
ok	200	official Java/Oracle documentation	https://docs.oracle.com/javase/tutorial/java/generics/erasure.html	/home/fhu_thjen/projects/learning-java/18-generics/theory/02-topic-concepts.md	315
ok	200	official Java/Oracle documentation	https://docs.oracle.com/javase/tutorial/java/generics/wildcardGuidelines.html	/home/fhu_thjen/projects/learning-java/18-generics/theory/02-topic-concepts.md	316
ok	200	official Java/Oracle documentation	https://docs.oracle.com/javase/tutorial/java/generics/subtyping.html	/home/fhu_thjen/projects/learning-java/18-generics/theory/02-topic-concepts.md	317
ok	200	official Java/Oracle documentation	https://docs.oracle.com/javase/tutorial/java/generics/restrictions.html	/home/fhu_thjen/projects/learning-java/18-generics/theory/03-raw-type-concepts.md	304
ok	200	official Java/Oracle documentation	https://docs.oracle.com/javase/tutorial/java/generics/erasure.html	/home/fhu_thjen/projects/learning-java/18-generics/theory/03-raw-type-concepts.md	305
ok	200	official Java/Oracle documentation	https://docs.oracle.com/javase/tutorial/java/generics/rawTypes.html	/home/fhu_thjen/projects/learning-java/18-generics/theory/03-raw-type-concepts.md	306
ok	200	official Java/Oracle documentation	https://docs.oracle.com/javase/specs/jls/se21/html/jls-4.html#jls-4.8	/home/fhu_thjen/projects/learning-java/18-generics/theory/03-raw-type-concepts.md	307
ok	200	official Java/Oracle documentation	https://docs.oracle.com/javase/specs/jls/se21/html/jls-10.html	/home/fhu_thjen/projects/learning-java/18-generics/theory/03-raw-type-concepts.md	308
ok	200	official Java/Oracle documentation	https://docs.oracle.com/en/java/javase/21/docs/api/java.base/java/util/ArrayList.html	/home/fhu_thjen/projects/learning-java/19-collections-framework/theory/02-arraylist-concepts.md	192
ok	200	official Java/Oracle documentation	https://docs.oracle.com/en/java/javase/21/docs/api/java.base/java/util/Arrays.html#copyOf(T%5B%5D,int	/home/fhu_thjen/projects/learning-java/19-collections-framework/theory/02-arraylist-concepts.md	193
ok	200	official Java/Oracle documentation	https://docs.oracle.com/en/java/javase/21/docs/api/java.base/java/util/TreeSet.html	/home/fhu_thjen/projects/learning-java/19-collections-framework/theory/03-treeset-concepts.md	237
ok	200	official Java/Oracle documentation	https://docs.oracle.com/en/java/javase/21/docs/api/java.base/java/lang/Comparable.html	/home/fhu_thjen/projects/learning-java/19-collections-framework/theory/03-treeset-concepts.md	238
ok	200	official Java/Oracle documentation	https://docs.oracle.com/en/java/javase/21/docs/api/java.base/java/lang/Object.html#hashCode(	/home/fhu_thjen/projects/learning-java/19-collections-framework/theory/04-linkedlist-as-queue-concepts.md	292
ok	200	official Java/Oracle documentation	https://docs.oracle.com/en/java/javase/21/docs/api/java.base/java/util/HashMap.html	/home/fhu_thjen/projects/learning-java/19-collections-framework/theory/04-linkedlist-as-queue-concepts.md	293
ok	200	official Java/Oracle documentation	https://docs.oracle.com/en/java/javase/21/docs/api/java.base/java/util/concurrent/ConcurrentHashMap.html	/home/fhu_thjen/projects/learning-java/19-collections-framework/theory/05-concurrenthashmap-concepts.md	254
ok	200	official Java/Oracle documentation	https://docs.oracle.com/en/java/javase/21/docs/api/java.base/java/util/Collections.html#synchronizedMap(java.util.Map	/home/fhu_thjen/projects/learning-java/19-collections-framework/theory/05-concurrenthashmap-concepts.md	255
ok	200	official Java/Oracle documentation	https://docs.oracle.com/en/java/javase/21/docs/api/java.base/java/util/ConcurrentModificationException.html	/home/fhu_thjen/projects/learning-java/19-collections-framework/theory/06-fail-fast-iterator-concepts.md	249
ok	200	official Java/Oracle documentation	https://docs.oracle.com/en/java/javase/21/docs/api/java.base/java/util/concurrent/CopyOnWriteArrayList.html	/home/fhu_thjen/projects/learning-java/19-collections-framework/theory/06-fail-fast-iterator-concepts.md	250
ok	200	official Java/Oracle documentation	https://docs.oracle.com/en/java/javase/21/docs/api/java.base/java/util/Collections.html#unmodifiableList(java.util.List	/home/fhu_thjen/projects/learning-java/19-collections-framework/theory/07-collections-unmodifiablelist-concepts.md	238
ok	200	official Java/Oracle documentation	https://docs.oracle.com/en/java/javase/21/docs/api/java.base/java/util/List.html#copyOf(java.util.Collection	/home/fhu_thjen/projects/learning-java/19-collections-framework/theory/07-collections-unmodifiablelist-concepts.md	239
ok	200	official Java/Oracle documentation	https://docs.oracle.com/en/java/javase/21/docs/api/java.base/java/lang/Comparable.html	/home/fhu_thjen/projects/learning-java/20-comparable-comparator/theory/01-comparable-concepts.md	592
ok	200	official Java/Oracle documentation	https://docs.oracle.com/en/java/javase/21/docs/api/java.base/java/util/Comparator.html	/home/fhu_thjen/projects/learning-java/20-comparable-comparator/theory/01-comparable-concepts.md	593
ok	200	official Java/Oracle documentation	https://docs.oracle.com/en/java/javase/21/docs/api/java.base/java/util/Collections.html#sort(java.util.List	/home/fhu_thjen/projects/learning-java/20-comparable-comparator/theory/01-comparable-concepts.md	594
ok	200	official Java/Oracle documentation	https://docs.oracle.com/en/java/javase/21/docs/api/java.base/java/util/Comparator.html	/home/fhu_thjen/projects/learning-java/20-comparable-comparator/theory/02-reverse-order-concepts.md	196
ok	200	official Java/Oracle documentation	https://docs.oracle.com/en/java/javase/21/docs/api/java.base/java/util/Arrays.html#sort(int%5B%5D	/home/fhu_thjen/projects/learning-java/20-comparable-comparator/theory/02-reverse-order-concepts.md	197
ok	200	official Java/Oracle documentation	https://docs.oracle.com/en/java/javase/21/docs/api/java.base/java/util/Arrays.html#sort(java.lang.Object%5B%5D	/home/fhu_thjen/projects/learning-java/20-comparable-comparator/theory/02-reverse-order-concepts.md	198
ok	200	official Java/Oracle documentation	https://docs.oracle.com/javase/specs/jls/se21/html/jls-15.html#jls-15.27	/home/fhu_thjen/projects/learning-java/21-lambda-expression/theory/01-what-is-a-lambda-concepts.md	755
ok	200	official Java/Oracle documentation	https://docs.oracle.com/javase/8/docs/api/java/lang/invoke/LambdaMetafactory.html	/home/fhu_thjen/projects/learning-java/21-lambda-expression/theory/01-what-is-a-lambda-concepts.md	756
ok	200	official Java/Oracle documentation	https://docs.oracle.com/javase/tutorial/java/javaOO/lambdaexpressions.html	/home/fhu_thjen/projects/learning-java/21-lambda-expression/theory/01-what-is-a-lambda-concepts.md	757
ok	200	official Java/Oracle documentation	https://docs.oracle.com/en/java/javase/21/docs/api/java.base/java/util/Optional.html#orElse(T	/home/fhu_thjen/projects/learning-java/24-optional/theory/01-what-is-optional-t-concepts.md	518
ok	200	official Java/Oracle documentation	https://docs.oracle.com/en/java/javase/21/docs/api/java.base/java/util/Optional.html#orElseGet(java.util.function.Supplier	/home/fhu_thjen/projects/learning-java/24-optional/theory/01-what-is-optional-t-concepts.md	519
ok	200	official Java/Oracle documentation	https://docs.oracle.com/en/java/javase/21/docs/api/java.base/java/util/Optional.html#map(java.util.function.Function	/home/fhu_thjen/projects/learning-java/24-optional/theory/02-map-concepts.md	528
ok	200	official Java/Oracle documentation	https://docs.oracle.com/en/java/javase/21/docs/api/java.base/java/util/Optional.html#flatMap(java.util.function.Function	/home/fhu_thjen/projects/learning-java/24-optional/theory/02-map-concepts.md	529
ok	200	official Java/Oracle documentation	https://docs.oracle.com/en/java/javase/21/docs/api/java.base/java/util/Optional.html	/home/fhu_thjen/projects/learning-java/24-optional/theory/02-map-concepts.md	530
ok	200	official Java/Oracle documentation	https://docs.oracle.com/javase/tutorial/datetime/	/home/fhu_thjen/projects/learning-java/25-date-time-api/theory/01-date-concepts.md	282
ok	200	official Java/Oracle documentation	https://docs.oracle.com/en/java/javase/21/docs/api/java.base/java/time/package-summary.html	/home/fhu_thjen/projects/learning-java/25-date-time-api/theory/01-date-concepts.md	283
ok	200	official Java/Oracle documentation	https://docs.oracle.com/en/java/javase/21/docs/api/java.base/java/time/format/DateTimeFormatter.html	/home/fhu_thjen/projects/learning-java/25-date-time-api/theory/01-date-concepts.md	284
ok	200	official Java/Oracle documentation	https://docs.oracle.com/en/java/javase/21/docs/api/java.base/java/time/ZonedDateTime.html	/home/fhu_thjen/projects/learning-java/25-date-time-api/theory/01-date-concepts.md	285
ok	200	official Java/Oracle documentation	https://docs.oracle.com/en/java/javase/21/docs/api/java.base/java/time/OffsetDateTime.html	/home/fhu_thjen/projects/learning-java/25-date-time-api/theory/01-date-concepts.md	286
ok	200	official Java/Oracle documentation	https://docs.oracle.com/en/java/javase/21/docs/api/java.base/java/time/Instant.html	/home/fhu_thjen/projects/learning-java/25-date-time-api/theory/01-date-concepts.md	287
ok	200	official Java/Oracle documentation	https://docs.oracle.com/en/java/javase/21/docs/api/java.base/java/time/Period.html	/home/fhu_thjen/projects/learning-java/25-date-time-api/theory/02-period-concepts.md	308
ok	200	official Java/Oracle documentation	https://docs.oracle.com/en/java/javase/21/docs/api/java.base/java/time/Duration.html	/home/fhu_thjen/projects/learning-java/25-date-time-api/theory/02-period-concepts.md	309
ok	200	official Java/Oracle documentation	https://docs.oracle.com/en/java/javase/21/docs/api/java.base/java/time/ZoneId.html	/home/fhu_thjen/projects/learning-java/25-date-time-api/theory/02-period-concepts.md	310
ok	200	official Java/Oracle documentation	https://docs.oracle.com/en/java/javase/21/docs/api/java.base/java/time/format/DateTimeFormatter.html	/home/fhu_thjen/projects/learning-java/25-date-time-api/theory/02-period-concepts.md	311
ok	200	official Java/Oracle documentation	https://docs.oracle.com/en/java/javase/21/docs/api/java.base/java/time/ZonedDateTime.html	/home/fhu_thjen/projects/learning-java/25-date-time-api/theory/02-period-concepts.md	312
ok	200	official Java/Oracle documentation	https://docs.oracle.com/javase/tutorial/essential/io/charstreams.html	/home/fhu_thjen/projects/learning-java/26-io/theory/01-file-concepts.md	205
ok	200	official Java/Oracle documentation	https://docs.oracle.com/en/java/javase/21/docs/api/java.base/java/io/Reader.html	/home/fhu_thjen/projects/learning-java/26-io/theory/01-file-concepts.md	206
ok	200	official Java/Oracle documentation	https://docs.oracle.com/en/java/javase/21/docs/api/java.base/java/io/InputStreamReader.html	/home/fhu_thjen/projects/learning-java/26-io/theory/01-file-concepts.md	207
ok	200	official Java/Oracle documentation	https://docs.oracle.com/en/java/javase/21/docs/api/java.base/java/io/BufferedInputStream.html	/home/fhu_thjen/projects/learning-java/26-io/theory/02-bufferedinputstream-concepts.md	203
ok	200	official Java/Oracle documentation	https://docs.oracle.com/en/java/javase/21/docs/api/java.base/java/io/BufferedOutputStream.html	/home/fhu_thjen/projects/learning-java/26-io/theory/02-bufferedinputstream-concepts.md	204
ok	200	official Java/Oracle documentation	https://docs.oracle.com/en/java/javase/21/docs/api/java.base/java/io/Serializable.html	/home/fhu_thjen/projects/learning-java/26-io/theory/03-serialization-concepts.md	332
ok	200	official Java/Oracle documentation	https://docs.oracle.com/en/java/javase/21/docs/api/java.base/java/io/ObjectInputStream.html	/home/fhu_thjen/projects/learning-java/26-io/theory/03-serialization-concepts.md	333
ok	200	official Java/Oracle documentation	https://docs.oracle.com/javase/specs/jls/se21/html/jls-14.html#jls-14.21	/home/fhu_thjen/projects/learning-java/26-io/theory/03-serialization-concepts.md	334
ok	200	official Java/Oracle documentation	https://docs.oracle.com/en/java/javase/21/docs/api/java.base/java/nio/file/Path.html	/home/fhu_thjen/projects/learning-java/27-nio/theory/01-path-concepts.md	303
ok	200	official Java/Oracle documentation	https://docs.oracle.com/en/java/javase/21/docs/api/java.base/java/nio/file/Files.html	/home/fhu_thjen/projects/learning-java/27-nio/theory/01-path-concepts.md	304
ok	200	official Java/Oracle documentation	https://docs.oracle.com/en/java/javase/21/docs/api/java.base/java/nio/Buffer.html	/home/fhu_thjen/projects/learning-java/27-nio/theory/01-path-concepts.md	305
ok	200	official Java/Oracle documentation	https://docs.oracle.com/en/java/javase/21/docs/api/java.base/java/nio/channels/FileChannel.html	/home/fhu_thjen/projects/learning-java/27-nio/theory/02-filechannel-concepts.md	380
ok	200	official Java/Oracle documentation	https://docs.oracle.com/en/java/javase/21/docs/api/java.base/java/nio/channels/Selector.html	/home/fhu_thjen/projects/learning-java/27-nio/theory/02-filechannel-concepts.md	381
ok	200	official Java/Oracle documentation	https://docs.oracle.com/en/java/javase/21/docs/api/java.base/java/nio/channels/AsynchronousFileChannel.html	/home/fhu_thjen/projects/learning-java/27-nio/theory/02-filechannel-concepts.md	382
ok	200	needs manual trust review	https://google.com	/home/fhu_thjen/projects/learning-java/30-regex/theory/01-what-is-regex-concepts.md	364
ok	200	official Java/Oracle documentation	https://docs.oracle.com/en/java/javase/21/docs/api/java.base/java/util/regex/Pattern.html	/home/fhu_thjen/projects/learning-java/30-regex/theory/01-what-is-regex-concepts.md	502
ok	200	official Java/Oracle documentation	https://docs.oracle.com/javase/tutorial/essential/regex/	/home/fhu_thjen/projects/learning-java/30-regex/theory/01-what-is-regex-concepts.md	503
ok	200	official Java/Oracle documentation	https://docs.oracle.com/en/java/javase/21/docs/api/java.base/java/lang/String.html#split(java.lang.String,int	/home/fhu_thjen/projects/learning-java/30-regex/theory/02-basic-lookahead-lookbehind-concepts.md	317
ok	200	official Java/Oracle documentation	https://docs.oracle.com/javase/tutorial/essential/regex/bounds.html	/home/fhu_thjen/projects/learning-java/30-regex/theory/02-basic-lookahead-lookbehind-concepts.md	318
ok	200	official Java/Oracle documentation	https://docs.oracle.com/javase/specs/jls/se21/html/jls-15.html#jls-15.12	/home/fhu_thjen/projects/learning-java/31-reflection/theory/02-advantages-and-disadvantages-of-reflection-concepts.md	289
ok	200	official Java/Oracle documentation	https://docs.oracle.com/en/java/javase/21/docs/api/java.base/java/lang/invoke/MethodHandles.html	/home/fhu_thjen/projects/learning-java/31-reflection/theory/02-advantages-and-disadvantages-of-reflection-concepts.md	290
ok	200	official Java/Oracle documentation	https://docs.oracle.com/javase/specs/jls/se21/html/jls-12.html#jls-12.2	/home/fhu_thjen/projects/learning-java/31-reflection/theory/02-advantages-and-disadvantages-of-reflection-concepts.md	291
ok	200	official Java/Oracle documentation	https://docs.oracle.com/en/java/javase/21/docs/api/java.base/java/lang/reflect/AnnotatedElement.html	/home/fhu_thjen/projects/learning-java/31-reflection/theory/02-advantages-and-disadvantages-of-reflection-concepts.md	292
ok	200	official Java/Oracle documentation	https://docs.oracle.com/javase/tutorial/reflect/	/home/fhu_thjen/projects/learning-java/31-reflection/theory/02-advantages-and-disadvantages-of-reflection-concepts.md	293
ok	200	official Java/Oracle documentation	https://docs.oracle.com/en/java/javase/21/docs/api/java.base/java/lang/ClassLoader.html	/home/fhu_thjen/projects/learning-java/32-classloader/theory/01-class-loading-process-concepts.md	323
ok	200	official Java/Oracle documentation	https://docs.oracle.com/javase/specs/jvms/se21/html/jvms-5.html	/home/fhu_thjen/projects/learning-java/32-classloader/theory/01-class-loading-process-concepts.md	324
ok	200	needs manual trust review	https://tomcat.apache.org/tomcat-11.0-doc/class-loader-howto.html	/home/fhu_thjen/projects/learning-java/32-classloader/theory/01-class-loading-process-concepts.md	325
ok	200	official Java learning site	https://dev.java/learn/modules/	/home/fhu_thjen/projects/learning-java/33-module-system/theory/01-what-is-a-module-concepts.md	215
ok	200	official Java/Oracle documentation	https://docs.oracle.com/javase/specs/jls/se21/html/jls-7.html#jls-7.7	/home/fhu_thjen/projects/learning-java/33-module-system/theory/01-what-is-a-module-concepts.md	216
ok	200	official OpenJDK project site	https://openjdk.org/projects/jigsaw/quick-start	/home/fhu_thjen/projects/learning-java/33-module-system/theory/01-what-is-a-module-concepts.md	217
ok	200	official Java/Oracle documentation	https://docs.oracle.com/javase/tutorial/jdbc/basics/prepared.html	/home/fhu_thjen/projects/learning-java/34-jdbc/theory/01-what-is-jdbc-concepts.md	339
ok	200	official Java/Oracle documentation	https://docs.oracle.com/en/java/javase/21/docs/api/java.sql/java/sql/PreparedStatement.html	/home/fhu_thjen/projects/learning-java/34-jdbc/theory/01-what-is-jdbc-concepts.md	340
ok	200	official Java/Oracle documentation	https://docs.oracle.com/javase/tutorial/jdbc/basics/processingsqlstatements.html	/home/fhu_thjen/projects/learning-java/34-jdbc/theory/01-what-is-jdbc-concepts.md	341
ok	200	official Java/Oracle documentation	https://docs.oracle.com/javase/tutorial/jdbc/basics/transactions.html	/home/fhu_thjen/projects/learning-java/34-jdbc/theory/02-rollback-concepts.md	396
ok	200	official Java/Oracle documentation	https://docs.oracle.com/en/java/javase/21/docs/api/java.sql/java/sql/Connection.html#setAutoCommit(boolean	/home/fhu_thjen/projects/learning-java/34-jdbc/theory/02-rollback-concepts.md	397
ok	200	official Java/Oracle documentation	https://docs.oracle.com/en/java/javase/21/docs/api/java.sql/java/sql/Savepoint.html	/home/fhu_thjen/projects/learning-java/34-jdbc/theory/02-rollback-concepts.md	398
ok	200	source repository or project documentation	https://github.com/brettwooldridge/HikariCP	/home/fhu_thjen/projects/learning-java/34-jdbc/theory/02-rollback-concepts.md	399
ok	example domain	needs manual trust review	https://example.com	/home/fhu_thjen/projects/learning-java/35-networking/theory/01-socket-programming-concepts.md	321
ok	example domain	needs manual trust review	https://example.com	/home/fhu_thjen/projects/learning-java/35-networking/theory/01-socket-programming-concepts.md	326
ok	example domain	needs manual trust review	https://example.com	/home/fhu_thjen/projects/learning-java/35-networking/theory/01-socket-programming-concepts.md	329
ok	example domain	needs manual trust review	https://example.com	/home/fhu_thjen/projects/learning-java/35-networking/theory/01-socket-programming-concepts.md	342
ok	example domain	needs manual trust review	https://example.com	/home/fhu_thjen/projects/learning-java/35-networking/theory/01-socket-programming-concepts.md	345
ok	200	needs manual trust review	https://google.com	/home/fhu_thjen/projects/learning-java/35-networking/theory/01-socket-programming-concepts.md	434
ok	200	needs manual trust review	https://google.com	/home/fhu_thjen/projects/learning-java/35-networking/theory/01-socket-programming-concepts.md	434
ok	200	official Java/Oracle documentation	https://docs.oracle.com/javase/tutorial/networking/sockets/index.html	/home/fhu_thjen/projects/learning-java/35-networking/theory/01-socket-programming-concepts.md	438
ok	200	official Java/Oracle documentation	https://docs.oracle.com/en/java/javase/21/docs/api/java.base/java/net/Socket.html	/home/fhu_thjen/projects/learning-java/35-networking/theory/01-socket-programming-concepts.md	439
ok	200	official Java/Oracle documentation	https://docs.oracle.com/en/java/javase/21/docs/api/java.base/java/net/URI.html	/home/fhu_thjen/projects/learning-java/35-networking/theory/01-socket-programming-concepts.md	440
ok	200	official OpenJDK project site	https://openjdk.org/jeps/321	/home/fhu_thjen/projects/learning-java/35-networking/theory/01-socket-programming-concepts.md	441
ok	200	source repository or project documentation	https://api.github.com	/home/fhu_thjen/projects/learning-java/35-networking/theory/02-httpurlconnection-concepts.md	74
ok	200	source repository or project documentation	https://api.github.com/users/octocat	/home/fhu_thjen/projects/learning-java/35-networking/theory/02-httpurlconnection-concepts.md	113
ok	200	source repository or project documentation	https://api.github.com/users/octocat	/home/fhu_thjen/projects/learning-java/35-networking/theory/02-httpurlconnection-concepts.md	141
ok	200	official Java/Oracle documentation	https://docs.oracle.com/javase/tutorial/security/	/home/fhu_thjen/projects/learning-java/36-security-basic/theory/01-basic-secure-coding-concepts.md	470
ok	200	official Java/Oracle documentation	https://docs.oracle.com/en/java/javase/21/docs/api/java.base/java/security/MessageDigest.html	/home/fhu_thjen/projects/learning-java/36-security-basic/theory/01-basic-secure-coding-concepts.md	471
ok	200	official Java/Oracle documentation	https://docs.oracle.com/en/java/javase/21/docs/api/java.base/java/security/SecureRandom.html	/home/fhu_thjen/projects/learning-java/36-security-basic/theory/01-basic-secure-coding-concepts.md	472
ok	200	official Java/Oracle documentation	https://docs.oracle.com/en/java/javase/21/docs/api/java.base/java/util/Base64.html	/home/fhu_thjen/projects/learning-java/36-security-basic/theory/01-basic-secure-coding-concepts.md	473
ok	200	official Java/Oracle documentation	https://docs.oracle.com/en/java/javase/21/docs/api/java.base/java/io/ObjectInputFilter.html	/home/fhu_thjen/projects/learning-java/36-security-basic/theory/02-avoid-insecure-deserialization-concepts.md	115
ok	200	official Java/Oracle documentation	https://docs.oracle.com/en/java/javase/21/docs/api/java.base/java/io/ObjectInputStream.html	/home/fhu_thjen/projects/learning-java/36-security-basic/theory/02-avoid-insecure-deserialization-concepts.md	116
ok	200	official Java/Oracle documentation	https://docs.oracle.com/javase/tutorial/security/	/home/fhu_thjen/projects/learning-java/36-security-basic/theory/02-avoid-insecure-deserialization-concepts.md	117
ok	200	official Java/Oracle documentation	https://docs.oracle.com/javase/specs/jvms/se21/html/jvms-5.html	/home/fhu_thjen/projects/learning-java/37-jvm-advanced/theory/01-jvm-architecture-concepts.md	225
ok	200	official Java/Oracle documentation	https://docs.oracle.com/en/java/javase/21/gctuning/	/home/fhu_thjen/projects/learning-java/37-jvm-advanced/theory/02-execution-engine-concepts.md	227
ok	200	official Java/Oracle documentation	https://docs.oracle.com/en/java/javase/21/gctuning/factors-affecting-garbage-collection-performance.html	/home/fhu_thjen/projects/learning-java/37-jvm-advanced/theory/03-survivor-concepts.md	244
ok	200	official OpenJDK project site	https://openjdk.org/jeps/189	/home/fhu_thjen/projects/learning-java/37-jvm-advanced/theory/04-shenandoah-concepts.md	232
ok	200	official Java/Oracle documentation	https://docs.oracle.com/en/java/javase/21/docs/specs/man/java.html	/home/fhu_thjen/projects/learning-java/37-jvm-advanced/theory/05-xx-concepts.md	160
ok	200	official OpenJDK project site	https://openjdk.org/jeps/286	/home/fhu_thjen/projects/learning-java/40-modern-java-concepts/theory/01-var-concepts.md	507
ok	200	official OpenJDK project site	https://openjdk.org/jeps/395	/home/fhu_thjen/projects/learning-java/40-modern-java-concepts/theory/01-var-concepts.md	508
ok	200	official OpenJDK project site	https://openjdk.org/jeps/409	/home/fhu_thjen/projects/learning-java/40-modern-java-concepts/theory/01-var-concepts.md	509
ok	200	official OpenJDK project site	https://openjdk.org/jeps/441	/home/fhu_thjen/projects/learning-java/40-modern-java-concepts/theory/01-var-concepts.md	510
ok	200	official OpenJDK project site	https://openjdk.org/jeps/444	/home/fhu_thjen/projects/learning-java/40-modern-java-concepts/theory/01-var-concepts.md	511
ok	200	official Java/Oracle documentation	https://docs.oracle.com/javase/specs/jls/se21/html/index.html	/home/fhu_thjen/projects/learning-java/41-best-practices/theory/01-name-variables-functions-and-classes-clearly-concepts.md	344
ok	200	official Java/Oracle documentation	https://docs.oracle.com/javase/specs/jls/se21/html/jls-6.html#jls-6.1	/home/fhu_thjen/projects/learning-java/41-best-practices/theory/01-name-variables-functions-and-classes-clearly-concepts.md	345
ok	200	official Java/Oracle documentation	https://docs.oracle.com/en/java/javase/21/gctuning/	/home/fhu_thjen/projects/learning-java/41-best-practices/theory/01-name-variables-functions-and-classes-clearly-concepts.md	346
ok	200	official Java/Oracle documentation	https://docs.oracle.com/javase/tutorial/essential/exceptions/	/home/fhu_thjen/projects/learning-java/41-best-practices/theory/02-do-not-swallow-exceptions-concepts.md	315
ok	200	official Java/Oracle documentation	https://docs.oracle.com/javase/specs/jls/se21/html/jls-11.html	/home/fhu_thjen/projects/learning-java/41-best-practices/theory/02-do-not-swallow-exceptions-concepts.md	316
ok	200	official Java learning site	https://dev.java/learn/exceptions/	/home/fhu_thjen/projects/learning-java/41-best-practices/theory/02-do-not-swallow-exceptions-concepts.md	317
ok	200	official Java/Oracle documentation	https://docs.oracle.com/javase/tutorial/java/concepts/	/home/fhu_thjen/projects/learning-java/42-design-principles/theory/01-solid-concepts.md	515
ok	200	official Java/Oracle documentation	https://docs.oracle.com/javase/specs/jls/se21/html/index.html	/home/fhu_thjen/projects/learning-java/42-design-principles/theory/01-solid-concepts.md	516
ok	200	official JUnit site	https://junit.org/junit5/docs/current/user-guide/	/home/fhu_thjen/projects/learning-java/44-unit-testing/theory/01-junit-concepts.md	327
ok	200	needs manual trust review	https://javadoc.io/doc/org.mockito/mockito-core/latest/org/mockito/Mockito.html	/home/fhu_thjen/projects/learning-java/44-unit-testing/theory/01-junit-concepts.md	328
ok	200	official JUnit site	https://junit.org/junit5/docs/current/user-guide/	/home/fhu_thjen/projects/learning-java/44-unit-testing/theory/02-test-exception-concepts.md	338
ok	200	needs manual trust review	https://site.mockito.org/	/home/fhu_thjen/projects/learning-java/44-unit-testing/theory/02-test-exception-concepts.md	339
ok	200	source repository or project documentation	https://api.github.com	/home/fhu_thjen/projects/learning-java/35-networking/terms/01-key-terms.md	80
ok	200	official Java/Oracle documentation	https://docs.oracle.com/javase/tutorial/getStarted/cupojava/index.html	/home/fhu_thjen/projects/learning-java/00-setup/anki/basic-extra.tsv	2
ok	200	official Java/Oracle documentation	https://docs.oracle.com/javase/tutorial/getStarted/cupojava/index.html	/home/fhu_thjen/projects/learning-java/00-setup/anki/basic-extra.tsv	3
ok	200	official Java/Oracle documentation	https://docs.oracle.com/javase/tutorial/getStarted/cupojava/index.html	/home/fhu_thjen/projects/learning-java/00-setup/anki/basic-extra.tsv	4
ok	200	official Java/Oracle documentation	https://docs.oracle.com/javase/tutorial/getStarted/cupojava/index.html	/home/fhu_thjen/projects/learning-java/00-setup/anki/basic.tsv	2
ok	200	official Java/Oracle documentation	https://docs.oracle.com/javase/tutorial/getStarted/cupojava/index.html	/home/fhu_thjen/projects/learning-java/00-setup/anki/basic.tsv	3
ok	200	official Java/Oracle documentation	https://docs.oracle.com/javase/tutorial/getStarted/cupojava/index.html	/home/fhu_thjen/projects/learning-java/00-setup/anki/basic.tsv	4
ok	200	official Java/Oracle documentation	https://docs.oracle.com/javase/tutorial/getStarted/cupojava/index.html	/home/fhu_thjen/projects/learning-java/00-setup/anki/cloze.tsv	2
ok	200	official Java/Oracle documentation	https://docs.oracle.com/javase/tutorial/getStarted/cupojava/index.html	/home/fhu_thjen/projects/learning-java/00-setup/anki/cloze.tsv	3
ok	200	official Java/Oracle documentation	https://docs.oracle.com/javase/tutorial/getStarted/cupojava/index.html	/home/fhu_thjen/projects/learning-java/00-setup/anki/cloze.tsv	4
ok	200	official Java/Oracle documentation	https://docs.oracle.com/javase/tutorial/getStarted/cupojava/index.html	/home/fhu_thjen/projects/learning-java/00-setup/anki/code-question.tsv	2
ok	200	official Java/Oracle documentation	https://docs.oracle.com/javase/tutorial/getStarted/cupojava/index.html	/home/fhu_thjen/projects/learning-java/00-setup/anki/code-question.tsv	3
ok	200	official Java/Oracle documentation	https://docs.oracle.com/javase/tutorial/getStarted/cupojava/index.html	/home/fhu_thjen/projects/learning-java/00-setup/anki/code-question.tsv	4
ok	200	official Java/Oracle documentation	https://docs.oracle.com/javase/tutorial/getStarted/intro/definition.html	/home/fhu_thjen/projects/learning-java/01-overview/anki/basic-extra.tsv	2
ok	200	official Java/Oracle documentation	https://docs.oracle.com/javase/tutorial/getStarted/intro/definition.html	/home/fhu_thjen/projects/learning-java/01-overview/anki/basic-extra.tsv	3
ok	200	official Java/Oracle documentation	https://docs.oracle.com/javase/tutorial/getStarted/intro/definition.html	/home/fhu_thjen/projects/learning-java/01-overview/anki/basic-extra.tsv	4
ok	200	official Java/Oracle documentation	https://docs.oracle.com/javase/tutorial/getStarted/intro/definition.html	/home/fhu_thjen/projects/learning-java/01-overview/anki/basic-extra.tsv	5
ok	200	official Java/Oracle documentation	https://docs.oracle.com/javase/tutorial/getStarted/intro/definition.html	/home/fhu_thjen/projects/learning-java/01-overview/anki/basic-extra.tsv	6
ok	200	official Java/Oracle documentation	https://docs.oracle.com/javase/tutorial/getStarted/intro/definition.html	/home/fhu_thjen/projects/learning-java/01-overview/anki/basic-extra.tsv	7
ok	200	official Java/Oracle documentation	https://docs.oracle.com/javase/tutorial/getStarted/intro/definition.html	/home/fhu_thjen/projects/learning-java/01-overview/anki/basic-extra.tsv	8
ok	200	official Java/Oracle documentation	https://docs.oracle.com/javase/tutorial/getStarted/intro/definition.html	/home/fhu_thjen/projects/learning-java/01-overview/anki/basic-extra.tsv	9
ok	200	official Java/Oracle documentation	https://docs.oracle.com/javase/tutorial/getStarted/intro/definition.html	/home/fhu_thjen/projects/learning-java/01-overview/anki/basic-extra.tsv	10
ok	200	official Java/Oracle documentation	https://docs.oracle.com/javase/tutorial/getStarted/intro/definition.html	/home/fhu_thjen/projects/learning-java/01-overview/anki/basic-extra.tsv	11
ok	200	official Java/Oracle documentation	https://docs.oracle.com/javase/tutorial/getStarted/intro/definition.html	/home/fhu_thjen/projects/learning-java/01-overview/anki/basic-extra.tsv	12
ok	200	official Java/Oracle documentation	https://docs.oracle.com/javase/tutorial/getStarted/intro/definition.html	/home/fhu_thjen/projects/learning-java/01-overview/anki/basic-extra.tsv	13
ok	200	official Java/Oracle documentation	https://docs.oracle.com/javase/tutorial/getStarted/intro/definition.html	/home/fhu_thjen/projects/learning-java/01-overview/anki/basic-extra.tsv	14
ok	200	official Java/Oracle documentation	https://docs.oracle.com/javase/tutorial/getStarted/intro/definition.html	/home/fhu_thjen/projects/learning-java/01-overview/anki/basic-extra.tsv	15
ok	200	official Java/Oracle documentation	https://docs.oracle.com/javase/tutorial/getStarted/intro/definition.html	/home/fhu_thjen/projects/learning-java/01-overview/anki/basic-extra.tsv	16
ok	200	official Java/Oracle documentation	https://docs.oracle.com/javase/tutorial/getStarted/intro/definition.html	/home/fhu_thjen/projects/learning-java/01-overview/anki/basic-extra.tsv	17
ok	200	official Java/Oracle documentation	https://docs.oracle.com/javase/tutorial/getStarted/intro/definition.html	/home/fhu_thjen/projects/learning-java/01-overview/anki/basic-extra.tsv	18
ok	200	official Java/Oracle documentation	https://docs.oracle.com/javase/tutorial/getStarted/intro/definition.html	/home/fhu_thjen/projects/learning-java/01-overview/anki/basic-extra.tsv	19
ok	200	official Java/Oracle documentation	https://docs.oracle.com/javase/tutorial/getStarted/intro/definition.html	/home/fhu_thjen/projects/learning-java/01-overview/anki/basic-extra.tsv	20
ok	200	official Java/Oracle documentation	https://docs.oracle.com/javase/tutorial/getStarted/intro/definition.html	/home/fhu_thjen/projects/learning-java/01-overview/anki/basic-extra.tsv	21
ok	200	official Java/Oracle documentation	https://docs.oracle.com/javase/tutorial/getStarted/intro/definition.html	/home/fhu_thjen/projects/learning-java/01-overview/anki/basic-extra.tsv	22
ok	200	official Java/Oracle documentation	https://docs.oracle.com/javase/tutorial/getStarted/intro/definition.html	/home/fhu_thjen/projects/learning-java/01-overview/anki/basic-extra.tsv	23
ok	200	official Java/Oracle documentation	https://docs.oracle.com/javase/tutorial/getStarted/intro/definition.html	/home/fhu_thjen/projects/learning-java/01-overview/anki/basic-extra.tsv	24
ok	200	official Java/Oracle documentation	https://docs.oracle.com/javase/tutorial/getStarted/intro/definition.html	/home/fhu_thjen/projects/learning-java/01-overview/anki/basic-extra.tsv	25
ok	200	official Java/Oracle documentation	https://docs.oracle.com/javase/tutorial/getStarted/intro/definition.html	/home/fhu_thjen/projects/learning-java/01-overview/anki/basic-extra.tsv	26
ok	200	official Java/Oracle documentation	https://docs.oracle.com/javase/tutorial/getStarted/intro/definition.html	/home/fhu_thjen/projects/learning-java/01-overview/anki/basic-extra.tsv	27
ok	200	official Java/Oracle documentation	https://docs.oracle.com/javase/tutorial/getStarted/intro/definition.html	/home/fhu_thjen/projects/learning-java/01-overview/anki/basic-extra.tsv	28
ok	200	official Java/Oracle documentation	https://docs.oracle.com/javase/tutorial/getStarted/intro/definition.html	/home/fhu_thjen/projects/learning-java/01-overview/anki/basic-extra.tsv	29
ok	200	official Java/Oracle documentation	https://docs.oracle.com/javase/tutorial/getStarted/intro/definition.html	/home/fhu_thjen/projects/learning-java/01-overview/anki/basic-extra.tsv	30
ok	200	official Java/Oracle documentation	https://docs.oracle.com/javase/tutorial/getStarted/intro/definition.html	/home/fhu_thjen/projects/learning-java/01-overview/anki/basic-extra.tsv	31
ok	200	official Java/Oracle documentation	https://docs.oracle.com/javase/tutorial/getStarted/intro/definition.html	/home/fhu_thjen/projects/learning-java/01-overview/anki/basic-extra.tsv	32
ok	200	official Java/Oracle documentation	https://docs.oracle.com/javase/tutorial/getStarted/intro/definition.html	/home/fhu_thjen/projects/learning-java/01-overview/anki/basic-extra.tsv	33
ok	200	official Java/Oracle documentation	https://docs.oracle.com/javase/specs/jvms/se21/html/jvms-1.html#jvms-1.2	/home/fhu_thjen/projects/learning-java/01-overview/anki/basic-extra.tsv	34
ok	200	official Java/Oracle documentation	https://docs.oracle.com/javase/specs/jvms/se21/html/jvms-4.html	/home/fhu_thjen/projects/learning-java/01-overview/anki/basic-extra.tsv	35
ok	200	official Java/Oracle documentation	https://docs.oracle.com/javase/specs/jvms/se21/html/jvms-2.html#jvms-2.5	/home/fhu_thjen/projects/learning-java/01-overview/anki/basic-extra.tsv	36
ok	200	official Java/Oracle documentation	https://docs.oracle.com/en/java/javase/21/docs/specs/man/javac.html	/home/fhu_thjen/projects/learning-java/01-overview/anki/basic-extra.tsv	37
ok	200	official Java/Oracle documentation	https://docs.oracle.com/en/java/javase/21/gctuning/garbage-collector-implementation.html	/home/fhu_thjen/projects/learning-java/01-overview/anki/basic-extra.tsv	38
ok	200	needs manual trust review	https://www.oracle.com/java/technologies/java-se-support-roadmap.html	/home/fhu_thjen/projects/learning-java/01-overview/anki/basic-extra.tsv	39
ok	200	official Java/Oracle documentation	https://docs.oracle.com/javase/tutorial/getStarted/intro/definition.html	/home/fhu_thjen/projects/learning-java/01-overview/anki/basic.tsv	2
ok	200	official Java/Oracle documentation	https://docs.oracle.com/javase/tutorial/getStarted/intro/definition.html	/home/fhu_thjen/projects/learning-java/01-overview/anki/basic.tsv	3
ok	200	official Java/Oracle documentation	https://docs.oracle.com/javase/tutorial/getStarted/intro/definition.html	/home/fhu_thjen/projects/learning-java/01-overview/anki/basic.tsv	4
ok	200	official Java/Oracle documentation	https://docs.oracle.com/javase/tutorial/getStarted/intro/definition.html	/home/fhu_thjen/projects/learning-java/01-overview/anki/basic.tsv	5
ok	200	official Java/Oracle documentation	https://docs.oracle.com/javase/tutorial/getStarted/intro/definition.html	/home/fhu_thjen/projects/learning-java/01-overview/anki/basic.tsv	6
ok	200	official Java/Oracle documentation	https://docs.oracle.com/javase/tutorial/getStarted/intro/definition.html	/home/fhu_thjen/projects/learning-java/01-overview/anki/basic.tsv	7
ok	200	official Java/Oracle documentation	https://docs.oracle.com/javase/tutorial/getStarted/intro/definition.html	/home/fhu_thjen/projects/learning-java/01-overview/anki/basic.tsv	8
ok	200	official Java/Oracle documentation	https://docs.oracle.com/javase/tutorial/getStarted/intro/definition.html	/home/fhu_thjen/projects/learning-java/01-overview/anki/basic.tsv	9
ok	200	official Java/Oracle documentation	https://docs.oracle.com/javase/tutorial/getStarted/intro/definition.html	/home/fhu_thjen/projects/learning-java/01-overview/anki/basic.tsv	10
ok	200	official Java/Oracle documentation	https://docs.oracle.com/javase/tutorial/getStarted/intro/definition.html	/home/fhu_thjen/projects/learning-java/01-overview/anki/basic.tsv	11
ok	200	official Java/Oracle documentation	https://docs.oracle.com/javase/tutorial/getStarted/intro/definition.html	/home/fhu_thjen/projects/learning-java/01-overview/anki/basic.tsv	12
ok	200	official Java/Oracle documentation	https://docs.oracle.com/javase/tutorial/getStarted/intro/definition.html	/home/fhu_thjen/projects/learning-java/01-overview/anki/basic.tsv	13
ok	200	official Java/Oracle documentation	https://docs.oracle.com/javase/tutorial/getStarted/intro/definition.html	/home/fhu_thjen/projects/learning-java/01-overview/anki/basic.tsv	14
ok	200	official Java/Oracle documentation	https://docs.oracle.com/javase/tutorial/getStarted/intro/definition.html	/home/fhu_thjen/projects/learning-java/01-overview/anki/basic.tsv	15
ok	200	official Java/Oracle documentation	https://docs.oracle.com/javase/tutorial/getStarted/intro/definition.html	/home/fhu_thjen/projects/learning-java/01-overview/anki/basic.tsv	16
ok	200	official Java/Oracle documentation	https://docs.oracle.com/javase/tutorial/getStarted/intro/definition.html	/home/fhu_thjen/projects/learning-java/01-overview/anki/basic.tsv	17
ok	200	official Java/Oracle documentation	https://docs.oracle.com/javase/tutorial/getStarted/intro/definition.html	/home/fhu_thjen/projects/learning-java/01-overview/anki/basic.tsv	18
ok	200	official Java/Oracle documentation	https://docs.oracle.com/javase/tutorial/getStarted/intro/definition.html	/home/fhu_thjen/projects/learning-java/01-overview/anki/basic.tsv	19
ok	200	official Java/Oracle documentation	https://docs.oracle.com/javase/tutorial/getStarted/intro/definition.html	/home/fhu_thjen/projects/learning-java/01-overview/anki/basic.tsv	20
ok	200	official Java/Oracle documentation	https://docs.oracle.com/javase/tutorial/getStarted/intro/definition.html	/home/fhu_thjen/projects/learning-java/01-overview/anki/basic.tsv	21
ok	200	official Java/Oracle documentation	https://docs.oracle.com/javase/tutorial/getStarted/intro/definition.html	/home/fhu_thjen/projects/learning-java/01-overview/anki/basic.tsv	22
ok	200	official Java/Oracle documentation	https://docs.oracle.com/javase/tutorial/getStarted/intro/definition.html	/home/fhu_thjen/projects/learning-java/01-overview/anki/basic.tsv	23
ok	200	official Java/Oracle documentation	https://docs.oracle.com/javase/tutorial/getStarted/intro/definition.html	/home/fhu_thjen/projects/learning-java/01-overview/anki/basic.tsv	24
ok	200	official Java/Oracle documentation	https://docs.oracle.com/javase/tutorial/getStarted/intro/definition.html	/home/fhu_thjen/projects/learning-java/01-overview/anki/basic.tsv	25
ok	200	official Java/Oracle documentation	https://docs.oracle.com/javase/tutorial/getStarted/intro/definition.html	/home/fhu_thjen/projects/learning-java/01-overview/anki/basic.tsv	26
ok	200	official Java/Oracle documentation	https://docs.oracle.com/javase/tutorial/getStarted/intro/definition.html	/home/fhu_thjen/projects/learning-java/01-overview/anki/basic.tsv	27
ok	200	official Java/Oracle documentation	https://docs.oracle.com/javase/tutorial/getStarted/intro/definition.html	/home/fhu_thjen/projects/learning-java/01-overview/anki/basic.tsv	28
ok	200	official Java/Oracle documentation	https://docs.oracle.com/javase/tutorial/getStarted/intro/definition.html	/home/fhu_thjen/projects/learning-java/01-overview/anki/basic.tsv	29
ok	200	official Java/Oracle documentation	https://docs.oracle.com/javase/tutorial/getStarted/intro/definition.html	/home/fhu_thjen/projects/learning-java/01-overview/anki/basic.tsv	30
ok	200	official Java/Oracle documentation	https://docs.oracle.com/javase/tutorial/getStarted/intro/definition.html	/home/fhu_thjen/projects/learning-java/01-overview/anki/basic.tsv	31
ok	200	official Java/Oracle documentation	https://docs.oracle.com/javase/tutorial/getStarted/intro/definition.html	/home/fhu_thjen/projects/learning-java/01-overview/anki/basic.tsv	32
ok	200	official Java/Oracle documentation	https://docs.oracle.com/javase/tutorial/getStarted/intro/definition.html	/home/fhu_thjen/projects/learning-java/01-overview/anki/basic.tsv	33
ok	200	official Java/Oracle documentation	https://docs.oracle.com/javase/tutorial/getStarted/intro/definition.html	/home/fhu_thjen/projects/learning-java/01-overview/anki/basic.tsv	34
ok	200	official Java/Oracle documentation	https://docs.oracle.com/javase/tutorial/getStarted/intro/definition.html	/home/fhu_thjen/projects/learning-java/01-overview/anki/basic.tsv	35
ok	200	official Java/Oracle documentation	https://docs.oracle.com/javase/tutorial/getStarted/intro/definition.html	/home/fhu_thjen/projects/learning-java/01-overview/anki/basic.tsv	36
ok	200	official Java/Oracle documentation	https://docs.oracle.com/javase/tutorial/getStarted/intro/definition.html	/home/fhu_thjen/projects/learning-java/01-overview/anki/basic.tsv	37
ok	200	official Java/Oracle documentation	https://docs.oracle.com/javase/tutorial/getStarted/intro/definition.html	/home/fhu_thjen/projects/learning-java/01-overview/anki/basic.tsv	38
ok	200	official Java/Oracle documentation	https://docs.oracle.com/javase/tutorial/getStarted/intro/definition.html	/home/fhu_thjen/projects/learning-java/01-overview/anki/basic.tsv	39
ok	200	official Java/Oracle documentation	https://docs.oracle.com/javase/tutorial/getStarted/intro/definition.html	/home/fhu_thjen/projects/learning-java/01-overview/anki/basic.tsv	40
ok	200	official Java/Oracle documentation	https://docs.oracle.com/javase/tutorial/getStarted/intro/definition.html	/home/fhu_thjen/projects/learning-java/01-overview/anki/basic.tsv	41
ok	200	official Java/Oracle documentation	https://docs.oracle.com/javase/tutorial/getStarted/intro/definition.html	/home/fhu_thjen/projects/learning-java/01-overview/anki/basic.tsv	42
ok	200	official Java/Oracle documentation	https://docs.oracle.com/javase/tutorial/getStarted/intro/definition.html	/home/fhu_thjen/projects/learning-java/01-overview/anki/basic.tsv	43
ok	200	official Java/Oracle documentation	https://docs.oracle.com/javase/tutorial/getStarted/intro/definition.html	/home/fhu_thjen/projects/learning-java/01-overview/anki/basic.tsv	44
ok	200	official Java/Oracle documentation	https://docs.oracle.com/javase/tutorial/getStarted/intro/definition.html	/home/fhu_thjen/projects/learning-java/01-overview/anki/basic.tsv	45
ok	200	official Java/Oracle documentation	https://docs.oracle.com/javase/tutorial/getStarted/intro/definition.html	/home/fhu_thjen/projects/learning-java/01-overview/anki/basic.tsv	46
ok	200	official Java/Oracle documentation	https://docs.oracle.com/javase/tutorial/getStarted/intro/definition.html	/home/fhu_thjen/projects/learning-java/01-overview/anki/basic.tsv	47
ok	200	official Java/Oracle documentation	https://docs.oracle.com/javase/tutorial/getStarted/intro/definition.html	/home/fhu_thjen/projects/learning-java/01-overview/anki/basic.tsv	48
ok	200	official Java/Oracle documentation	https://docs.oracle.com/javase/tutorial/getStarted/intro/definition.html	/home/fhu_thjen/projects/learning-java/01-overview/anki/basic.tsv	49
ok	200	official Java/Oracle documentation	https://docs.oracle.com/javase/tutorial/getStarted/intro/definition.html	/home/fhu_thjen/projects/learning-java/01-overview/anki/basic.tsv	50
ok	200	official Java/Oracle documentation	https://docs.oracle.com/javase/tutorial/getStarted/intro/definition.html	/home/fhu_thjen/projects/learning-java/01-overview/anki/basic.tsv	51
ok	200	official Java/Oracle documentation	https://docs.oracle.com/javase/tutorial/getStarted/intro/definition.html	/home/fhu_thjen/projects/learning-java/01-overview/anki/basic.tsv	52
ok	200	official Java/Oracle documentation	https://docs.oracle.com/javase/tutorial/getStarted/intro/definition.html	/home/fhu_thjen/projects/learning-java/01-overview/anki/basic.tsv	53
ok	200	official Java/Oracle documentation	https://docs.oracle.com/javase/tutorial/getStarted/intro/definition.html	/home/fhu_thjen/projects/learning-java/01-overview/anki/basic.tsv	54
ok	200	official Java/Oracle documentation	https://docs.oracle.com/javase/tutorial/getStarted/intro/definition.html	/home/fhu_thjen/projects/learning-java/01-overview/anki/basic.tsv	55
ok	200	official Java/Oracle documentation	https://docs.oracle.com/javase/tutorial/getStarted/intro/definition.html	/home/fhu_thjen/projects/learning-java/01-overview/anki/basic.tsv	56
ok	200	official Java/Oracle documentation	https://docs.oracle.com/javase/tutorial/getStarted/intro/definition.html	/home/fhu_thjen/projects/learning-java/01-overview/anki/basic.tsv	57
ok	200	official Java/Oracle documentation	https://docs.oracle.com/javase/tutorial/getStarted/intro/definition.html	/home/fhu_thjen/projects/learning-java/01-overview/anki/basic.tsv	58
ok	200	official Java/Oracle documentation	https://docs.oracle.com/javase/tutorial/getStarted/intro/definition.html	/home/fhu_thjen/projects/learning-java/01-overview/anki/basic.tsv	59
ok	200	official Java/Oracle documentation	https://docs.oracle.com/javase/tutorial/getStarted/intro/definition.html	/home/fhu_thjen/projects/learning-java/01-overview/anki/basic.tsv	60
ok	200	official Java/Oracle documentation	https://docs.oracle.com/javase/tutorial/getStarted/intro/definition.html	/home/fhu_thjen/projects/learning-java/01-overview/anki/basic.tsv	61
ok	200	official Java/Oracle documentation	https://docs.oracle.com/javase/tutorial/getStarted/intro/definition.html	/home/fhu_thjen/projects/learning-java/01-overview/anki/basic.tsv	62
ok	200	official Java/Oracle documentation	https://docs.oracle.com/javase/tutorial/getStarted/intro/definition.html	/home/fhu_thjen/projects/learning-java/01-overview/anki/basic.tsv	63
ok	200	official Java/Oracle documentation	https://docs.oracle.com/javase/tutorial/getStarted/intro/definition.html	/home/fhu_thjen/projects/learning-java/01-overview/anki/basic.tsv	64
ok	200	official Java/Oracle documentation	https://docs.oracle.com/javase/tutorial/getStarted/intro/definition.html	/home/fhu_thjen/projects/learning-java/01-overview/anki/basic.tsv	65
ok	200	official Java/Oracle documentation	https://docs.oracle.com/javase/tutorial/getStarted/intro/definition.html	/home/fhu_thjen/projects/learning-java/01-overview/anki/basic.tsv	66
ok	200	official Java/Oracle documentation	https://docs.oracle.com/javase/tutorial/getStarted/intro/definition.html	/home/fhu_thjen/projects/learning-java/01-overview/anki/basic.tsv	67
ok	200	official Java/Oracle documentation	https://docs.oracle.com/javase/tutorial/getStarted/intro/definition.html	/home/fhu_thjen/projects/learning-java/01-overview/anki/basic.tsv	68
ok	200	official Java/Oracle documentation	https://docs.oracle.com/javase/tutorial/getStarted/intro/definition.html	/home/fhu_thjen/projects/learning-java/01-overview/anki/basic.tsv	69
ok	200	official Java/Oracle documentation	https://docs.oracle.com/javase/tutorial/getStarted/intro/definition.html	/home/fhu_thjen/projects/learning-java/01-overview/anki/basic.tsv	70
ok	200	official Java/Oracle documentation	https://docs.oracle.com/javase/tutorial/getStarted/intro/definition.html	/home/fhu_thjen/projects/learning-java/01-overview/anki/basic.tsv	71
ok	200	official Java/Oracle documentation	https://docs.oracle.com/javase/tutorial/getStarted/intro/definition.html	/home/fhu_thjen/projects/learning-java/01-overview/anki/basic.tsv	72
ok	200	official Java/Oracle documentation	https://docs.oracle.com/javase/tutorial/getStarted/intro/definition.html	/home/fhu_thjen/projects/learning-java/01-overview/anki/basic.tsv	73
ok	200	official Java/Oracle documentation	https://docs.oracle.com/javase/tutorial/getStarted/intro/definition.html	/home/fhu_thjen/projects/learning-java/01-overview/anki/basic.tsv	74
ok	200	official Java/Oracle documentation	https://docs.oracle.com/javase/tutorial/getStarted/intro/definition.html	/home/fhu_thjen/projects/learning-java/01-overview/anki/basic.tsv	75
ok	200	official Java/Oracle documentation	https://docs.oracle.com/javase/tutorial/getStarted/intro/definition.html	/home/fhu_thjen/projects/learning-java/01-overview/anki/basic.tsv	76
ok	200	official Java/Oracle documentation	https://docs.oracle.com/javase/tutorial/getStarted/intro/definition.html	/home/fhu_thjen/projects/learning-java/01-overview/anki/basic.tsv	77
ok	200	official Java/Oracle documentation	https://docs.oracle.com/javase/tutorial/getStarted/intro/definition.html	/home/fhu_thjen/projects/learning-java/01-overview/anki/basic.tsv	78
ok	200	official Java/Oracle documentation	https://docs.oracle.com/javase/tutorial/getStarted/intro/definition.html	/home/fhu_thjen/projects/learning-java/01-overview/anki/basic.tsv	79
ok	200	official Java/Oracle documentation	https://docs.oracle.com/javase/tutorial/getStarted/intro/definition.html	/home/fhu_thjen/projects/learning-java/01-overview/anki/basic.tsv	80
ok	200	official Java/Oracle documentation	https://docs.oracle.com/javase/tutorial/getStarted/intro/definition.html	/home/fhu_thjen/projects/learning-java/01-overview/anki/basic.tsv	81
ok	200	official Java/Oracle documentation	https://docs.oracle.com/javase/tutorial/getStarted/intro/definition.html	/home/fhu_thjen/projects/learning-java/01-overview/anki/basic.tsv	82
ok	200	official Java/Oracle documentation	https://docs.oracle.com/javase/tutorial/getStarted/intro/definition.html	/home/fhu_thjen/projects/learning-java/01-overview/anki/basic.tsv	83
ok	200	official Java/Oracle documentation	https://docs.oracle.com/javase/tutorial/getStarted/intro/definition.html	/home/fhu_thjen/projects/learning-java/01-overview/anki/basic.tsv	84
ok	200	official Java/Oracle documentation	https://docs.oracle.com/javase/tutorial/getStarted/intro/definition.html	/home/fhu_thjen/projects/learning-java/01-overview/anki/basic.tsv	85
ok	200	official Java/Oracle documentation	https://docs.oracle.com/javase/tutorial/getStarted/intro/definition.html	/home/fhu_thjen/projects/learning-java/01-overview/anki/cloze.tsv	2
ok	200	official Java/Oracle documentation	https://docs.oracle.com/javase/tutorial/getStarted/intro/definition.html	/home/fhu_thjen/projects/learning-java/01-overview/anki/cloze.tsv	3
ok	200	official Java/Oracle documentation	https://docs.oracle.com/javase/tutorial/getStarted/intro/definition.html	/home/fhu_thjen/projects/learning-java/01-overview/anki/cloze.tsv	4
ok	200	official Java/Oracle documentation	https://docs.oracle.com/javase/tutorial/getStarted/intro/definition.html	/home/fhu_thjen/projects/learning-java/01-overview/anki/cloze.tsv	5
ok	200	official Java/Oracle documentation	https://docs.oracle.com/javase/tutorial/getStarted/intro/definition.html	/home/fhu_thjen/projects/learning-java/01-overview/anki/cloze.tsv	6
ok	200	official Java/Oracle documentation	https://docs.oracle.com/javase/tutorial/getStarted/intro/definition.html	/home/fhu_thjen/projects/learning-java/01-overview/anki/cloze.tsv	7
ok	200	official Java/Oracle documentation	https://docs.oracle.com/javase/tutorial/getStarted/intro/definition.html	/home/fhu_thjen/projects/learning-java/01-overview/anki/cloze.tsv	8
ok	200	official Java/Oracle documentation	https://docs.oracle.com/javase/tutorial/getStarted/intro/definition.html	/home/fhu_thjen/projects/learning-java/01-overview/anki/cloze.tsv	9
ok	200	official Java/Oracle documentation	https://docs.oracle.com/javase/tutorial/getStarted/intro/definition.html	/home/fhu_thjen/projects/learning-java/01-overview/anki/cloze.tsv	10
ok	200	official Java/Oracle documentation	https://docs.oracle.com/javase/tutorial/getStarted/intro/definition.html	/home/fhu_thjen/projects/learning-java/01-overview/anki/cloze.tsv	11
ok	200	official Java/Oracle documentation	https://docs.oracle.com/javase/tutorial/getStarted/intro/definition.html	/home/fhu_thjen/projects/learning-java/01-overview/anki/cloze.tsv	12
ok	200	official Java/Oracle documentation	https://docs.oracle.com/javase/tutorial/getStarted/intro/definition.html	/home/fhu_thjen/projects/learning-java/01-overview/anki/cloze.tsv	13
ok	200	official Java/Oracle documentation	https://docs.oracle.com/javase/tutorial/getStarted/intro/definition.html	/home/fhu_thjen/projects/learning-java/01-overview/anki/cloze.tsv	14
ok	200	official Java/Oracle documentation	https://docs.oracle.com/javase/tutorial/getStarted/intro/definition.html	/home/fhu_thjen/projects/learning-java/01-overview/anki/cloze.tsv	15
ok	200	official Java/Oracle documentation	https://docs.oracle.com/javase/tutorial/getStarted/intro/definition.html	/home/fhu_thjen/projects/learning-java/01-overview/anki/cloze.tsv	16
ok	200	official Java/Oracle documentation	https://docs.oracle.com/javase/tutorial/getStarted/intro/definition.html	/home/fhu_thjen/projects/learning-java/01-overview/anki/cloze.tsv	17
ok	200	official Java/Oracle documentation	https://docs.oracle.com/javase/tutorial/getStarted/intro/definition.html	/home/fhu_thjen/projects/learning-java/01-overview/anki/cloze.tsv	18
ok	200	official Java/Oracle documentation	https://docs.oracle.com/javase/tutorial/getStarted/intro/definition.html	/home/fhu_thjen/projects/learning-java/01-overview/anki/cloze.tsv	19
ok	200	official Java/Oracle documentation	https://docs.oracle.com/javase/tutorial/getStarted/intro/definition.html	/home/fhu_thjen/projects/learning-java/01-overview/anki/cloze.tsv	20
ok	200	official Java/Oracle documentation	https://docs.oracle.com/javase/tutorial/getStarted/intro/definition.html	/home/fhu_thjen/projects/learning-java/01-overview/anki/cloze.tsv	21
ok	200	official Java/Oracle documentation	https://docs.oracle.com/javase/tutorial/getStarted/intro/definition.html	/home/fhu_thjen/projects/learning-java/01-overview/anki/cloze.tsv	22
ok	200	official Java/Oracle documentation	https://docs.oracle.com/javase/tutorial/getStarted/intro/definition.html	/home/fhu_thjen/projects/learning-java/01-overview/anki/cloze.tsv	23
ok	200	official Java/Oracle documentation	https://docs.oracle.com/javase/tutorial/getStarted/intro/definition.html	/home/fhu_thjen/projects/learning-java/01-overview/anki/cloze.tsv	24
ok	200	official Java/Oracle documentation	https://docs.oracle.com/javase/tutorial/getStarted/intro/definition.html	/home/fhu_thjen/projects/learning-java/01-overview/anki/cloze.tsv	25
ok	200	official Java/Oracle documentation	https://docs.oracle.com/javase/tutorial/getStarted/intro/definition.html	/home/fhu_thjen/projects/learning-java/01-overview/anki/cloze.tsv	26
ok	200	official Java/Oracle documentation	https://docs.oracle.com/javase/tutorial/getStarted/intro/definition.html	/home/fhu_thjen/projects/learning-java/01-overview/anki/cloze.tsv	27
ok	200	official Java/Oracle documentation	https://docs.oracle.com/javase/tutorial/getStarted/intro/definition.html	/home/fhu_thjen/projects/learning-java/01-overview/anki/cloze.tsv	28
ok	200	official Java/Oracle documentation	https://docs.oracle.com/javase/tutorial/getStarted/intro/definition.html	/home/fhu_thjen/projects/learning-java/01-overview/anki/cloze.tsv	29
ok	200	official Java/Oracle documentation	https://docs.oracle.com/javase/tutorial/getStarted/intro/definition.html	/home/fhu_thjen/projects/learning-java/01-overview/anki/cloze.tsv	30
ok	200	official Java/Oracle documentation	https://docs.oracle.com/javase/specs/jvms/se21/html/jvms-1.html#jvms-1.2	/home/fhu_thjen/projects/learning-java/01-overview/anki/cloze.tsv	31
ok	200	official Java/Oracle documentation	https://docs.oracle.com/javase/specs/jvms/se21/html/jvms-4.html	/home/fhu_thjen/projects/learning-java/01-overview/anki/cloze.tsv	32
ok	200	official Java/Oracle documentation	https://docs.oracle.com/javase/specs/jvms/se21/html/jvms-4.html	/home/fhu_thjen/projects/learning-java/01-overview/anki/cloze.tsv	33
ok	200	official Java/Oracle documentation	https://docs.oracle.com/en/java/javase/21/gctuning/garbage-collector-implementation.html	/home/fhu_thjen/projects/learning-java/01-overview/anki/cloze.tsv	34
ok	200	official Java/Oracle documentation	https://docs.oracle.com/en/java/javase/21/gctuning/garbage-collector-implementation.html	/home/fhu_thjen/projects/learning-java/01-overview/anki/cloze.tsv	35
ok	200	needs manual trust review	https://www.oracle.com/java/technologies/java-se-support-roadmap.html	/home/fhu_thjen/projects/learning-java/01-overview/anki/cloze.tsv	36
ok	200	official OpenJDK project site	https://openjdk.org/jeps/444	/home/fhu_thjen/projects/learning-java/01-overview/anki/cloze.tsv	37
ok	200	official Java/Oracle documentation	https://docs.oracle.com/javase/tutorial/getStarted/intro/definition.html	/home/fhu_thjen/projects/learning-java/01-overview/anki/code-question.tsv	2
ok	200	official Java/Oracle documentation	https://docs.oracle.com/javase/tutorial/getStarted/intro/definition.html	/home/fhu_thjen/projects/learning-java/01-overview/anki/code-question.tsv	3
ok	200	official Java/Oracle documentation	https://docs.oracle.com/javase/tutorial/getStarted/intro/definition.html	/home/fhu_thjen/projects/learning-java/01-overview/anki/code-question.tsv	4
ok	200	official Java/Oracle documentation	https://docs.oracle.com/javase/tutorial/getStarted/intro/definition.html	/home/fhu_thjen/projects/learning-java/01-overview/anki/code-question.tsv	5
ok	200	official Java/Oracle documentation	https://docs.oracle.com/javase/tutorial/getStarted/intro/definition.html	/home/fhu_thjen/projects/learning-java/01-overview/anki/code-question.tsv	6
ok	200	official Java/Oracle documentation	https://docs.oracle.com/javase/tutorial/getStarted/intro/definition.html	/home/fhu_thjen/projects/learning-java/01-overview/anki/code-question.tsv	7
ok	200	official Java/Oracle documentation	https://docs.oracle.com/javase/tutorial/getStarted/intro/definition.html	/home/fhu_thjen/projects/learning-java/01-overview/anki/code-question.tsv	8
ok	200	official Java/Oracle documentation	https://docs.oracle.com/javase/tutorial/getStarted/intro/definition.html	/home/fhu_thjen/projects/learning-java/01-overview/anki/code-question.tsv	9
ok	200	official Java/Oracle documentation	https://docs.oracle.com/javase/tutorial/getStarted/intro/definition.html	/home/fhu_thjen/projects/learning-java/01-overview/anki/code-question.tsv	10
ok	200	official Java/Oracle documentation	https://docs.oracle.com/javase/tutorial/getStarted/intro/definition.html	/home/fhu_thjen/projects/learning-java/01-overview/anki/code-question.tsv	11
ok	200	official Java/Oracle documentation	https://docs.oracle.com/javase/tutorial/getStarted/intro/definition.html	/home/fhu_thjen/projects/learning-java/01-overview/anki/code-question.tsv	12
ok	200	official Java/Oracle documentation	https://docs.oracle.com/javase/tutorial/getStarted/intro/definition.html	/home/fhu_thjen/projects/learning-java/01-overview/anki/code-question.tsv	13
ok	200	official Java/Oracle documentation	https://docs.oracle.com/javase/tutorial/getStarted/intro/definition.html	/home/fhu_thjen/projects/learning-java/01-overview/anki/code-question.tsv	14
ok	200	official Java/Oracle documentation	https://docs.oracle.com/javase/tutorial/getStarted/intro/definition.html	/home/fhu_thjen/projects/learning-java/01-overview/anki/code-question.tsv	15
ok	200	official Java/Oracle documentation	https://docs.oracle.com/javase/tutorial/getStarted/intro/definition.html	/home/fhu_thjen/projects/learning-java/01-overview/anki/code-question.tsv	16
ok	200	official Java/Oracle documentation	https://docs.oracle.com/javase/tutorial/getStarted/intro/definition.html	/home/fhu_thjen/projects/learning-java/01-overview/anki/code-question.tsv	17
ok	200	official Java/Oracle documentation	https://docs.oracle.com/javase/tutorial/getStarted/intro/definition.html	/home/fhu_thjen/projects/learning-java/01-overview/anki/code-question.tsv	18
ok	200	official Java/Oracle documentation	https://docs.oracle.com/javase/specs/jvms/se21/html/jvms-2.html#jvms-2.5	/home/fhu_thjen/projects/learning-java/01-overview/anki/code-question.tsv	19
ok	200	official Java/Oracle documentation	https://docs.oracle.com/javase/tutorial/getStarted/application/	/home/fhu_thjen/projects/learning-java/02-basic-syntax/anki/basic-extra.tsv	2
ok	200	official Java/Oracle documentation	https://docs.oracle.com/javase/tutorial/getStarted/application/	/home/fhu_thjen/projects/learning-java/02-basic-syntax/anki/basic-extra.tsv	3
ok	200	official Java/Oracle documentation	https://docs.oracle.com/javase/tutorial/getStarted/application/	/home/fhu_thjen/projects/learning-java/02-basic-syntax/anki/basic-extra.tsv	4
ok	200	official Java/Oracle documentation	https://docs.oracle.com/javase/tutorial/getStarted/application/	/home/fhu_thjen/projects/learning-java/02-basic-syntax/anki/basic-extra.tsv	5
ok	200	official Java/Oracle documentation	https://docs.oracle.com/javase/tutorial/getStarted/application/	/home/fhu_thjen/projects/learning-java/02-basic-syntax/anki/basic-extra.tsv	6
ok	200	official Java/Oracle documentation	https://docs.oracle.com/javase/tutorial/getStarted/application/	/home/fhu_thjen/projects/learning-java/02-basic-syntax/anki/basic-extra.tsv	7
ok	200	official Java/Oracle documentation	https://docs.oracle.com/javase/tutorial/getStarted/application/	/home/fhu_thjen/projects/learning-java/02-basic-syntax/anki/basic-extra.tsv	8
ok	200	official Java/Oracle documentation	https://docs.oracle.com/javase/tutorial/getStarted/application/	/home/fhu_thjen/projects/learning-java/02-basic-syntax/anki/basic-extra.tsv	9
ok	200	official Java/Oracle documentation	https://docs.oracle.com/javase/tutorial/getStarted/application/	/home/fhu_thjen/projects/learning-java/02-basic-syntax/anki/basic-extra.tsv	10
ok	200	official Java/Oracle documentation	https://docs.oracle.com/javase/tutorial/getStarted/application/	/home/fhu_thjen/projects/learning-java/02-basic-syntax/anki/basic-extra.tsv	11
ok	200	official Java/Oracle documentation	https://docs.oracle.com/javase/tutorial/getStarted/application/	/home/fhu_thjen/projects/learning-java/02-basic-syntax/anki/basic-extra.tsv	12
ok	200	official Java/Oracle documentation	https://docs.oracle.com/javase/tutorial/getStarted/application/	/home/fhu_thjen/projects/learning-java/02-basic-syntax/anki/basic-extra.tsv	13
ok	200	official Java/Oracle documentation	https://docs.oracle.com/javase/tutorial/getStarted/application/	/home/fhu_thjen/projects/learning-java/02-basic-syntax/anki/basic-extra.tsv	14
ok	200	official Java/Oracle documentation	https://docs.oracle.com/javase/tutorial/getStarted/application/	/home/fhu_thjen/projects/learning-java/02-basic-syntax/anki/basic-extra.tsv	15
ok	200	official Java/Oracle documentation	https://docs.oracle.com/javase/tutorial/getStarted/application/	/home/fhu_thjen/projects/learning-java/02-basic-syntax/anki/basic-extra.tsv	16
ok	200	official Java/Oracle documentation	https://docs.oracle.com/javase/tutorial/getStarted/application/	/home/fhu_thjen/projects/learning-java/02-basic-syntax/anki/basic-extra.tsv	17
ok	200	official Java/Oracle documentation	https://docs.oracle.com/javase/tutorial/getStarted/application/	/home/fhu_thjen/projects/learning-java/02-basic-syntax/anki/basic-extra.tsv	18
ok	200	official Java/Oracle documentation	https://docs.oracle.com/javase/tutorial/getStarted/application/	/home/fhu_thjen/projects/learning-java/02-basic-syntax/anki/basic-extra.tsv	19
ok	200	official Java/Oracle documentation	https://docs.oracle.com/javase/tutorial/getStarted/application/	/home/fhu_thjen/projects/learning-java/02-basic-syntax/anki/basic-extra.tsv	20
ok	200	official Java/Oracle documentation	https://docs.oracle.com/javase/tutorial/getStarted/application/	/home/fhu_thjen/projects/learning-java/02-basic-syntax/anki/basic-extra.tsv	21
ok	200	official Java/Oracle documentation	https://docs.oracle.com/javase/specs/jls/se21/html/jls-8.html#jls-8.1	/home/fhu_thjen/projects/learning-java/02-basic-syntax/anki/basic-extra.tsv	22
ok	200	official Java/Oracle documentation	https://docs.oracle.com/javase/specs/jls/se21/html/jls-3.html#jls-3.8	/home/fhu_thjen/projects/learning-java/02-basic-syntax/anki/basic-extra.tsv	23
ok	200	official Java/Oracle documentation	https://docs.oracle.com/javase/specs/jls/se21/html/jls-12.html#jls-12.1.4	/home/fhu_thjen/projects/learning-java/02-basic-syntax/anki/basic-extra.tsv	24
ok	200	official Java/Oracle documentation	https://docs.oracle.com/javase/specs/jls/se21/html/jls-3.html#jls-3.7	/home/fhu_thjen/projects/learning-java/02-basic-syntax/anki/basic-extra.tsv	25
ok	200	official Java/Oracle documentation	https://docs.oracle.com/javase/specs/jls/se21/html/jls-7.html#jls-7.3	/home/fhu_thjen/projects/learning-java/02-basic-syntax/anki/basic-extra.tsv	26
ok	200	official Java/Oracle documentation	https://docs.oracle.com/javase/specs/jls/se21/html/jls-6.html#jls-6.3	/home/fhu_thjen/projects/learning-java/02-basic-syntax/anki/basic-extra.tsv	27
ok	200	official Java/Oracle documentation	https://docs.oracle.com/javase/tutorial/getStarted/application/	/home/fhu_thjen/projects/learning-java/02-basic-syntax/anki/basic.tsv	2
ok	200	official Java/Oracle documentation	https://docs.oracle.com/javase/tutorial/getStarted/application/	/home/fhu_thjen/projects/learning-java/02-basic-syntax/anki/basic.tsv	3
ok	200	official Java/Oracle documentation	https://docs.oracle.com/javase/tutorial/getStarted/application/	/home/fhu_thjen/projects/learning-java/02-basic-syntax/anki/basic.tsv	4
ok	200	official Java/Oracle documentation	https://docs.oracle.com/javase/tutorial/getStarted/application/	/home/fhu_thjen/projects/learning-java/02-basic-syntax/anki/basic.tsv	5
ok	200	official Java/Oracle documentation	https://docs.oracle.com/javase/tutorial/getStarted/application/	/home/fhu_thjen/projects/learning-java/02-basic-syntax/anki/basic.tsv	6
ok	200	official Java/Oracle documentation	https://docs.oracle.com/javase/tutorial/getStarted/application/	/home/fhu_thjen/projects/learning-java/02-basic-syntax/anki/basic.tsv	7
ok	200	official Java/Oracle documentation	https://docs.oracle.com/javase/tutorial/getStarted/application/	/home/fhu_thjen/projects/learning-java/02-basic-syntax/anki/basic.tsv	8
ok	200	official Java/Oracle documentation	https://docs.oracle.com/javase/tutorial/getStarted/application/	/home/fhu_thjen/projects/learning-java/02-basic-syntax/anki/basic.tsv	9
ok	200	official Java/Oracle documentation	https://docs.oracle.com/javase/tutorial/getStarted/application/	/home/fhu_thjen/projects/learning-java/02-basic-syntax/anki/basic.tsv	10
ok	200	official Java/Oracle documentation	https://docs.oracle.com/javase/tutorial/getStarted/application/	/home/fhu_thjen/projects/learning-java/02-basic-syntax/anki/basic.tsv	11
ok	200	official Java/Oracle documentation	https://docs.oracle.com/javase/tutorial/getStarted/application/	/home/fhu_thjen/projects/learning-java/02-basic-syntax/anki/basic.tsv	12
ok	200	official Java/Oracle documentation	https://docs.oracle.com/javase/tutorial/getStarted/application/	/home/fhu_thjen/projects/learning-java/02-basic-syntax/anki/basic.tsv	13
ok	200	official Java/Oracle documentation	https://docs.oracle.com/javase/tutorial/getStarted/application/	/home/fhu_thjen/projects/learning-java/02-basic-syntax/anki/basic.tsv	14
ok	200	official Java/Oracle documentation	https://docs.oracle.com/javase/tutorial/getStarted/application/	/home/fhu_thjen/projects/learning-java/02-basic-syntax/anki/basic.tsv	15
ok	200	official Java/Oracle documentation	https://docs.oracle.com/javase/tutorial/getStarted/application/	/home/fhu_thjen/projects/learning-java/02-basic-syntax/anki/basic.tsv	16
ok	200	official Java/Oracle documentation	https://docs.oracle.com/javase/tutorial/getStarted/application/	/home/fhu_thjen/projects/learning-java/02-basic-syntax/anki/basic.tsv	17
ok	200	official Java/Oracle documentation	https://docs.oracle.com/javase/tutorial/getStarted/application/	/home/fhu_thjen/projects/learning-java/02-basic-syntax/anki/basic.tsv	18
ok	200	official Java/Oracle documentation	https://docs.oracle.com/javase/tutorial/getStarted/application/	/home/fhu_thjen/projects/learning-java/02-basic-syntax/anki/basic.tsv	19
ok	200	official Java/Oracle documentation	https://docs.oracle.com/javase/tutorial/getStarted/application/	/home/fhu_thjen/projects/learning-java/02-basic-syntax/anki/basic.tsv	20
ok	200	official Java/Oracle documentation	https://docs.oracle.com/javase/tutorial/getStarted/application/	/home/fhu_thjen/projects/learning-java/02-basic-syntax/anki/basic.tsv	21
ok	200	official Java/Oracle documentation	https://docs.oracle.com/javase/tutorial/getStarted/application/	/home/fhu_thjen/projects/learning-java/02-basic-syntax/anki/basic.tsv	22
ok	200	official Java/Oracle documentation	https://docs.oracle.com/javase/tutorial/getStarted/application/	/home/fhu_thjen/projects/learning-java/02-basic-syntax/anki/basic.tsv	23
ok	200	official Java/Oracle documentation	https://docs.oracle.com/javase/tutorial/getStarted/application/	/home/fhu_thjen/projects/learning-java/02-basic-syntax/anki/basic.tsv	24
ok	200	official Java/Oracle documentation	https://docs.oracle.com/javase/tutorial/getStarted/application/	/home/fhu_thjen/projects/learning-java/02-basic-syntax/anki/basic.tsv	25
ok	200	official Java/Oracle documentation	https://docs.oracle.com/javase/tutorial/getStarted/application/	/home/fhu_thjen/projects/learning-java/02-basic-syntax/anki/basic.tsv	26
ok	200	official Java/Oracle documentation	https://docs.oracle.com/javase/tutorial/getStarted/application/	/home/fhu_thjen/projects/learning-java/02-basic-syntax/anki/basic.tsv	27
ok	200	official Java/Oracle documentation	https://docs.oracle.com/javase/tutorial/getStarted/application/	/home/fhu_thjen/projects/learning-java/02-basic-syntax/anki/basic.tsv	28
ok	200	official Java/Oracle documentation	https://docs.oracle.com/javase/tutorial/getStarted/application/	/home/fhu_thjen/projects/learning-java/02-basic-syntax/anki/basic.tsv	29
ok	200	official Java/Oracle documentation	https://docs.oracle.com/javase/tutorial/getStarted/application/	/home/fhu_thjen/projects/learning-java/02-basic-syntax/anki/basic.tsv	30
ok	200	official Java/Oracle documentation	https://docs.oracle.com/javase/tutorial/getStarted/application/	/home/fhu_thjen/projects/learning-java/02-basic-syntax/anki/basic.tsv	31
ok	200	official Java/Oracle documentation	https://docs.oracle.com/javase/tutorial/getStarted/application/	/home/fhu_thjen/projects/learning-java/02-basic-syntax/anki/basic.tsv	32
ok	200	official Java/Oracle documentation	https://docs.oracle.com/javase/tutorial/getStarted/application/	/home/fhu_thjen/projects/learning-java/02-basic-syntax/anki/basic.tsv	33
ok	200	official Java/Oracle documentation	https://docs.oracle.com/javase/tutorial/getStarted/application/	/home/fhu_thjen/projects/learning-java/02-basic-syntax/anki/basic.tsv	34
ok	200	official Java/Oracle documentation	https://docs.oracle.com/javase/tutorial/getStarted/application/	/home/fhu_thjen/projects/learning-java/02-basic-syntax/anki/basic.tsv	35
ok	200	official Java/Oracle documentation	https://docs.oracle.com/javase/tutorial/getStarted/application/	/home/fhu_thjen/projects/learning-java/02-basic-syntax/anki/basic.tsv	36
ok	200	official Java/Oracle documentation	https://docs.oracle.com/javase/tutorial/getStarted/application/	/home/fhu_thjen/projects/learning-java/02-basic-syntax/anki/basic.tsv	37
ok	200	official Java/Oracle documentation	https://docs.oracle.com/javase/tutorial/getStarted/application/	/home/fhu_thjen/projects/learning-java/02-basic-syntax/anki/basic.tsv	38
ok	200	official Java/Oracle documentation	https://docs.oracle.com/javase/tutorial/getStarted/application/	/home/fhu_thjen/projects/learning-java/02-basic-syntax/anki/basic.tsv	39
ok	200	official Java/Oracle documentation	https://docs.oracle.com/javase/tutorial/getStarted/application/	/home/fhu_thjen/projects/learning-java/02-basic-syntax/anki/basic.tsv	40
ok	200	official Java/Oracle documentation	https://docs.oracle.com/javase/tutorial/getStarted/application/	/home/fhu_thjen/projects/learning-java/02-basic-syntax/anki/basic.tsv	41
ok	200	official Java/Oracle documentation	https://docs.oracle.com/javase/tutorial/getStarted/application/	/home/fhu_thjen/projects/learning-java/02-basic-syntax/anki/basic.tsv	42
ok	200	official Java/Oracle documentation	https://docs.oracle.com/javase/tutorial/getStarted/application/	/home/fhu_thjen/projects/learning-java/02-basic-syntax/anki/basic.tsv	43
ok	200	official Java/Oracle documentation	https://docs.oracle.com/javase/tutorial/getStarted/application/	/home/fhu_thjen/projects/learning-java/02-basic-syntax/anki/cloze.tsv	2
ok	200	official Java/Oracle documentation	https://docs.oracle.com/javase/tutorial/getStarted/application/	/home/fhu_thjen/projects/learning-java/02-basic-syntax/anki/cloze.tsv	3
ok	200	official Java/Oracle documentation	https://docs.oracle.com/javase/tutorial/getStarted/application/	/home/fhu_thjen/projects/learning-java/02-basic-syntax/anki/cloze.tsv	4
ok	200	official Java/Oracle documentation	https://docs.oracle.com/javase/tutorial/getStarted/application/	/home/fhu_thjen/projects/learning-java/02-basic-syntax/anki/cloze.tsv	5
ok	200	official Java/Oracle documentation	https://docs.oracle.com/javase/tutorial/getStarted/application/	/home/fhu_thjen/projects/learning-java/02-basic-syntax/anki/cloze.tsv	6
ok	200	official Java/Oracle documentation	https://docs.oracle.com/javase/tutorial/getStarted/application/	/home/fhu_thjen/projects/learning-java/02-basic-syntax/anki/cloze.tsv	7
ok	200	official Java/Oracle documentation	https://docs.oracle.com/javase/tutorial/getStarted/application/	/home/fhu_thjen/projects/learning-java/02-basic-syntax/anki/cloze.tsv	8
ok	200	official Java/Oracle documentation	https://docs.oracle.com/javase/tutorial/getStarted/application/	/home/fhu_thjen/projects/learning-java/02-basic-syntax/anki/cloze.tsv	9
ok	200	official Java/Oracle documentation	https://docs.oracle.com/javase/tutorial/getStarted/application/	/home/fhu_thjen/projects/learning-java/02-basic-syntax/anki/cloze.tsv	10
ok	200	official Java/Oracle documentation	https://docs.oracle.com/javase/tutorial/getStarted/application/	/home/fhu_thjen/projects/learning-java/02-basic-syntax/anki/cloze.tsv	11
ok	200	official Java/Oracle documentation	https://docs.oracle.com/javase/tutorial/getStarted/application/	/home/fhu_thjen/projects/learning-java/02-basic-syntax/anki/cloze.tsv	12
ok	200	official Java/Oracle documentation	https://docs.oracle.com/javase/tutorial/getStarted/application/	/home/fhu_thjen/projects/learning-java/02-basic-syntax/anki/cloze.tsv	13
ok	200	official Java/Oracle documentation	https://docs.oracle.com/javase/tutorial/getStarted/application/	/home/fhu_thjen/projects/learning-java/02-basic-syntax/anki/cloze.tsv	14
ok	200	official Java/Oracle documentation	https://docs.oracle.com/javase/tutorial/getStarted/application/	/home/fhu_thjen/projects/learning-java/02-basic-syntax/anki/cloze.tsv	15
ok	200	official Java/Oracle documentation	https://docs.oracle.com/javase/tutorial/getStarted/application/	/home/fhu_thjen/projects/learning-java/02-basic-syntax/anki/cloze.tsv	16
ok	200	official Java/Oracle documentation	https://docs.oracle.com/javase/tutorial/getStarted/application/	/home/fhu_thjen/projects/learning-java/02-basic-syntax/anki/cloze.tsv	17
ok	200	official Java/Oracle documentation	https://docs.oracle.com/javase/tutorial/getStarted/application/	/home/fhu_thjen/projects/learning-java/02-basic-syntax/anki/cloze.tsv	18
ok	200	official Java/Oracle documentation	https://docs.oracle.com/javase/tutorial/getStarted/application/	/home/fhu_thjen/projects/learning-java/02-basic-syntax/anki/cloze.tsv	19
ok	200	official Java/Oracle documentation	https://docs.oracle.com/javase/tutorial/getStarted/application/	/home/fhu_thjen/projects/learning-java/02-basic-syntax/anki/cloze.tsv	20
ok	200	official Java/Oracle documentation	https://docs.oracle.com/javase/tutorial/getStarted/application/	/home/fhu_thjen/projects/learning-java/02-basic-syntax/anki/cloze.tsv	21
ok	200	official Java/Oracle documentation	https://docs.oracle.com/javase/tutorial/getStarted/application/	/home/fhu_thjen/projects/learning-java/02-basic-syntax/anki/cloze.tsv	22
ok	200	official Java/Oracle documentation	https://docs.oracle.com/javase/tutorial/getStarted/application/	/home/fhu_thjen/projects/learning-java/02-basic-syntax/anki/code-question.tsv	2
ok	200	official Java/Oracle documentation	https://docs.oracle.com/javase/tutorial/getStarted/application/	/home/fhu_thjen/projects/learning-java/02-basic-syntax/anki/code-question.tsv	3
ok	200	official Java/Oracle documentation	https://docs.oracle.com/javase/tutorial/getStarted/application/	/home/fhu_thjen/projects/learning-java/02-basic-syntax/anki/code-question.tsv	4
ok	200	official Java/Oracle documentation	https://docs.oracle.com/javase/tutorial/getStarted/application/	/home/fhu_thjen/projects/learning-java/02-basic-syntax/anki/code-question.tsv	5
ok	200	official Java/Oracle documentation	https://docs.oracle.com/javase/tutorial/getStarted/application/	/home/fhu_thjen/projects/learning-java/02-basic-syntax/anki/code-question.tsv	6
ok	200	official Java/Oracle documentation	https://docs.oracle.com/javase/tutorial/getStarted/application/	/home/fhu_thjen/projects/learning-java/02-basic-syntax/anki/code-question.tsv	7
ok	200	official Java/Oracle documentation	https://docs.oracle.com/javase/tutorial/getStarted/application/	/home/fhu_thjen/projects/learning-java/02-basic-syntax/anki/code-question.tsv	8
ok	200	official Java/Oracle documentation	https://docs.oracle.com/javase/tutorial/getStarted/application/	/home/fhu_thjen/projects/learning-java/02-basic-syntax/anki/code-question.tsv	9
ok	200	official Java/Oracle documentation	https://docs.oracle.com/javase/tutorial/getStarted/application/	/home/fhu_thjen/projects/learning-java/02-basic-syntax/anki/code-question.tsv	10
ok	200	official Java/Oracle documentation	https://docs.oracle.com/javase/tutorial/getStarted/application/	/home/fhu_thjen/projects/learning-java/02-basic-syntax/anki/code-question.tsv	11
ok	200	official Java/Oracle documentation	https://docs.oracle.com/javase/tutorial/getStarted/application/	/home/fhu_thjen/projects/learning-java/02-basic-syntax/anki/code-question.tsv	12
ok	200	official Java/Oracle documentation	https://docs.oracle.com/javase/tutorial/getStarted/application/	/home/fhu_thjen/projects/learning-java/02-basic-syntax/anki/code-question.tsv	13
ok	200	official Java/Oracle documentation	https://docs.oracle.com/javase/tutorial/getStarted/application/	/home/fhu_thjen/projects/learning-java/02-basic-syntax/anki/code-question.tsv	14
ok	200	official Java/Oracle documentation	https://docs.oracle.com/javase/tutorial/getStarted/application/	/home/fhu_thjen/projects/learning-java/02-basic-syntax/anki/code-question.tsv	15
ok	200	official Java/Oracle documentation	https://docs.oracle.com/javase/tutorial/getStarted/application/	/home/fhu_thjen/projects/learning-java/02-basic-syntax/anki/code-question.tsv	16
ok	200	official Java/Oracle documentation	https://docs.oracle.com/javase/tutorial/getStarted/application/	/home/fhu_thjen/projects/learning-java/02-basic-syntax/anki/code-question.tsv	17
ok	200	official Java/Oracle documentation	https://docs.oracle.com/javase/tutorial/getStarted/application/	/home/fhu_thjen/projects/learning-java/02-basic-syntax/anki/code-question.tsv	18
ok	200	official Java/Oracle documentation	https://docs.oracle.com/javase/tutorial/getStarted/application/	/home/fhu_thjen/projects/learning-java/02-basic-syntax/anki/code-question.tsv	19
ok	200	official Java/Oracle documentation	https://docs.oracle.com/javase/tutorial/getStarted/application/	/home/fhu_thjen/projects/learning-java/02-basic-syntax/anki/code-question.tsv	20
ok	200	official Java/Oracle documentation	https://docs.oracle.com/javase/tutorial/java/nutsandbolts/datatypes.html	/home/fhu_thjen/projects/learning-java/03-data-types/anki/basic-extra.tsv	2
ok	200	official Java/Oracle documentation	https://docs.oracle.com/javase/tutorial/java/nutsandbolts/datatypes.html	/home/fhu_thjen/projects/learning-java/03-data-types/anki/basic-extra.tsv	3
ok	200	official Java/Oracle documentation	https://docs.oracle.com/javase/tutorial/java/nutsandbolts/datatypes.html	/home/fhu_thjen/projects/learning-java/03-data-types/anki/basic-extra.tsv	4
ok	200	official Java/Oracle documentation	https://docs.oracle.com/javase/tutorial/java/nutsandbolts/datatypes.html	/home/fhu_thjen/projects/learning-java/03-data-types/anki/basic-extra.tsv	5
ok	200	official Java/Oracle documentation	https://docs.oracle.com/javase/tutorial/java/nutsandbolts/datatypes.html	/home/fhu_thjen/projects/learning-java/03-data-types/anki/basic-extra.tsv	6
ok	200	official Java/Oracle documentation	https://docs.oracle.com/javase/tutorial/java/nutsandbolts/datatypes.html	/home/fhu_thjen/projects/learning-java/03-data-types/anki/basic-extra.tsv	7
ok	200	official Java/Oracle documentation	https://docs.oracle.com/javase/tutorial/java/nutsandbolts/datatypes.html	/home/fhu_thjen/projects/learning-java/03-data-types/anki/basic-extra.tsv	8
ok	200	official Java/Oracle documentation	https://docs.oracle.com/javase/tutorial/java/nutsandbolts/datatypes.html	/home/fhu_thjen/projects/learning-java/03-data-types/anki/basic-extra.tsv	9
ok	200	official Java/Oracle documentation	https://docs.oracle.com/javase/tutorial/java/nutsandbolts/datatypes.html	/home/fhu_thjen/projects/learning-java/03-data-types/anki/basic-extra.tsv	10
ok	200	official Java/Oracle documentation	https://docs.oracle.com/javase/tutorial/java/nutsandbolts/datatypes.html	/home/fhu_thjen/projects/learning-java/03-data-types/anki/basic-extra.tsv	11
ok	200	official Java/Oracle documentation	https://docs.oracle.com/javase/tutorial/java/nutsandbolts/datatypes.html	/home/fhu_thjen/projects/learning-java/03-data-types/anki/basic-extra.tsv	12
ok	200	official Java/Oracle documentation	https://docs.oracle.com/javase/tutorial/java/nutsandbolts/datatypes.html	/home/fhu_thjen/projects/learning-java/03-data-types/anki/basic-extra.tsv	13
ok	200	official Java/Oracle documentation	https://docs.oracle.com/javase/tutorial/java/nutsandbolts/datatypes.html	/home/fhu_thjen/projects/learning-java/03-data-types/anki/basic-extra.tsv	14
ok	200	official Java/Oracle documentation	https://docs.oracle.com/javase/tutorial/java/nutsandbolts/datatypes.html	/home/fhu_thjen/projects/learning-java/03-data-types/anki/basic-extra.tsv	15
ok	200	official Java/Oracle documentation	https://docs.oracle.com/javase/tutorial/java/nutsandbolts/datatypes.html	/home/fhu_thjen/projects/learning-java/03-data-types/anki/basic-extra.tsv	16
ok	200	official Java/Oracle documentation	https://docs.oracle.com/javase/tutorial/java/nutsandbolts/datatypes.html	/home/fhu_thjen/projects/learning-java/03-data-types/anki/basic-extra.tsv	17
ok	200	official Java/Oracle documentation	https://docs.oracle.com/javase/tutorial/java/nutsandbolts/datatypes.html	/home/fhu_thjen/projects/learning-java/03-data-types/anki/basic-extra.tsv	18
ok	200	official Java/Oracle documentation	https://docs.oracle.com/javase/tutorial/java/nutsandbolts/datatypes.html	/home/fhu_thjen/projects/learning-java/03-data-types/anki/basic-extra.tsv	19
ok	200	official Java/Oracle documentation	https://docs.oracle.com/javase/tutorial/java/nutsandbolts/datatypes.html	/home/fhu_thjen/projects/learning-java/03-data-types/anki/basic-extra.tsv	20
ok	200	official Java/Oracle documentation	https://docs.oracle.com/javase/tutorial/java/nutsandbolts/datatypes.html	/home/fhu_thjen/projects/learning-java/03-data-types/anki/basic-extra.tsv	21
ok	200	official Java/Oracle documentation	https://docs.oracle.com/javase/tutorial/java/nutsandbolts/datatypes.html	/home/fhu_thjen/projects/learning-java/03-data-types/anki/basic-extra.tsv	22
ok	200	official Java/Oracle documentation	https://docs.oracle.com/javase/tutorial/java/nutsandbolts/datatypes.html	/home/fhu_thjen/projects/learning-java/03-data-types/anki/basic-extra.tsv	23
ok	200	official Java/Oracle documentation	https://docs.oracle.com/javase/tutorial/java/nutsandbolts/datatypes.html	/home/fhu_thjen/projects/learning-java/03-data-types/anki/basic-extra.tsv	24
ok	200	official Java/Oracle documentation	https://docs.oracle.com/javase/tutorial/java/nutsandbolts/datatypes.html	/home/fhu_thjen/projects/learning-java/03-data-types/anki/basic-extra.tsv	25
ok	200	official Java/Oracle documentation	https://docs.oracle.com/javase/tutorial/java/nutsandbolts/datatypes.html	/home/fhu_thjen/projects/learning-java/03-data-types/anki/basic-extra.tsv	26
ok	200	official Java/Oracle documentation	https://docs.oracle.com/javase/tutorial/java/nutsandbolts/datatypes.html	/home/fhu_thjen/projects/learning-java/03-data-types/anki/basic-extra.tsv	27
ok	200	official Java/Oracle documentation	https://docs.oracle.com/javase/tutorial/java/nutsandbolts/datatypes.html	/home/fhu_thjen/projects/learning-java/03-data-types/anki/basic-extra.tsv	28
ok	200	official Java/Oracle documentation	https://docs.oracle.com/javase/tutorial/java/nutsandbolts/datatypes.html	/home/fhu_thjen/projects/learning-java/03-data-types/anki/basic-extra.tsv	29
ok	200	official Java/Oracle documentation	https://docs.oracle.com/javase/tutorial/java/nutsandbolts/datatypes.html	/home/fhu_thjen/projects/learning-java/03-data-types/anki/basic-extra.tsv	30
ok	200	official Java/Oracle documentation	https://docs.oracle.com/javase/tutorial/java/nutsandbolts/datatypes.html	/home/fhu_thjen/projects/learning-java/03-data-types/anki/basic.tsv	2
ok	200	official Java/Oracle documentation	https://docs.oracle.com/javase/tutorial/java/nutsandbolts/datatypes.html	/home/fhu_thjen/projects/learning-java/03-data-types/anki/basic.tsv	3
ok	200	official Java/Oracle documentation	https://docs.oracle.com/javase/tutorial/java/nutsandbolts/datatypes.html	/home/fhu_thjen/projects/learning-java/03-data-types/anki/basic.tsv	4
ok	200	official Java/Oracle documentation	https://docs.oracle.com/javase/tutorial/java/nutsandbolts/datatypes.html	/home/fhu_thjen/projects/learning-java/03-data-types/anki/basic.tsv	5
ok	200	official Java/Oracle documentation	https://docs.oracle.com/javase/tutorial/java/nutsandbolts/datatypes.html	/home/fhu_thjen/projects/learning-java/03-data-types/anki/basic.tsv	6
ok	200	official Java/Oracle documentation	https://docs.oracle.com/javase/tutorial/java/nutsandbolts/datatypes.html	/home/fhu_thjen/projects/learning-java/03-data-types/anki/basic.tsv	7
ok	200	official Java/Oracle documentation	https://docs.oracle.com/javase/tutorial/java/nutsandbolts/datatypes.html	/home/fhu_thjen/projects/learning-java/03-data-types/anki/basic.tsv	8
ok	200	official Java/Oracle documentation	https://docs.oracle.com/javase/tutorial/java/nutsandbolts/datatypes.html	/home/fhu_thjen/projects/learning-java/03-data-types/anki/basic.tsv	9
ok	200	official Java/Oracle documentation	https://docs.oracle.com/javase/tutorial/java/nutsandbolts/datatypes.html	/home/fhu_thjen/projects/learning-java/03-data-types/anki/basic.tsv	10
ok	200	official Java/Oracle documentation	https://docs.oracle.com/javase/tutorial/java/nutsandbolts/datatypes.html	/home/fhu_thjen/projects/learning-java/03-data-types/anki/basic.tsv	11
ok	200	official Java/Oracle documentation	https://docs.oracle.com/javase/tutorial/java/nutsandbolts/datatypes.html	/home/fhu_thjen/projects/learning-java/03-data-types/anki/basic.tsv	12
ok	200	official Java/Oracle documentation	https://docs.oracle.com/javase/tutorial/java/nutsandbolts/datatypes.html	/home/fhu_thjen/projects/learning-java/03-data-types/anki/basic.tsv	13
ok	200	official Java/Oracle documentation	https://docs.oracle.com/javase/tutorial/java/nutsandbolts/datatypes.html	/home/fhu_thjen/projects/learning-java/03-data-types/anki/basic.tsv	14
ok	200	official Java/Oracle documentation	https://docs.oracle.com/javase/tutorial/java/nutsandbolts/datatypes.html	/home/fhu_thjen/projects/learning-java/03-data-types/anki/basic.tsv	15
ok	200	official Java/Oracle documentation	https://docs.oracle.com/javase/tutorial/java/nutsandbolts/datatypes.html	/home/fhu_thjen/projects/learning-java/03-data-types/anki/basic.tsv	16
ok	200	official Java/Oracle documentation	https://docs.oracle.com/javase/tutorial/java/nutsandbolts/datatypes.html	/home/fhu_thjen/projects/learning-java/03-data-types/anki/basic.tsv	17
ok	200	official Java/Oracle documentation	https://docs.oracle.com/javase/tutorial/java/nutsandbolts/datatypes.html	/home/fhu_thjen/projects/learning-java/03-data-types/anki/basic.tsv	18
ok	200	official Java/Oracle documentation	https://docs.oracle.com/javase/tutorial/java/nutsandbolts/datatypes.html	/home/fhu_thjen/projects/learning-java/03-data-types/anki/basic.tsv	19
ok	200	official Java/Oracle documentation	https://docs.oracle.com/javase/tutorial/java/nutsandbolts/datatypes.html	/home/fhu_thjen/projects/learning-java/03-data-types/anki/basic.tsv	20
ok	200	official Java/Oracle documentation	https://docs.oracle.com/javase/tutorial/java/nutsandbolts/datatypes.html	/home/fhu_thjen/projects/learning-java/03-data-types/anki/basic.tsv	21
ok	200	official Java/Oracle documentation	https://docs.oracle.com/javase/tutorial/java/nutsandbolts/datatypes.html	/home/fhu_thjen/projects/learning-java/03-data-types/anki/basic.tsv	22
ok	200	official Java/Oracle documentation	https://docs.oracle.com/javase/tutorial/java/nutsandbolts/datatypes.html	/home/fhu_thjen/projects/learning-java/03-data-types/anki/basic.tsv	23
ok	200	official Java/Oracle documentation	https://docs.oracle.com/javase/tutorial/java/nutsandbolts/datatypes.html	/home/fhu_thjen/projects/learning-java/03-data-types/anki/basic.tsv	24
ok	200	official Java/Oracle documentation	https://docs.oracle.com/javase/tutorial/java/nutsandbolts/datatypes.html	/home/fhu_thjen/projects/learning-java/03-data-types/anki/basic.tsv	25
ok	200	official Java/Oracle documentation	https://docs.oracle.com/javase/tutorial/java/nutsandbolts/datatypes.html	/home/fhu_thjen/projects/learning-java/03-data-types/anki/basic.tsv	26
ok	200	official Java/Oracle documentation	https://docs.oracle.com/javase/tutorial/java/nutsandbolts/datatypes.html	/home/fhu_thjen/projects/learning-java/03-data-types/anki/basic.tsv	27
ok	200	official Java/Oracle documentation	https://docs.oracle.com/javase/tutorial/java/nutsandbolts/datatypes.html	/home/fhu_thjen/projects/learning-java/03-data-types/anki/basic.tsv	28
ok	200	official Java/Oracle documentation	https://docs.oracle.com/javase/tutorial/java/nutsandbolts/datatypes.html	/home/fhu_thjen/projects/learning-java/03-data-types/anki/basic.tsv	29
ok	200	official Java/Oracle documentation	https://docs.oracle.com/javase/tutorial/java/nutsandbolts/datatypes.html	/home/fhu_thjen/projects/learning-java/03-data-types/anki/basic.tsv	30
ok	200	official Java/Oracle documentation	https://docs.oracle.com/javase/tutorial/java/nutsandbolts/datatypes.html	/home/fhu_thjen/projects/learning-java/03-data-types/anki/basic.tsv	31
ok	200	official Java/Oracle documentation	https://docs.oracle.com/javase/tutorial/java/nutsandbolts/datatypes.html	/home/fhu_thjen/projects/learning-java/03-data-types/anki/basic.tsv	32
ok	200	official Java/Oracle documentation	https://docs.oracle.com/javase/tutorial/java/nutsandbolts/datatypes.html	/home/fhu_thjen/projects/learning-java/03-data-types/anki/basic.tsv	33
ok	200	official Java/Oracle documentation	https://docs.oracle.com/javase/tutorial/java/nutsandbolts/datatypes.html	/home/fhu_thjen/projects/learning-java/03-data-types/anki/basic.tsv	34
ok	200	official Java/Oracle documentation	https://docs.oracle.com/javase/tutorial/java/nutsandbolts/datatypes.html	/home/fhu_thjen/projects/learning-java/03-data-types/anki/basic.tsv	35
ok	200	official Java/Oracle documentation	https://docs.oracle.com/javase/tutorial/java/nutsandbolts/datatypes.html	/home/fhu_thjen/projects/learning-java/03-data-types/anki/basic.tsv	36
ok	200	official Java/Oracle documentation	https://docs.oracle.com/javase/tutorial/java/nutsandbolts/datatypes.html	/home/fhu_thjen/projects/learning-java/03-data-types/anki/basic.tsv	37
ok	200	official Java/Oracle documentation	https://docs.oracle.com/javase/tutorial/java/nutsandbolts/datatypes.html	/home/fhu_thjen/projects/learning-java/03-data-types/anki/basic.tsv	38
ok	200	official Java/Oracle documentation	https://docs.oracle.com/javase/tutorial/java/nutsandbolts/datatypes.html	/home/fhu_thjen/projects/learning-java/03-data-types/anki/basic.tsv	39
ok	200	official Java/Oracle documentation	https://docs.oracle.com/javase/tutorial/java/nutsandbolts/datatypes.html	/home/fhu_thjen/projects/learning-java/03-data-types/anki/basic.tsv	40
ok	200	official Java/Oracle documentation	https://docs.oracle.com/javase/tutorial/java/nutsandbolts/datatypes.html	/home/fhu_thjen/projects/learning-java/03-data-types/anki/basic.tsv	41
ok	200	official Java/Oracle documentation	https://docs.oracle.com/javase/tutorial/java/nutsandbolts/datatypes.html	/home/fhu_thjen/projects/learning-java/03-data-types/anki/basic.tsv	42
ok	200	official Java/Oracle documentation	https://docs.oracle.com/javase/tutorial/java/nutsandbolts/datatypes.html	/home/fhu_thjen/projects/learning-java/03-data-types/anki/basic.tsv	43
ok	200	official Java/Oracle documentation	https://docs.oracle.com/javase/tutorial/java/nutsandbolts/datatypes.html	/home/fhu_thjen/projects/learning-java/03-data-types/anki/basic.tsv	44
ok	200	official Java/Oracle documentation	https://docs.oracle.com/javase/tutorial/java/nutsandbolts/datatypes.html	/home/fhu_thjen/projects/learning-java/03-data-types/anki/basic.tsv	45
ok	200	official Java/Oracle documentation	https://docs.oracle.com/javase/tutorial/java/nutsandbolts/datatypes.html	/home/fhu_thjen/projects/learning-java/03-data-types/anki/basic.tsv	46
ok	200	official Java/Oracle documentation	https://docs.oracle.com/javase/tutorial/java/nutsandbolts/datatypes.html	/home/fhu_thjen/projects/learning-java/03-data-types/anki/basic.tsv	47
ok	200	official Java/Oracle documentation	https://docs.oracle.com/javase/tutorial/java/nutsandbolts/datatypes.html	/home/fhu_thjen/projects/learning-java/03-data-types/anki/basic.tsv	48
ok	200	official Java/Oracle documentation	https://docs.oracle.com/javase/tutorial/java/nutsandbolts/datatypes.html	/home/fhu_thjen/projects/learning-java/03-data-types/anki/basic.tsv	49
ok	200	official Java/Oracle documentation	https://docs.oracle.com/javase/tutorial/java/nutsandbolts/datatypes.html	/home/fhu_thjen/projects/learning-java/03-data-types/anki/basic.tsv	50
ok	200	official Java/Oracle documentation	https://docs.oracle.com/javase/tutorial/java/nutsandbolts/datatypes.html	/home/fhu_thjen/projects/learning-java/03-data-types/anki/basic.tsv	51
ok	200	official Java/Oracle documentation	https://docs.oracle.com/javase/tutorial/java/nutsandbolts/datatypes.html	/home/fhu_thjen/projects/learning-java/03-data-types/anki/basic.tsv	52
ok	200	official Java/Oracle documentation	https://docs.oracle.com/javase/tutorial/java/nutsandbolts/datatypes.html	/home/fhu_thjen/projects/learning-java/03-data-types/anki/basic.tsv	53
ok	200	official Java/Oracle documentation	https://docs.oracle.com/javase/tutorial/java/nutsandbolts/datatypes.html	/home/fhu_thjen/projects/learning-java/03-data-types/anki/basic.tsv	54
ok	200	official Java/Oracle documentation	https://docs.oracle.com/javase/tutorial/java/nutsandbolts/datatypes.html	/home/fhu_thjen/projects/learning-java/03-data-types/anki/basic.tsv	55
ok	200	official Java/Oracle documentation	https://docs.oracle.com/javase/tutorial/java/nutsandbolts/datatypes.html	/home/fhu_thjen/projects/learning-java/03-data-types/anki/basic.tsv	56
ok	200	official Java/Oracle documentation	https://docs.oracle.com/javase/tutorial/java/nutsandbolts/datatypes.html	/home/fhu_thjen/projects/learning-java/03-data-types/anki/basic.tsv	57
ok	200	official Java/Oracle documentation	https://docs.oracle.com/javase/tutorial/java/nutsandbolts/datatypes.html	/home/fhu_thjen/projects/learning-java/03-data-types/anki/basic.tsv	58
ok	200	official Java/Oracle documentation	https://docs.oracle.com/javase/tutorial/java/nutsandbolts/datatypes.html	/home/fhu_thjen/projects/learning-java/03-data-types/anki/basic.tsv	59
ok	200	official Java/Oracle documentation	https://docs.oracle.com/javase/tutorial/java/nutsandbolts/datatypes.html	/home/fhu_thjen/projects/learning-java/03-data-types/anki/basic.tsv	60
ok	200	official Java/Oracle documentation	https://docs.oracle.com/javase/tutorial/java/nutsandbolts/datatypes.html	/home/fhu_thjen/projects/learning-java/03-data-types/anki/cloze.tsv	2
ok	200	official Java/Oracle documentation	https://docs.oracle.com/javase/tutorial/java/nutsandbolts/datatypes.html	/home/fhu_thjen/projects/learning-java/03-data-types/anki/cloze.tsv	3
ok	200	official Java/Oracle documentation	https://docs.oracle.com/javase/tutorial/java/nutsandbolts/datatypes.html	/home/fhu_thjen/projects/learning-java/03-data-types/anki/cloze.tsv	4
ok	200	official Java/Oracle documentation	https://docs.oracle.com/javase/tutorial/java/nutsandbolts/datatypes.html	/home/fhu_thjen/projects/learning-java/03-data-types/anki/cloze.tsv	5
ok	200	official Java/Oracle documentation	https://docs.oracle.com/javase/tutorial/java/nutsandbolts/datatypes.html	/home/fhu_thjen/projects/learning-java/03-data-types/anki/cloze.tsv	6
ok	200	official Java/Oracle documentation	https://docs.oracle.com/javase/tutorial/java/nutsandbolts/datatypes.html	/home/fhu_thjen/projects/learning-java/03-data-types/anki/cloze.tsv	7
ok	200	official Java/Oracle documentation	https://docs.oracle.com/javase/tutorial/java/nutsandbolts/datatypes.html	/home/fhu_thjen/projects/learning-java/03-data-types/anki/cloze.tsv	8
ok	200	official Java/Oracle documentation	https://docs.oracle.com/javase/tutorial/java/nutsandbolts/datatypes.html	/home/fhu_thjen/projects/learning-java/03-data-types/anki/cloze.tsv	9
ok	200	official Java/Oracle documentation	https://docs.oracle.com/javase/tutorial/java/nutsandbolts/datatypes.html	/home/fhu_thjen/projects/learning-java/03-data-types/anki/cloze.tsv	10
ok	200	official Java/Oracle documentation	https://docs.oracle.com/javase/tutorial/java/nutsandbolts/datatypes.html	/home/fhu_thjen/projects/learning-java/03-data-types/anki/cloze.tsv	11
ok	200	official Java/Oracle documentation	https://docs.oracle.com/javase/tutorial/java/nutsandbolts/datatypes.html	/home/fhu_thjen/projects/learning-java/03-data-types/anki/cloze.tsv	12
ok	200	official Java/Oracle documentation	https://docs.oracle.com/javase/tutorial/java/nutsandbolts/datatypes.html	/home/fhu_thjen/projects/learning-java/03-data-types/anki/cloze.tsv	13
ok	200	official Java/Oracle documentation	https://docs.oracle.com/javase/tutorial/java/nutsandbolts/datatypes.html	/home/fhu_thjen/projects/learning-java/03-data-types/anki/cloze.tsv	14
ok	200	official Java/Oracle documentation	https://docs.oracle.com/javase/tutorial/java/nutsandbolts/datatypes.html	/home/fhu_thjen/projects/learning-java/03-data-types/anki/cloze.tsv	15
ok	200	official Java/Oracle documentation	https://docs.oracle.com/javase/tutorial/java/nutsandbolts/datatypes.html	/home/fhu_thjen/projects/learning-java/03-data-types/anki/cloze.tsv	16
ok	200	official Java/Oracle documentation	https://docs.oracle.com/javase/tutorial/java/nutsandbolts/datatypes.html	/home/fhu_thjen/projects/learning-java/03-data-types/anki/cloze.tsv	17
ok	200	official Java/Oracle documentation	https://docs.oracle.com/javase/tutorial/java/nutsandbolts/datatypes.html	/home/fhu_thjen/projects/learning-java/03-data-types/anki/cloze.tsv	18
ok	200	official Java/Oracle documentation	https://docs.oracle.com/javase/tutorial/java/nutsandbolts/datatypes.html	/home/fhu_thjen/projects/learning-java/03-data-types/anki/cloze.tsv	19
ok	200	official Java/Oracle documentation	https://docs.oracle.com/javase/tutorial/java/nutsandbolts/datatypes.html	/home/fhu_thjen/projects/learning-java/03-data-types/anki/cloze.tsv	20
ok	200	official Java/Oracle documentation	https://docs.oracle.com/javase/tutorial/java/nutsandbolts/datatypes.html	/home/fhu_thjen/projects/learning-java/03-data-types/anki/cloze.tsv	21
ok	200	official Java/Oracle documentation	https://docs.oracle.com/javase/tutorial/java/nutsandbolts/datatypes.html	/home/fhu_thjen/projects/learning-java/03-data-types/anki/cloze.tsv	22
ok	200	official Java/Oracle documentation	https://docs.oracle.com/javase/tutorial/java/nutsandbolts/datatypes.html	/home/fhu_thjen/projects/learning-java/03-data-types/anki/cloze.tsv	23
ok	200	official Java/Oracle documentation	https://docs.oracle.com/javase/tutorial/java/nutsandbolts/datatypes.html	/home/fhu_thjen/projects/learning-java/03-data-types/anki/cloze.tsv	24
ok	200	official Java/Oracle documentation	https://docs.oracle.com/javase/tutorial/java/nutsandbolts/datatypes.html	/home/fhu_thjen/projects/learning-java/03-data-types/anki/cloze.tsv	25
ok	200	official Java/Oracle documentation	https://docs.oracle.com/javase/tutorial/java/nutsandbolts/datatypes.html	/home/fhu_thjen/projects/learning-java/03-data-types/anki/cloze.tsv	26
ok	200	official Java/Oracle documentation	https://docs.oracle.com/javase/tutorial/java/nutsandbolts/datatypes.html	/home/fhu_thjen/projects/learning-java/03-data-types/anki/cloze.tsv	27
ok	200	official Java/Oracle documentation	https://docs.oracle.com/javase/tutorial/java/nutsandbolts/datatypes.html	/home/fhu_thjen/projects/learning-java/03-data-types/anki/cloze.tsv	28
ok	200	official Java/Oracle documentation	https://docs.oracle.com/javase/tutorial/java/nutsandbolts/datatypes.html	/home/fhu_thjen/projects/learning-java/03-data-types/anki/cloze.tsv	29
ok	200	official Java/Oracle documentation	https://docs.oracle.com/javase/tutorial/java/nutsandbolts/datatypes.html	/home/fhu_thjen/projects/learning-java/03-data-types/anki/cloze.tsv	30
ok	200	official Java/Oracle documentation	https://docs.oracle.com/javase/tutorial/java/nutsandbolts/datatypes.html	/home/fhu_thjen/projects/learning-java/03-data-types/anki/cloze.tsv	31
ok	200	official Java/Oracle documentation	https://docs.oracle.com/javase/tutorial/java/nutsandbolts/datatypes.html	/home/fhu_thjen/projects/learning-java/03-data-types/anki/cloze.tsv	32
ok	200	official Java/Oracle documentation	https://docs.oracle.com/javase/tutorial/java/nutsandbolts/datatypes.html	/home/fhu_thjen/projects/learning-java/03-data-types/anki/cloze.tsv	33
ok	200	official Java/Oracle documentation	https://docs.oracle.com/javase/tutorial/java/nutsandbolts/datatypes.html	/home/fhu_thjen/projects/learning-java/03-data-types/anki/cloze.tsv	34
ok	200	official Java/Oracle documentation	https://docs.oracle.com/javase/tutorial/java/nutsandbolts/datatypes.html	/home/fhu_thjen/projects/learning-java/03-data-types/anki/code-question.tsv	2
ok	200	official Java/Oracle documentation	https://docs.oracle.com/javase/tutorial/java/nutsandbolts/datatypes.html	/home/fhu_thjen/projects/learning-java/03-data-types/anki/code-question.tsv	3
ok	200	official Java/Oracle documentation	https://docs.oracle.com/javase/tutorial/java/nutsandbolts/datatypes.html	/home/fhu_thjen/projects/learning-java/03-data-types/anki/code-question.tsv	4
ok	200	official Java/Oracle documentation	https://docs.oracle.com/javase/tutorial/java/nutsandbolts/datatypes.html	/home/fhu_thjen/projects/learning-java/03-data-types/anki/code-question.tsv	5
ok	200	official Java/Oracle documentation	https://docs.oracle.com/javase/tutorial/java/nutsandbolts/datatypes.html	/home/fhu_thjen/projects/learning-java/03-data-types/anki/code-question.tsv	6
ok	200	official Java/Oracle documentation	https://docs.oracle.com/javase/tutorial/java/nutsandbolts/datatypes.html	/home/fhu_thjen/projects/learning-java/03-data-types/anki/code-question.tsv	7
ok	200	official Java/Oracle documentation	https://docs.oracle.com/javase/tutorial/java/nutsandbolts/datatypes.html	/home/fhu_thjen/projects/learning-java/03-data-types/anki/code-question.tsv	8
ok	200	official Java/Oracle documentation	https://docs.oracle.com/javase/tutorial/java/nutsandbolts/datatypes.html	/home/fhu_thjen/projects/learning-java/03-data-types/anki/code-question.tsv	9
ok	200	official Java/Oracle documentation	https://docs.oracle.com/javase/tutorial/java/nutsandbolts/datatypes.html	/home/fhu_thjen/projects/learning-java/03-data-types/anki/code-question.tsv	10
ok	200	official Java/Oracle documentation	https://docs.oracle.com/javase/tutorial/java/nutsandbolts/datatypes.html	/home/fhu_thjen/projects/learning-java/03-data-types/anki/code-question.tsv	11
ok	200	official Java/Oracle documentation	https://docs.oracle.com/javase/tutorial/java/nutsandbolts/datatypes.html	/home/fhu_thjen/projects/learning-java/03-data-types/anki/code-question.tsv	12
ok	200	official Java/Oracle documentation	https://docs.oracle.com/javase/tutorial/java/nutsandbolts/datatypes.html	/home/fhu_thjen/projects/learning-java/03-data-types/anki/code-question.tsv	13
ok	200	official Java/Oracle documentation	https://docs.oracle.com/javase/tutorial/java/nutsandbolts/datatypes.html	/home/fhu_thjen/projects/learning-java/03-data-types/anki/code-question.tsv	14
ok	200	official Java/Oracle documentation	https://docs.oracle.com/javase/tutorial/java/nutsandbolts/datatypes.html	/home/fhu_thjen/projects/learning-java/03-data-types/anki/code-question.tsv	15
ok	200	official Java/Oracle documentation	https://docs.oracle.com/javase/tutorial/java/nutsandbolts/datatypes.html	/home/fhu_thjen/projects/learning-java/03-data-types/anki/code-question.tsv	16
ok	200	official Java/Oracle documentation	https://docs.oracle.com/javase/tutorial/java/nutsandbolts/datatypes.html	/home/fhu_thjen/projects/learning-java/03-data-types/anki/code-question.tsv	17
ok	200	official Java/Oracle documentation	https://docs.oracle.com/javase/tutorial/java/nutsandbolts/datatypes.html	/home/fhu_thjen/projects/learning-java/03-data-types/anki/code-question.tsv	18
ok	200	official Java/Oracle documentation	https://docs.oracle.com/javase/tutorial/java/nutsandbolts/datatypes.html	/home/fhu_thjen/projects/learning-java/03-data-types/anki/code-question.tsv	19
ok	200	official Java/Oracle documentation	https://docs.oracle.com/javase/tutorial/java/nutsandbolts/datatypes.html	/home/fhu_thjen/projects/learning-java/03-data-types/anki/code-question.tsv	20
ok	200	official Java/Oracle documentation	https://docs.oracle.com/javase/tutorial/java/nutsandbolts/datatypes.html	/home/fhu_thjen/projects/learning-java/03-data-types/anki/code-question.tsv	21
ok	200	official Java/Oracle documentation	https://docs.oracle.com/javase/tutorial/java/nutsandbolts/datatypes.html	/home/fhu_thjen/projects/learning-java/03-data-types/anki/code-question.tsv	22
ok	200	official Java/Oracle documentation	https://docs.oracle.com/javase/tutorial/java/nutsandbolts/datatypes.html	/home/fhu_thjen/projects/learning-java/03-data-types/anki/code-question.tsv	23
ok	200	official Java/Oracle documentation	https://docs.oracle.com/javase/tutorial/java/nutsandbolts/datatypes.html	/home/fhu_thjen/projects/learning-java/03-data-types/anki/code-question.tsv	24
ok	200	official Java/Oracle documentation	https://docs.oracle.com/javase/tutorial/java/nutsandbolts/variables.html	/home/fhu_thjen/projects/learning-java/04-variables-constants/anki/basic-extra.tsv	2
ok	200	official Java/Oracle documentation	https://docs.oracle.com/javase/tutorial/java/nutsandbolts/variables.html	/home/fhu_thjen/projects/learning-java/04-variables-constants/anki/basic-extra.tsv	3
ok	200	official Java/Oracle documentation	https://docs.oracle.com/javase/tutorial/java/nutsandbolts/variables.html	/home/fhu_thjen/projects/learning-java/04-variables-constants/anki/basic-extra.tsv	4
ok	200	official Java/Oracle documentation	https://docs.oracle.com/javase/tutorial/java/nutsandbolts/variables.html	/home/fhu_thjen/projects/learning-java/04-variables-constants/anki/basic-extra.tsv	5
ok	200	official Java/Oracle documentation	https://docs.oracle.com/javase/tutorial/java/nutsandbolts/variables.html	/home/fhu_thjen/projects/learning-java/04-variables-constants/anki/basic-extra.tsv	6
ok	200	official Java/Oracle documentation	https://docs.oracle.com/javase/tutorial/java/nutsandbolts/variables.html	/home/fhu_thjen/projects/learning-java/04-variables-constants/anki/basic-extra.tsv	7
ok	200	official Java/Oracle documentation	https://docs.oracle.com/javase/tutorial/java/nutsandbolts/variables.html	/home/fhu_thjen/projects/learning-java/04-variables-constants/anki/basic-extra.tsv	8
ok	200	official Java/Oracle documentation	https://docs.oracle.com/javase/tutorial/java/nutsandbolts/variables.html	/home/fhu_thjen/projects/learning-java/04-variables-constants/anki/basic-extra.tsv	9
ok	200	official Java/Oracle documentation	https://docs.oracle.com/javase/tutorial/java/nutsandbolts/variables.html	/home/fhu_thjen/projects/learning-java/04-variables-constants/anki/basic-extra.tsv	10
ok	200	official Java/Oracle documentation	https://docs.oracle.com/javase/tutorial/java/nutsandbolts/variables.html	/home/fhu_thjen/projects/learning-java/04-variables-constants/anki/basic-extra.tsv	11
ok	200	official Java/Oracle documentation	https://docs.oracle.com/javase/tutorial/java/nutsandbolts/variables.html	/home/fhu_thjen/projects/learning-java/04-variables-constants/anki/basic-extra.tsv	12
ok	200	official Java/Oracle documentation	https://docs.oracle.com/javase/tutorial/java/nutsandbolts/variables.html	/home/fhu_thjen/projects/learning-java/04-variables-constants/anki/basic-extra.tsv	13
ok	200	official Java/Oracle documentation	https://docs.oracle.com/javase/specs/jls/se21/html/jls-14.html#jls-14.4	/home/fhu_thjen/projects/learning-java/04-variables-constants/anki/basic-extra.tsv	14
ok	200	official Java/Oracle documentation	https://docs.oracle.com/javase/specs/jls/se21/html/jls-4.html#jls-4.12.4	/home/fhu_thjen/projects/learning-java/04-variables-constants/anki/basic-extra.tsv	15
ok	200	official Java/Oracle documentation	https://docs.oracle.com/javase/tutorial/java/nutsandbolts/variables.html	/home/fhu_thjen/projects/learning-java/04-variables-constants/anki/basic-extra.tsv	16
ok	200	official Java/Oracle documentation	https://docs.oracle.com/javase/specs/jls/se21/html/jls-4.html#jls-4.12.5	/home/fhu_thjen/projects/learning-java/04-variables-constants/anki/basic-extra.tsv	17
ok	200	official Java/Oracle documentation	https://docs.oracle.com/javase/tutorial/java/nutsandbolts/variables.html	/home/fhu_thjen/projects/learning-java/04-variables-constants/anki/basic.tsv	2
ok	200	official Java/Oracle documentation	https://docs.oracle.com/javase/tutorial/java/nutsandbolts/variables.html	/home/fhu_thjen/projects/learning-java/04-variables-constants/anki/basic.tsv	3
ok	200	official Java/Oracle documentation	https://docs.oracle.com/javase/tutorial/java/nutsandbolts/variables.html	/home/fhu_thjen/projects/learning-java/04-variables-constants/anki/basic.tsv	4
ok	200	official Java/Oracle documentation	https://docs.oracle.com/javase/tutorial/java/nutsandbolts/variables.html	/home/fhu_thjen/projects/learning-java/04-variables-constants/anki/basic.tsv	5
ok	200	official Java/Oracle documentation	https://docs.oracle.com/javase/tutorial/java/nutsandbolts/variables.html	/home/fhu_thjen/projects/learning-java/04-variables-constants/anki/basic.tsv	6
ok	200	official Java/Oracle documentation	https://docs.oracle.com/javase/tutorial/java/nutsandbolts/variables.html	/home/fhu_thjen/projects/learning-java/04-variables-constants/anki/basic.tsv	7
ok	200	official Java/Oracle documentation	https://docs.oracle.com/javase/tutorial/java/nutsandbolts/variables.html	/home/fhu_thjen/projects/learning-java/04-variables-constants/anki/basic.tsv	8
ok	200	official Java/Oracle documentation	https://docs.oracle.com/javase/tutorial/java/nutsandbolts/variables.html	/home/fhu_thjen/projects/learning-java/04-variables-constants/anki/basic.tsv	9
ok	200	official Java/Oracle documentation	https://docs.oracle.com/javase/tutorial/java/nutsandbolts/variables.html	/home/fhu_thjen/projects/learning-java/04-variables-constants/anki/basic.tsv	10
ok	200	official Java/Oracle documentation	https://docs.oracle.com/javase/tutorial/java/nutsandbolts/variables.html	/home/fhu_thjen/projects/learning-java/04-variables-constants/anki/basic.tsv	11
ok	200	official Java/Oracle documentation	https://docs.oracle.com/javase/tutorial/java/nutsandbolts/variables.html	/home/fhu_thjen/projects/learning-java/04-variables-constants/anki/basic.tsv	12
ok	200	official Java/Oracle documentation	https://docs.oracle.com/javase/tutorial/java/nutsandbolts/variables.html	/home/fhu_thjen/projects/learning-java/04-variables-constants/anki/basic.tsv	13
ok	200	official Java/Oracle documentation	https://docs.oracle.com/javase/tutorial/java/nutsandbolts/variables.html	/home/fhu_thjen/projects/learning-java/04-variables-constants/anki/basic.tsv	14
ok	200	official Java/Oracle documentation	https://docs.oracle.com/javase/tutorial/java/nutsandbolts/variables.html	/home/fhu_thjen/projects/learning-java/04-variables-constants/anki/basic.tsv	15
ok	200	official Java/Oracle documentation	https://docs.oracle.com/javase/tutorial/java/nutsandbolts/variables.html	/home/fhu_thjen/projects/learning-java/04-variables-constants/anki/basic.tsv	16
ok	200	official Java/Oracle documentation	https://docs.oracle.com/javase/tutorial/java/nutsandbolts/variables.html	/home/fhu_thjen/projects/learning-java/04-variables-constants/anki/basic.tsv	17
ok	200	official Java/Oracle documentation	https://docs.oracle.com/javase/tutorial/java/nutsandbolts/variables.html	/home/fhu_thjen/projects/learning-java/04-variables-constants/anki/basic.tsv	18
ok	200	official Java/Oracle documentation	https://docs.oracle.com/javase/tutorial/java/nutsandbolts/variables.html	/home/fhu_thjen/projects/learning-java/04-variables-constants/anki/basic.tsv	19
ok	200	official Java/Oracle documentation	https://docs.oracle.com/javase/tutorial/java/nutsandbolts/variables.html	/home/fhu_thjen/projects/learning-java/04-variables-constants/anki/basic.tsv	20
ok	200	official Java/Oracle documentation	https://docs.oracle.com/javase/tutorial/java/nutsandbolts/variables.html	/home/fhu_thjen/projects/learning-java/04-variables-constants/anki/basic.tsv	21
ok	200	official Java/Oracle documentation	https://docs.oracle.com/javase/tutorial/java/nutsandbolts/variables.html	/home/fhu_thjen/projects/learning-java/04-variables-constants/anki/basic.tsv	22
ok	200	official Java/Oracle documentation	https://docs.oracle.com/javase/tutorial/java/nutsandbolts/variables.html	/home/fhu_thjen/projects/learning-java/04-variables-constants/anki/basic.tsv	23
ok	200	official Java/Oracle documentation	https://docs.oracle.com/javase/tutorial/java/nutsandbolts/variables.html	/home/fhu_thjen/projects/learning-java/04-variables-constants/anki/basic.tsv	24
ok	200	official Java/Oracle documentation	https://docs.oracle.com/javase/tutorial/java/nutsandbolts/variables.html	/home/fhu_thjen/projects/learning-java/04-variables-constants/anki/basic.tsv	25
ok	200	official Java/Oracle documentation	https://docs.oracle.com/javase/tutorial/java/nutsandbolts/variables.html	/home/fhu_thjen/projects/learning-java/04-variables-constants/anki/basic.tsv	26
ok	200	official Java/Oracle documentation	https://docs.oracle.com/javase/tutorial/java/nutsandbolts/variables.html	/home/fhu_thjen/projects/learning-java/04-variables-constants/anki/basic.tsv	27
ok	200	official Java/Oracle documentation	https://docs.oracle.com/javase/tutorial/java/nutsandbolts/variables.html	/home/fhu_thjen/projects/learning-java/04-variables-constants/anki/basic.tsv	28
ok	200	official Java/Oracle documentation	https://docs.oracle.com/javase/tutorial/java/nutsandbolts/variables.html	/home/fhu_thjen/projects/learning-java/04-variables-constants/anki/basic.tsv	29
ok	200	official Java/Oracle documentation	https://docs.oracle.com/javase/tutorial/java/nutsandbolts/variables.html	/home/fhu_thjen/projects/learning-java/04-variables-constants/anki/basic.tsv	30
ok	200	official Java/Oracle documentation	https://docs.oracle.com/javase/tutorial/java/nutsandbolts/variables.html	/home/fhu_thjen/projects/learning-java/04-variables-constants/anki/basic.tsv	31
ok	200	official Java/Oracle documentation	https://docs.oracle.com/javase/tutorial/java/nutsandbolts/variables.html	/home/fhu_thjen/projects/learning-java/04-variables-constants/anki/basic.tsv	32
ok	200	official Java/Oracle documentation	https://docs.oracle.com/javase/tutorial/java/nutsandbolts/variables.html	/home/fhu_thjen/projects/learning-java/04-variables-constants/anki/basic.tsv	33
ok	200	official Java/Oracle documentation	https://docs.oracle.com/javase/tutorial/java/nutsandbolts/variables.html	/home/fhu_thjen/projects/learning-java/04-variables-constants/anki/basic.tsv	34
ok	200	official Java/Oracle documentation	https://docs.oracle.com/javase/tutorial/java/nutsandbolts/variables.html	/home/fhu_thjen/projects/learning-java/04-variables-constants/anki/basic.tsv	35
ok	200	official Java/Oracle documentation	https://docs.oracle.com/javase/tutorial/java/nutsandbolts/variables.html	/home/fhu_thjen/projects/learning-java/04-variables-constants/anki/basic.tsv	36
ok	200	official Java/Oracle documentation	https://docs.oracle.com/javase/specs/jls/se21/html/jls-4.html#jls-4.12.3	/home/fhu_thjen/projects/learning-java/04-variables-constants/anki/basic.tsv	37
ok	200	official Java/Oracle documentation	https://docs.oracle.com/javase/specs/jls/se21/html/jls-4.html#jls-4.12.3	/home/fhu_thjen/projects/learning-java/04-variables-constants/anki/basic.tsv	38
ok	200	official Java/Oracle documentation	https://docs.oracle.com/javase/specs/jls/se21/html/jls-4.html#jls-4.12.3	/home/fhu_thjen/projects/learning-java/04-variables-constants/anki/basic.tsv	39
ok	200	official Java/Oracle documentation	https://docs.oracle.com/javase/specs/jls/se21/html/jls-4.html#jls-4.12.4	/home/fhu_thjen/projects/learning-java/04-variables-constants/anki/basic.tsv	40
ok	200	official Java/Oracle documentation	https://docs.oracle.com/javase/specs/jls/se21/html/jls-4.html#jls-4.12.4	/home/fhu_thjen/projects/learning-java/04-variables-constants/anki/basic.tsv	41
ok	200	official Java/Oracle documentation	https://docs.oracle.com/javase/tutorial/java/nutsandbolts/variables.html	/home/fhu_thjen/projects/learning-java/04-variables-constants/anki/cloze.tsv	2
ok	200	official Java/Oracle documentation	https://docs.oracle.com/javase/tutorial/java/nutsandbolts/variables.html	/home/fhu_thjen/projects/learning-java/04-variables-constants/anki/cloze.tsv	3
ok	200	official Java/Oracle documentation	https://docs.oracle.com/javase/tutorial/java/nutsandbolts/variables.html	/home/fhu_thjen/projects/learning-java/04-variables-constants/anki/cloze.tsv	4
ok	200	official Java/Oracle documentation	https://docs.oracle.com/javase/tutorial/java/nutsandbolts/variables.html	/home/fhu_thjen/projects/learning-java/04-variables-constants/anki/cloze.tsv	5
ok	200	official Java/Oracle documentation	https://docs.oracle.com/javase/tutorial/java/nutsandbolts/variables.html	/home/fhu_thjen/projects/learning-java/04-variables-constants/anki/cloze.tsv	6
ok	200	official Java/Oracle documentation	https://docs.oracle.com/javase/tutorial/java/nutsandbolts/variables.html	/home/fhu_thjen/projects/learning-java/04-variables-constants/anki/cloze.tsv	7
ok	200	official Java/Oracle documentation	https://docs.oracle.com/javase/tutorial/java/nutsandbolts/variables.html	/home/fhu_thjen/projects/learning-java/04-variables-constants/anki/cloze.tsv	8
ok	200	official Java/Oracle documentation	https://docs.oracle.com/javase/tutorial/java/nutsandbolts/variables.html	/home/fhu_thjen/projects/learning-java/04-variables-constants/anki/cloze.tsv	9
ok	200	official Java/Oracle documentation	https://docs.oracle.com/javase/tutorial/java/nutsandbolts/variables.html	/home/fhu_thjen/projects/learning-java/04-variables-constants/anki/cloze.tsv	10
ok	200	official Java/Oracle documentation	https://docs.oracle.com/javase/tutorial/java/nutsandbolts/variables.html	/home/fhu_thjen/projects/learning-java/04-variables-constants/anki/cloze.tsv	11
ok	200	official Java/Oracle documentation	https://docs.oracle.com/javase/tutorial/java/nutsandbolts/variables.html	/home/fhu_thjen/projects/learning-java/04-variables-constants/anki/cloze.tsv	12
ok	200	official Java/Oracle documentation	https://docs.oracle.com/javase/tutorial/java/nutsandbolts/variables.html	/home/fhu_thjen/projects/learning-java/04-variables-constants/anki/cloze.tsv	13
ok	200	official Java/Oracle documentation	https://docs.oracle.com/javase/tutorial/java/nutsandbolts/variables.html	/home/fhu_thjen/projects/learning-java/04-variables-constants/anki/cloze.tsv	14
ok	200	official Java/Oracle documentation	https://docs.oracle.com/javase/tutorial/java/nutsandbolts/variables.html	/home/fhu_thjen/projects/learning-java/04-variables-constants/anki/cloze.tsv	15
ok	200	official Java/Oracle documentation	https://docs.oracle.com/javase/tutorial/java/nutsandbolts/variables.html	/home/fhu_thjen/projects/learning-java/04-variables-constants/anki/cloze.tsv	16
ok	200	official Java/Oracle documentation	https://docs.oracle.com/javase/tutorial/java/nutsandbolts/variables.html	/home/fhu_thjen/projects/learning-java/04-variables-constants/anki/cloze.tsv	17
ok	200	official Java/Oracle documentation	https://docs.oracle.com/javase/tutorial/java/nutsandbolts/variables.html	/home/fhu_thjen/projects/learning-java/04-variables-constants/anki/cloze.tsv	18
ok	200	official Java/Oracle documentation	https://docs.oracle.com/javase/tutorial/java/nutsandbolts/variables.html	/home/fhu_thjen/projects/learning-java/04-variables-constants/anki/cloze.tsv	19
ok	200	official Java/Oracle documentation	https://docs.oracle.com/javase/specs/jls/se21/html/jls-4.html#jls-4.12.3	/home/fhu_thjen/projects/learning-java/04-variables-constants/anki/cloze.tsv	20
ok	200	official Java/Oracle documentation	https://docs.oracle.com/javase/specs/jls/se21/html/jls-4.html#jls-4.12.3	/home/fhu_thjen/projects/learning-java/04-variables-constants/anki/cloze.tsv	21
ok	200	official Java/Oracle documentation	https://docs.oracle.com/javase/specs/jls/se21/html/jls-4.html#jls-4.12.4	/home/fhu_thjen/projects/learning-java/04-variables-constants/anki/cloze.tsv	22
ok	200	official Java/Oracle documentation	https://docs.oracle.com/javase/specs/jls/se21/html/jls-16.html	/home/fhu_thjen/projects/learning-java/04-variables-constants/anki/cloze.tsv	23
ok	200	official Java/Oracle documentation	https://docs.oracle.com/javase/tutorial/java/nutsandbolts/variables.html	/home/fhu_thjen/projects/learning-java/04-variables-constants/anki/code-question.tsv	2
ok	200	official Java/Oracle documentation	https://docs.oracle.com/javase/tutorial/java/nutsandbolts/variables.html	/home/fhu_thjen/projects/learning-java/04-variables-constants/anki/code-question.tsv	3
ok	200	official Java/Oracle documentation	https://docs.oracle.com/javase/tutorial/java/nutsandbolts/variables.html	/home/fhu_thjen/projects/learning-java/04-variables-constants/anki/code-question.tsv	4
ok	200	official Java/Oracle documentation	https://docs.oracle.com/javase/tutorial/java/nutsandbolts/variables.html	/home/fhu_thjen/projects/learning-java/04-variables-constants/anki/code-question.tsv	5
ok	200	official Java/Oracle documentation	https://docs.oracle.com/javase/tutorial/java/nutsandbolts/variables.html	/home/fhu_thjen/projects/learning-java/04-variables-constants/anki/code-question.tsv	6
ok	200	official Java/Oracle documentation	https://docs.oracle.com/javase/tutorial/java/nutsandbolts/variables.html	/home/fhu_thjen/projects/learning-java/04-variables-constants/anki/code-question.tsv	7
ok	200	official Java/Oracle documentation	https://docs.oracle.com/javase/tutorial/java/nutsandbolts/variables.html	/home/fhu_thjen/projects/learning-java/04-variables-constants/anki/code-question.tsv	8
ok	200	official Java/Oracle documentation	https://docs.oracle.com/javase/tutorial/java/nutsandbolts/variables.html	/home/fhu_thjen/projects/learning-java/04-variables-constants/anki/code-question.tsv	9
ok	200	official Java/Oracle documentation	https://docs.oracle.com/javase/tutorial/java/nutsandbolts/variables.html	/home/fhu_thjen/projects/learning-java/04-variables-constants/anki/code-question.tsv	10
ok	200	official Java/Oracle documentation	https://docs.oracle.com/javase/tutorial/java/nutsandbolts/variables.html	/home/fhu_thjen/projects/learning-java/04-variables-constants/anki/code-question.tsv	11
ok	200	official Java/Oracle documentation	https://docs.oracle.com/javase/tutorial/java/nutsandbolts/variables.html	/home/fhu_thjen/projects/learning-java/04-variables-constants/anki/code-question.tsv	12
ok	200	official Java/Oracle documentation	https://docs.oracle.com/javase/tutorial/java/nutsandbolts/variables.html	/home/fhu_thjen/projects/learning-java/04-variables-constants/anki/code-question.tsv	13
ok	200	official Java/Oracle documentation	https://docs.oracle.com/javase/tutorial/java/nutsandbolts/variables.html	/home/fhu_thjen/projects/learning-java/04-variables-constants/anki/code-question.tsv	14
ok	200	official Java/Oracle documentation	https://docs.oracle.com/javase/tutorial/java/nutsandbolts/variables.html	/home/fhu_thjen/projects/learning-java/04-variables-constants/anki/code-question.tsv	15
ok	200	official Java/Oracle documentation	https://docs.oracle.com/javase/tutorial/java/nutsandbolts/variables.html	/home/fhu_thjen/projects/learning-java/04-variables-constants/anki/code-question.tsv	16
ok	200	official Java/Oracle documentation	https://docs.oracle.com/javase/tutorial/java/nutsandbolts/variables.html	/home/fhu_thjen/projects/learning-java/04-variables-constants/anki/code-question.tsv	17
ok	200	official Java/Oracle documentation	https://docs.oracle.com/javase/tutorial/java/nutsandbolts/variables.html	/home/fhu_thjen/projects/learning-java/04-variables-constants/anki/code-question.tsv	18
ok	200	official Java/Oracle documentation	https://docs.oracle.com/javase/tutorial/java/nutsandbolts/variables.html	/home/fhu_thjen/projects/learning-java/04-variables-constants/anki/code-question.tsv	19
ok	200	official Java/Oracle documentation	https://docs.oracle.com/javase/specs/jls/se21/html/jls-4.html#jls-4.12.4	/home/fhu_thjen/projects/learning-java/04-variables-constants/anki/code-question.tsv	20
ok	200	official Java/Oracle documentation	https://docs.oracle.com/javase/specs/jls/se21/html/jls-14.html#jls-14.4	/home/fhu_thjen/projects/learning-java/04-variables-constants/anki/code-question.tsv	21
ok	200	official Java/Oracle documentation	https://docs.oracle.com/javase/tutorial/java/nutsandbolts/operators.html	/home/fhu_thjen/projects/learning-java/05-operators/anki/basic-extra.tsv	2
ok	200	official Java/Oracle documentation	https://docs.oracle.com/javase/tutorial/java/nutsandbolts/operators.html	/home/fhu_thjen/projects/learning-java/05-operators/anki/basic-extra.tsv	3
ok	200	official Java/Oracle documentation	https://docs.oracle.com/javase/tutorial/java/nutsandbolts/operators.html	/home/fhu_thjen/projects/learning-java/05-operators/anki/basic-extra.tsv	4
ok	200	official Java/Oracle documentation	https://docs.oracle.com/javase/tutorial/java/nutsandbolts/operators.html	/home/fhu_thjen/projects/learning-java/05-operators/anki/basic-extra.tsv	5
ok	200	official Java/Oracle documentation	https://docs.oracle.com/javase/tutorial/java/nutsandbolts/operators.html	/home/fhu_thjen/projects/learning-java/05-operators/anki/basic-extra.tsv	6
ok	200	official Java/Oracle documentation	https://docs.oracle.com/javase/tutorial/java/nutsandbolts/operators.html	/home/fhu_thjen/projects/learning-java/05-operators/anki/basic-extra.tsv	7
ok	200	official Java/Oracle documentation	https://docs.oracle.com/javase/tutorial/java/nutsandbolts/operators.html	/home/fhu_thjen/projects/learning-java/05-operators/anki/basic-extra.tsv	8
ok	200	official Java/Oracle documentation	https://docs.oracle.com/javase/tutorial/java/nutsandbolts/operators.html	/home/fhu_thjen/projects/learning-java/05-operators/anki/basic-extra.tsv	9
ok	200	official Java/Oracle documentation	https://docs.oracle.com/javase/tutorial/java/nutsandbolts/operators.html	/home/fhu_thjen/projects/learning-java/05-operators/anki/basic-extra.tsv	10
ok	200	official Java/Oracle documentation	https://docs.oracle.com/javase/tutorial/java/nutsandbolts/operators.html	/home/fhu_thjen/projects/learning-java/05-operators/anki/basic-extra.tsv	11
ok	200	official Java/Oracle documentation	https://docs.oracle.com/javase/tutorial/java/nutsandbolts/operators.html	/home/fhu_thjen/projects/learning-java/05-operators/anki/basic-extra.tsv	12
ok	200	official Java/Oracle documentation	https://docs.oracle.com/javase/tutorial/java/nutsandbolts/operators.html	/home/fhu_thjen/projects/learning-java/05-operators/anki/basic-extra.tsv	13
ok	200	official Java/Oracle documentation	https://docs.oracle.com/javase/tutorial/java/nutsandbolts/operators.html	/home/fhu_thjen/projects/learning-java/05-operators/anki/basic-extra.tsv	14
ok	200	official Java/Oracle documentation	https://docs.oracle.com/javase/tutorial/java/nutsandbolts/operators.html	/home/fhu_thjen/projects/learning-java/05-operators/anki/basic-extra.tsv	15
ok	200	official Java/Oracle documentation	https://docs.oracle.com/javase/tutorial/java/nutsandbolts/operators.html	/home/fhu_thjen/projects/learning-java/05-operators/anki/basic-extra.tsv	16
ok	200	official Java/Oracle documentation	https://docs.oracle.com/javase/specs/jls/se21/html/jls-15.html#jls-15.26.2	/home/fhu_thjen/projects/learning-java/05-operators/anki/basic-extra.tsv	17
ok	200	official Java/Oracle documentation	https://docs.oracle.com/javase/specs/jls/se21/html/jls-15.html#jls-15.7	/home/fhu_thjen/projects/learning-java/05-operators/anki/basic-extra.tsv	18
ok	200	official Java/Oracle documentation	https://docs.oracle.com/javase/tutorial/java/nutsandbolts/operators.html	/home/fhu_thjen/projects/learning-java/05-operators/anki/basic.tsv	2
ok	200	official Java/Oracle documentation	https://docs.oracle.com/javase/tutorial/java/nutsandbolts/operators.html	/home/fhu_thjen/projects/learning-java/05-operators/anki/basic.tsv	3
ok	200	official Java/Oracle documentation	https://docs.oracle.com/javase/tutorial/java/nutsandbolts/operators.html	/home/fhu_thjen/projects/learning-java/05-operators/anki/basic.tsv	4
ok	200	official Java/Oracle documentation	https://docs.oracle.com/javase/tutorial/java/nutsandbolts/operators.html	/home/fhu_thjen/projects/learning-java/05-operators/anki/basic.tsv	5
ok	200	official Java/Oracle documentation	https://docs.oracle.com/javase/tutorial/java/nutsandbolts/operators.html	/home/fhu_thjen/projects/learning-java/05-operators/anki/basic.tsv	6
ok	200	official Java/Oracle documentation	https://docs.oracle.com/javase/tutorial/java/nutsandbolts/operators.html	/home/fhu_thjen/projects/learning-java/05-operators/anki/basic.tsv	7
ok	200	official Java/Oracle documentation	https://docs.oracle.com/javase/tutorial/java/nutsandbolts/operators.html	/home/fhu_thjen/projects/learning-java/05-operators/anki/basic.tsv	8
ok	200	official Java/Oracle documentation	https://docs.oracle.com/javase/tutorial/java/nutsandbolts/operators.html	/home/fhu_thjen/projects/learning-java/05-operators/anki/basic.tsv	9
ok	200	official Java/Oracle documentation	https://docs.oracle.com/javase/tutorial/java/nutsandbolts/operators.html	/home/fhu_thjen/projects/learning-java/05-operators/anki/basic.tsv	10
ok	200	official Java/Oracle documentation	https://docs.oracle.com/javase/tutorial/java/nutsandbolts/operators.html	/home/fhu_thjen/projects/learning-java/05-operators/anki/basic.tsv	11
ok	200	official Java/Oracle documentation	https://docs.oracle.com/javase/tutorial/java/nutsandbolts/operators.html	/home/fhu_thjen/projects/learning-java/05-operators/anki/basic.tsv	12
ok	200	official Java/Oracle documentation	https://docs.oracle.com/javase/tutorial/java/nutsandbolts/operators.html	/home/fhu_thjen/projects/learning-java/05-operators/anki/basic.tsv	13
ok	200	official Java/Oracle documentation	https://docs.oracle.com/javase/tutorial/java/nutsandbolts/operators.html	/home/fhu_thjen/projects/learning-java/05-operators/anki/basic.tsv	14
ok	200	official Java/Oracle documentation	https://docs.oracle.com/javase/tutorial/java/nutsandbolts/operators.html	/home/fhu_thjen/projects/learning-java/05-operators/anki/basic.tsv	15
ok	200	official Java/Oracle documentation	https://docs.oracle.com/javase/tutorial/java/nutsandbolts/operators.html	/home/fhu_thjen/projects/learning-java/05-operators/anki/basic.tsv	16
ok	200	official Java/Oracle documentation	https://docs.oracle.com/javase/tutorial/java/nutsandbolts/operators.html	/home/fhu_thjen/projects/learning-java/05-operators/anki/basic.tsv	17
ok	200	official Java/Oracle documentation	https://docs.oracle.com/javase/tutorial/java/nutsandbolts/operators.html	/home/fhu_thjen/projects/learning-java/05-operators/anki/basic.tsv	18
ok	200	official Java/Oracle documentation	https://docs.oracle.com/javase/tutorial/java/nutsandbolts/operators.html	/home/fhu_thjen/projects/learning-java/05-operators/anki/basic.tsv	19
ok	200	official Java/Oracle documentation	https://docs.oracle.com/javase/tutorial/java/nutsandbolts/operators.html	/home/fhu_thjen/projects/learning-java/05-operators/anki/basic.tsv	20
ok	200	official Java/Oracle documentation	https://docs.oracle.com/javase/tutorial/java/nutsandbolts/operators.html	/home/fhu_thjen/projects/learning-java/05-operators/anki/basic.tsv	21
ok	200	official Java/Oracle documentation	https://docs.oracle.com/javase/tutorial/java/nutsandbolts/operators.html	/home/fhu_thjen/projects/learning-java/05-operators/anki/basic.tsv	22
ok	200	official Java/Oracle documentation	https://docs.oracle.com/javase/tutorial/java/nutsandbolts/operators.html	/home/fhu_thjen/projects/learning-java/05-operators/anki/basic.tsv	23
ok	200	official Java/Oracle documentation	https://docs.oracle.com/javase/tutorial/java/nutsandbolts/operators.html	/home/fhu_thjen/projects/learning-java/05-operators/anki/basic.tsv	24
ok	200	official Java/Oracle documentation	https://docs.oracle.com/javase/tutorial/java/nutsandbolts/operators.html	/home/fhu_thjen/projects/learning-java/05-operators/anki/basic.tsv	25
ok	200	official Java/Oracle documentation	https://docs.oracle.com/javase/tutorial/java/nutsandbolts/operators.html	/home/fhu_thjen/projects/learning-java/05-operators/anki/basic.tsv	26
ok	200	official Java/Oracle documentation	https://docs.oracle.com/javase/tutorial/java/nutsandbolts/operators.html	/home/fhu_thjen/projects/learning-java/05-operators/anki/basic.tsv	27
ok	200	official Java/Oracle documentation	https://docs.oracle.com/javase/tutorial/java/nutsandbolts/operators.html	/home/fhu_thjen/projects/learning-java/05-operators/anki/basic.tsv	28
ok	200	official Java/Oracle documentation	https://docs.oracle.com/javase/tutorial/java/nutsandbolts/operators.html	/home/fhu_thjen/projects/learning-java/05-operators/anki/basic.tsv	29
ok	200	official Java/Oracle documentation	https://docs.oracle.com/javase/tutorial/java/nutsandbolts/operators.html	/home/fhu_thjen/projects/learning-java/05-operators/anki/basic.tsv	30
ok	200	official Java/Oracle documentation	https://docs.oracle.com/javase/tutorial/java/nutsandbolts/operators.html	/home/fhu_thjen/projects/learning-java/05-operators/anki/basic.tsv	31
ok	200	official Java/Oracle documentation	https://docs.oracle.com/javase/tutorial/java/nutsandbolts/operators.html	/home/fhu_thjen/projects/learning-java/05-operators/anki/basic.tsv	32
ok	200	official Java/Oracle documentation	https://docs.oracle.com/javase/tutorial/java/nutsandbolts/operators.html	/home/fhu_thjen/projects/learning-java/05-operators/anki/basic.tsv	33
ok	200	official Java/Oracle documentation	https://docs.oracle.com/javase/tutorial/java/nutsandbolts/operators.html	/home/fhu_thjen/projects/learning-java/05-operators/anki/basic.tsv	34
ok	200	official Java/Oracle documentation	https://docs.oracle.com/javase/tutorial/java/nutsandbolts/operators.html	/home/fhu_thjen/projects/learning-java/05-operators/anki/basic.tsv	35
ok	200	official Java/Oracle documentation	https://docs.oracle.com/javase/tutorial/java/nutsandbolts/operators.html	/home/fhu_thjen/projects/learning-java/05-operators/anki/basic.tsv	36
ok	200	official Java/Oracle documentation	https://docs.oracle.com/javase/tutorial/java/nutsandbolts/operators.html	/home/fhu_thjen/projects/learning-java/05-operators/anki/basic.tsv	37
ok	200	official Java/Oracle documentation	https://docs.oracle.com/javase/tutorial/java/nutsandbolts/operators.html	/home/fhu_thjen/projects/learning-java/05-operators/anki/basic.tsv	38
ok	200	official Java/Oracle documentation	https://docs.oracle.com/javase/tutorial/java/nutsandbolts/operators.html	/home/fhu_thjen/projects/learning-java/05-operators/anki/basic.tsv	39
ok	200	official Java/Oracle documentation	https://docs.oracle.com/javase/tutorial/java/nutsandbolts/operators.html	/home/fhu_thjen/projects/learning-java/05-operators/anki/basic.tsv	40
ok	200	official Java/Oracle documentation	https://docs.oracle.com/javase/tutorial/java/nutsandbolts/operators.html	/home/fhu_thjen/projects/learning-java/05-operators/anki/basic.tsv	41
ok	200	official Java/Oracle documentation	https://docs.oracle.com/javase/specs/jls/se21/html/jls-15.html#jls-15.19	/home/fhu_thjen/projects/learning-java/05-operators/anki/basic.tsv	42
ok	200	official Java/Oracle documentation	https://docs.oracle.com/javase/specs/jls/se21/html/jls-15.html#jls-15.19	/home/fhu_thjen/projects/learning-java/05-operators/anki/basic.tsv	43
ok	200	official Java/Oracle documentation	https://docs.oracle.com/javase/specs/jls/se21/html/jls-15.html#jls-15.19	/home/fhu_thjen/projects/learning-java/05-operators/anki/basic.tsv	44
ok	200	official Java/Oracle documentation	https://docs.oracle.com/javase/specs/jls/se21/html/jls-14.html#jls-14.30	/home/fhu_thjen/projects/learning-java/05-operators/anki/basic.tsv	45
ok	200	official Java/Oracle documentation	https://docs.oracle.com/javase/specs/jls/se21/html/jls-15.html#jls-15.14.2	/home/fhu_thjen/projects/learning-java/05-operators/anki/basic.tsv	46
ok	200	official Java/Oracle documentation	https://docs.oracle.com/javase/tutorial/java/nutsandbolts/operators.html	/home/fhu_thjen/projects/learning-java/05-operators/anki/cloze.tsv	2
ok	200	official Java/Oracle documentation	https://docs.oracle.com/javase/tutorial/java/nutsandbolts/operators.html	/home/fhu_thjen/projects/learning-java/05-operators/anki/cloze.tsv	3
ok	200	official Java/Oracle documentation	https://docs.oracle.com/javase/tutorial/java/nutsandbolts/operators.html	/home/fhu_thjen/projects/learning-java/05-operators/anki/cloze.tsv	4
ok	200	official Java/Oracle documentation	https://docs.oracle.com/javase/tutorial/java/nutsandbolts/operators.html	/home/fhu_thjen/projects/learning-java/05-operators/anki/cloze.tsv	5
ok	200	official Java/Oracle documentation	https://docs.oracle.com/javase/tutorial/java/nutsandbolts/operators.html	/home/fhu_thjen/projects/learning-java/05-operators/anki/cloze.tsv	6
ok	200	official Java/Oracle documentation	https://docs.oracle.com/javase/tutorial/java/nutsandbolts/operators.html	/home/fhu_thjen/projects/learning-java/05-operators/anki/cloze.tsv	7
ok	200	official Java/Oracle documentation	https://docs.oracle.com/javase/tutorial/java/nutsandbolts/operators.html	/home/fhu_thjen/projects/learning-java/05-operators/anki/cloze.tsv	8
ok	200	official Java/Oracle documentation	https://docs.oracle.com/javase/tutorial/java/nutsandbolts/operators.html	/home/fhu_thjen/projects/learning-java/05-operators/anki/cloze.tsv	9
ok	200	official Java/Oracle documentation	https://docs.oracle.com/javase/tutorial/java/nutsandbolts/operators.html	/home/fhu_thjen/projects/learning-java/05-operators/anki/cloze.tsv	10
ok	200	official Java/Oracle documentation	https://docs.oracle.com/javase/tutorial/java/nutsandbolts/operators.html	/home/fhu_thjen/projects/learning-java/05-operators/anki/cloze.tsv	11
ok	200	official Java/Oracle documentation	https://docs.oracle.com/javase/tutorial/java/nutsandbolts/operators.html	/home/fhu_thjen/projects/learning-java/05-operators/anki/cloze.tsv	12
ok	200	official Java/Oracle documentation	https://docs.oracle.com/javase/tutorial/java/nutsandbolts/operators.html	/home/fhu_thjen/projects/learning-java/05-operators/anki/cloze.tsv	13
ok	200	official Java/Oracle documentation	https://docs.oracle.com/javase/tutorial/java/nutsandbolts/operators.html	/home/fhu_thjen/projects/learning-java/05-operators/anki/cloze.tsv	14
ok	200	official Java/Oracle documentation	https://docs.oracle.com/javase/tutorial/java/nutsandbolts/operators.html	/home/fhu_thjen/projects/learning-java/05-operators/anki/cloze.tsv	15
ok	200	official Java/Oracle documentation	https://docs.oracle.com/javase/tutorial/java/nutsandbolts/operators.html	/home/fhu_thjen/projects/learning-java/05-operators/anki/cloze.tsv	16
ok	200	official Java/Oracle documentation	https://docs.oracle.com/javase/tutorial/java/nutsandbolts/operators.html	/home/fhu_thjen/projects/learning-java/05-operators/anki/cloze.tsv	17
ok	200	official Java/Oracle documentation	https://docs.oracle.com/javase/tutorial/java/nutsandbolts/operators.html	/home/fhu_thjen/projects/learning-java/05-operators/anki/cloze.tsv	18
ok	200	official Java/Oracle documentation	https://docs.oracle.com/javase/tutorial/java/nutsandbolts/operators.html	/home/fhu_thjen/projects/learning-java/05-operators/anki/cloze.tsv	19
ok	200	official Java/Oracle documentation	https://docs.oracle.com/javase/tutorial/java/nutsandbolts/operators.html	/home/fhu_thjen/projects/learning-java/05-operators/anki/cloze.tsv	20
ok	200	official Java/Oracle documentation	https://docs.oracle.com/javase/tutorial/java/nutsandbolts/operators.html	/home/fhu_thjen/projects/learning-java/05-operators/anki/cloze.tsv	21
ok	200	official Java/Oracle documentation	https://docs.oracle.com/javase/tutorial/java/nutsandbolts/operators.html	/home/fhu_thjen/projects/learning-java/05-operators/anki/cloze.tsv	22
ok	200	official Java/Oracle documentation	https://docs.oracle.com/javase/tutorial/java/nutsandbolts/operators.html	/home/fhu_thjen/projects/learning-java/05-operators/anki/cloze.tsv	23
ok	200	official Java/Oracle documentation	https://docs.oracle.com/javase/tutorial/java/nutsandbolts/operators.html	/home/fhu_thjen/projects/learning-java/05-operators/anki/code-question.tsv	2
ok	200	official Java/Oracle documentation	https://docs.oracle.com/javase/tutorial/java/nutsandbolts/operators.html	/home/fhu_thjen/projects/learning-java/05-operators/anki/code-question.tsv	3
ok	200	official Java/Oracle documentation	https://docs.oracle.com/javase/tutorial/java/nutsandbolts/operators.html	/home/fhu_thjen/projects/learning-java/05-operators/anki/code-question.tsv	4
ok	200	official Java/Oracle documentation	https://docs.oracle.com/javase/tutorial/java/nutsandbolts/operators.html	/home/fhu_thjen/projects/learning-java/05-operators/anki/code-question.tsv	5
ok	200	official Java/Oracle documentation	https://docs.oracle.com/javase/tutorial/java/nutsandbolts/operators.html	/home/fhu_thjen/projects/learning-java/05-operators/anki/code-question.tsv	6
ok	200	official Java/Oracle documentation	https://docs.oracle.com/javase/tutorial/java/nutsandbolts/operators.html	/home/fhu_thjen/projects/learning-java/05-operators/anki/code-question.tsv	7
ok	200	official Java/Oracle documentation	https://docs.oracle.com/javase/tutorial/java/nutsandbolts/operators.html	/home/fhu_thjen/projects/learning-java/05-operators/anki/code-question.tsv	8
ok	200	official Java/Oracle documentation	https://docs.oracle.com/javase/tutorial/java/nutsandbolts/operators.html	/home/fhu_thjen/projects/learning-java/05-operators/anki/code-question.tsv	9
ok	200	official Java/Oracle documentation	https://docs.oracle.com/javase/tutorial/java/nutsandbolts/operators.html	/home/fhu_thjen/projects/learning-java/05-operators/anki/code-question.tsv	10
ok	200	official Java/Oracle documentation	https://docs.oracle.com/javase/tutorial/java/nutsandbolts/operators.html	/home/fhu_thjen/projects/learning-java/05-operators/anki/code-question.tsv	11
ok	200	official Java/Oracle documentation	https://docs.oracle.com/javase/tutorial/java/nutsandbolts/operators.html	/home/fhu_thjen/projects/learning-java/05-operators/anki/code-question.tsv	12
ok	200	official Java/Oracle documentation	https://docs.oracle.com/javase/tutorial/java/nutsandbolts/operators.html	/home/fhu_thjen/projects/learning-java/05-operators/anki/code-question.tsv	13
ok	200	official Java/Oracle documentation	https://docs.oracle.com/javase/tutorial/java/nutsandbolts/operators.html	/home/fhu_thjen/projects/learning-java/05-operators/anki/code-question.tsv	14
ok	200	official Java/Oracle documentation	https://docs.oracle.com/javase/tutorial/java/nutsandbolts/operators.html	/home/fhu_thjen/projects/learning-java/05-operators/anki/code-question.tsv	15
ok	200	official Java/Oracle documentation	https://docs.oracle.com/javase/tutorial/java/nutsandbolts/operators.html	/home/fhu_thjen/projects/learning-java/05-operators/anki/code-question.tsv	16
ok	200	official Java/Oracle documentation	https://docs.oracle.com/javase/tutorial/java/nutsandbolts/operators.html	/home/fhu_thjen/projects/learning-java/05-operators/anki/code-question.tsv	17
ok	200	official Java/Oracle documentation	https://docs.oracle.com/javase/tutorial/java/nutsandbolts/operators.html	/home/fhu_thjen/projects/learning-java/05-operators/anki/code-question.tsv	18
ok	200	official Java/Oracle documentation	https://docs.oracle.com/javase/tutorial/java/nutsandbolts/operators.html	/home/fhu_thjen/projects/learning-java/05-operators/anki/code-question.tsv	19
ok	200	official Java/Oracle documentation	https://docs.oracle.com/javase/tutorial/java/nutsandbolts/operators.html	/home/fhu_thjen/projects/learning-java/05-operators/anki/code-question.tsv	20
ok	200	official Java/Oracle documentation	https://docs.oracle.com/javase/tutorial/java/nutsandbolts/operators.html	/home/fhu_thjen/projects/learning-java/05-operators/anki/code-question.tsv	21
ok	200	official Java/Oracle documentation	https://docs.oracle.com/javase/tutorial/java/nutsandbolts/operators.html	/home/fhu_thjen/projects/learning-java/05-operators/anki/code-question.tsv	22
ok	200	official Java/Oracle documentation	https://docs.oracle.com/javase/tutorial/java/nutsandbolts/operators.html	/home/fhu_thjen/projects/learning-java/05-operators/anki/code-question.tsv	23
ok	200	official Java/Oracle documentation	https://docs.oracle.com/javase/tutorial/java/nutsandbolts/operators.html	/home/fhu_thjen/projects/learning-java/05-operators/anki/code-question.tsv	24
ok	200	official Java/Oracle documentation	https://docs.oracle.com/javase/tutorial/java/nutsandbolts/operators.html	/home/fhu_thjen/projects/learning-java/05-operators/anki/code-question.tsv	25
ok	200	official Java/Oracle documentation	https://docs.oracle.com/javase/tutorial/java/nutsandbolts/operators.html	/home/fhu_thjen/projects/learning-java/05-operators/anki/code-question.tsv	26
ok	200	official Java/Oracle documentation	https://docs.oracle.com/javase/tutorial/java/nutsandbolts/operators.html	/home/fhu_thjen/projects/learning-java/05-operators/anki/code-question.tsv	27
ok	200	official Java/Oracle documentation	https://docs.oracle.com/javase/tutorial/java/nutsandbolts/operators.html	/home/fhu_thjen/projects/learning-java/05-operators/anki/code-question.tsv	28
ok	200	official Java/Oracle documentation	https://docs.oracle.com/javase/tutorial/java/nutsandbolts/operators.html	/home/fhu_thjen/projects/learning-java/05-operators/anki/code-question.tsv	29
ok	200	official Java/Oracle documentation	https://docs.oracle.com/javase/tutorial/java/nutsandbolts/operators.html	/home/fhu_thjen/projects/learning-java/05-operators/anki/code-question.tsv	30
ok	200	official Java/Oracle documentation	https://docs.oracle.com/javase/tutorial/java/nutsandbolts/operators.html	/home/fhu_thjen/projects/learning-java/05-operators/anki/code-question.tsv	31
ok	200	official Java/Oracle documentation	https://docs.oracle.com/javase/tutorial/java/nutsandbolts/operators.html	/home/fhu_thjen/projects/learning-java/05-operators/anki/code-question.tsv	32
ok	200	official Java/Oracle documentation	https://docs.oracle.com/javase/tutorial/java/nutsandbolts/operators.html	/home/fhu_thjen/projects/learning-java/05-operators/anki/code-question.tsv	33
ok	200	official Java/Oracle documentation	https://docs.oracle.com/javase/specs/jls/se21/html/jls-15.html#jls-15.19	/home/fhu_thjen/projects/learning-java/05-operators/anki/code-question.tsv	34
ok	200	official Java/Oracle documentation	https://docs.oracle.com/javase/specs/jls/se21/html/jls-14.html#jls-14.30	/home/fhu_thjen/projects/learning-java/05-operators/anki/code-question.tsv	35
ok	200	official Java/Oracle documentation	https://docs.oracle.com/javase/tutorial/java/nutsandbolts/flow.html	/home/fhu_thjen/projects/learning-java/06-control-flow/anki/basic-extra.tsv	2
ok	200	official Java/Oracle documentation	https://docs.oracle.com/javase/tutorial/java/nutsandbolts/flow.html	/home/fhu_thjen/projects/learning-java/06-control-flow/anki/basic-extra.tsv	3
ok	200	official Java/Oracle documentation	https://docs.oracle.com/javase/tutorial/java/nutsandbolts/flow.html	/home/fhu_thjen/projects/learning-java/06-control-flow/anki/basic-extra.tsv	4
ok	200	official Java/Oracle documentation	https://docs.oracle.com/javase/tutorial/java/nutsandbolts/flow.html	/home/fhu_thjen/projects/learning-java/06-control-flow/anki/basic-extra.tsv	5
ok	200	official Java/Oracle documentation	https://docs.oracle.com/javase/tutorial/java/nutsandbolts/flow.html	/home/fhu_thjen/projects/learning-java/06-control-flow/anki/basic-extra.tsv	6
ok	200	official Java/Oracle documentation	https://docs.oracle.com/javase/tutorial/java/nutsandbolts/flow.html	/home/fhu_thjen/projects/learning-java/06-control-flow/anki/basic-extra.tsv	7
ok	200	official Java/Oracle documentation	https://docs.oracle.com/javase/tutorial/java/nutsandbolts/flow.html	/home/fhu_thjen/projects/learning-java/06-control-flow/anki/basic-extra.tsv	8
ok	200	official Java/Oracle documentation	https://docs.oracle.com/javase/tutorial/java/nutsandbolts/flow.html	/home/fhu_thjen/projects/learning-java/06-control-flow/anki/basic-extra.tsv	9
ok	200	official Java/Oracle documentation	https://docs.oracle.com/javase/tutorial/java/nutsandbolts/flow.html	/home/fhu_thjen/projects/learning-java/06-control-flow/anki/basic-extra.tsv	10
ok	200	official Java/Oracle documentation	https://docs.oracle.com/javase/tutorial/java/nutsandbolts/flow.html	/home/fhu_thjen/projects/learning-java/06-control-flow/anki/basic-extra.tsv	11
ok	200	official Java/Oracle documentation	https://docs.oracle.com/javase/tutorial/java/nutsandbolts/flow.html	/home/fhu_thjen/projects/learning-java/06-control-flow/anki/basic-extra.tsv	12
ok	200	official Java/Oracle documentation	https://docs.oracle.com/javase/tutorial/java/nutsandbolts/flow.html	/home/fhu_thjen/projects/learning-java/06-control-flow/anki/basic-extra.tsv	13
ok	200	official Java/Oracle documentation	https://docs.oracle.com/javase/tutorial/java/nutsandbolts/flow.html	/home/fhu_thjen/projects/learning-java/06-control-flow/anki/basic-extra.tsv	14
ok	200	official Java/Oracle documentation	https://docs.oracle.com/javase/tutorial/java/nutsandbolts/flow.html	/home/fhu_thjen/projects/learning-java/06-control-flow/anki/basic-extra.tsv	15
ok	200	official Java/Oracle documentation	https://docs.oracle.com/javase/tutorial/java/nutsandbolts/flow.html	/home/fhu_thjen/projects/learning-java/06-control-flow/anki/basic-extra.tsv	16
ok	200	official Java/Oracle documentation	https://docs.oracle.com/javase/specs/jls/se21/html/jls-14.html#jls-14.12	/home/fhu_thjen/projects/learning-java/06-control-flow/anki/basic-extra.tsv	17
ok	200	official Java/Oracle documentation	https://docs.oracle.com/javase/specs/jls/se21/html/jls-14.html#jls-14.14.2	/home/fhu_thjen/projects/learning-java/06-control-flow/anki/basic-extra.tsv	18
ok	200	official Java/Oracle documentation	https://docs.oracle.com/javase/tutorial/java/nutsandbolts/flow.html	/home/fhu_thjen/projects/learning-java/06-control-flow/anki/basic.tsv	2
ok	200	official Java/Oracle documentation	https://docs.oracle.com/javase/tutorial/java/nutsandbolts/flow.html	/home/fhu_thjen/projects/learning-java/06-control-flow/anki/basic.tsv	3
ok	200	official Java/Oracle documentation	https://docs.oracle.com/javase/tutorial/java/nutsandbolts/flow.html	/home/fhu_thjen/projects/learning-java/06-control-flow/anki/basic.tsv	4
ok	200	official Java/Oracle documentation	https://docs.oracle.com/javase/tutorial/java/nutsandbolts/flow.html	/home/fhu_thjen/projects/learning-java/06-control-flow/anki/basic.tsv	5
ok	200	official Java/Oracle documentation	https://docs.oracle.com/javase/tutorial/java/nutsandbolts/flow.html	/home/fhu_thjen/projects/learning-java/06-control-flow/anki/basic.tsv	6
ok	200	official Java/Oracle documentation	https://docs.oracle.com/javase/tutorial/java/nutsandbolts/flow.html	/home/fhu_thjen/projects/learning-java/06-control-flow/anki/basic.tsv	7
ok	200	official Java/Oracle documentation	https://docs.oracle.com/javase/tutorial/java/nutsandbolts/flow.html	/home/fhu_thjen/projects/learning-java/06-control-flow/anki/basic.tsv	8
ok	200	official Java/Oracle documentation	https://docs.oracle.com/javase/tutorial/java/nutsandbolts/flow.html	/home/fhu_thjen/projects/learning-java/06-control-flow/anki/basic.tsv	9
ok	200	official Java/Oracle documentation	https://docs.oracle.com/javase/tutorial/java/nutsandbolts/flow.html	/home/fhu_thjen/projects/learning-java/06-control-flow/anki/basic.tsv	10
ok	200	official Java/Oracle documentation	https://docs.oracle.com/javase/tutorial/java/nutsandbolts/flow.html	/home/fhu_thjen/projects/learning-java/06-control-flow/anki/basic.tsv	11
ok	200	official Java/Oracle documentation	https://docs.oracle.com/javase/tutorial/java/nutsandbolts/flow.html	/home/fhu_thjen/projects/learning-java/06-control-flow/anki/basic.tsv	12
ok	200	official Java/Oracle documentation	https://docs.oracle.com/javase/tutorial/java/nutsandbolts/flow.html	/home/fhu_thjen/projects/learning-java/06-control-flow/anki/basic.tsv	13
ok	200	official Java/Oracle documentation	https://docs.oracle.com/javase/tutorial/java/nutsandbolts/flow.html	/home/fhu_thjen/projects/learning-java/06-control-flow/anki/basic.tsv	14
ok	200	official Java/Oracle documentation	https://docs.oracle.com/javase/tutorial/java/nutsandbolts/flow.html	/home/fhu_thjen/projects/learning-java/06-control-flow/anki/basic.tsv	15
ok	200	official Java/Oracle documentation	https://docs.oracle.com/javase/tutorial/java/nutsandbolts/flow.html	/home/fhu_thjen/projects/learning-java/06-control-flow/anki/basic.tsv	16
ok	200	official Java/Oracle documentation	https://docs.oracle.com/javase/tutorial/java/nutsandbolts/flow.html	/home/fhu_thjen/projects/learning-java/06-control-flow/anki/basic.tsv	17
ok	200	official Java/Oracle documentation	https://docs.oracle.com/javase/tutorial/java/nutsandbolts/flow.html	/home/fhu_thjen/projects/learning-java/06-control-flow/anki/basic.tsv	18
ok	200	official Java/Oracle documentation	https://docs.oracle.com/javase/tutorial/java/nutsandbolts/flow.html	/home/fhu_thjen/projects/learning-java/06-control-flow/anki/basic.tsv	19
ok	200	official Java/Oracle documentation	https://docs.oracle.com/javase/tutorial/java/nutsandbolts/flow.html	/home/fhu_thjen/projects/learning-java/06-control-flow/anki/basic.tsv	20
ok	200	official Java/Oracle documentation	https://docs.oracle.com/javase/tutorial/java/nutsandbolts/flow.html	/home/fhu_thjen/projects/learning-java/06-control-flow/anki/basic.tsv	21
ok	200	official Java/Oracle documentation	https://docs.oracle.com/javase/tutorial/java/nutsandbolts/flow.html	/home/fhu_thjen/projects/learning-java/06-control-flow/anki/basic.tsv	22
ok	200	official Java/Oracle documentation	https://docs.oracle.com/javase/tutorial/java/nutsandbolts/flow.html	/home/fhu_thjen/projects/learning-java/06-control-flow/anki/basic.tsv	23
ok	200	official Java/Oracle documentation	https://docs.oracle.com/javase/tutorial/java/nutsandbolts/flow.html	/home/fhu_thjen/projects/learning-java/06-control-flow/anki/basic.tsv	24
ok	200	official Java/Oracle documentation	https://docs.oracle.com/javase/tutorial/java/nutsandbolts/flow.html	/home/fhu_thjen/projects/learning-java/06-control-flow/anki/basic.tsv	25
ok	200	official Java/Oracle documentation	https://docs.oracle.com/javase/tutorial/java/nutsandbolts/flow.html	/home/fhu_thjen/projects/learning-java/06-control-flow/anki/basic.tsv	26
ok	200	official Java/Oracle documentation	https://docs.oracle.com/javase/tutorial/java/nutsandbolts/flow.html	/home/fhu_thjen/projects/learning-java/06-control-flow/anki/basic.tsv	27
ok	200	official Java/Oracle documentation	https://docs.oracle.com/javase/tutorial/java/nutsandbolts/flow.html	/home/fhu_thjen/projects/learning-java/06-control-flow/anki/basic.tsv	28
ok	200	official Java/Oracle documentation	https://docs.oracle.com/javase/tutorial/java/nutsandbolts/flow.html	/home/fhu_thjen/projects/learning-java/06-control-flow/anki/basic.tsv	29
ok	200	official Java/Oracle documentation	https://docs.oracle.com/javase/tutorial/java/nutsandbolts/flow.html	/home/fhu_thjen/projects/learning-java/06-control-flow/anki/basic.tsv	30
ok	200	official Java/Oracle documentation	https://docs.oracle.com/javase/tutorial/java/nutsandbolts/flow.html	/home/fhu_thjen/projects/learning-java/06-control-flow/anki/basic.tsv	31
ok	200	official Java/Oracle documentation	https://docs.oracle.com/javase/tutorial/java/nutsandbolts/flow.html	/home/fhu_thjen/projects/learning-java/06-control-flow/anki/basic.tsv	32
ok	200	official Java/Oracle documentation	https://docs.oracle.com/javase/tutorial/java/nutsandbolts/flow.html	/home/fhu_thjen/projects/learning-java/06-control-flow/anki/basic.tsv	33
ok	200	official Java/Oracle documentation	https://docs.oracle.com/javase/tutorial/java/nutsandbolts/flow.html	/home/fhu_thjen/projects/learning-java/06-control-flow/anki/basic.tsv	34
ok	200	official Java/Oracle documentation	https://docs.oracle.com/javase/tutorial/java/nutsandbolts/flow.html	/home/fhu_thjen/projects/learning-java/06-control-flow/anki/basic.tsv	35
ok	200	official Java/Oracle documentation	https://docs.oracle.com/javase/tutorial/java/nutsandbolts/flow.html	/home/fhu_thjen/projects/learning-java/06-control-flow/anki/basic.tsv	36
ok	200	official Java/Oracle documentation	https://docs.oracle.com/javase/specs/jls/se21/html/jls-14.html#jls-14.9.2	/home/fhu_thjen/projects/learning-java/06-control-flow/anki/basic.tsv	37
ok	200	official Java/Oracle documentation	https://docs.oracle.com/javase/specs/jls/se21/html/jls-15.html#jls-15.28	/home/fhu_thjen/projects/learning-java/06-control-flow/anki/basic.tsv	38
ok	200	official Java/Oracle documentation	https://docs.oracle.com/javase/tutorial/java/nutsandbolts/flow.html	/home/fhu_thjen/projects/learning-java/06-control-flow/anki/cloze.tsv	2
ok	200	official Java/Oracle documentation	https://docs.oracle.com/javase/tutorial/java/nutsandbolts/flow.html	/home/fhu_thjen/projects/learning-java/06-control-flow/anki/cloze.tsv	3
ok	200	official Java/Oracle documentation	https://docs.oracle.com/javase/tutorial/java/nutsandbolts/flow.html	/home/fhu_thjen/projects/learning-java/06-control-flow/anki/cloze.tsv	4
ok	200	official Java/Oracle documentation	https://docs.oracle.com/javase/tutorial/java/nutsandbolts/flow.html	/home/fhu_thjen/projects/learning-java/06-control-flow/anki/cloze.tsv	5
ok	200	official Java/Oracle documentation	https://docs.oracle.com/javase/tutorial/java/nutsandbolts/flow.html	/home/fhu_thjen/projects/learning-java/06-control-flow/anki/cloze.tsv	6
ok	200	official Java/Oracle documentation	https://docs.oracle.com/javase/tutorial/java/nutsandbolts/flow.html	/home/fhu_thjen/projects/learning-java/06-control-flow/anki/cloze.tsv	7
ok	200	official Java/Oracle documentation	https://docs.oracle.com/javase/tutorial/java/nutsandbolts/flow.html	/home/fhu_thjen/projects/learning-java/06-control-flow/anki/cloze.tsv	8
ok	200	official Java/Oracle documentation	https://docs.oracle.com/javase/tutorial/java/nutsandbolts/flow.html	/home/fhu_thjen/projects/learning-java/06-control-flow/anki/cloze.tsv	9
ok	200	official Java/Oracle documentation	https://docs.oracle.com/javase/tutorial/java/nutsandbolts/flow.html	/home/fhu_thjen/projects/learning-java/06-control-flow/anki/cloze.tsv	10
ok	200	official Java/Oracle documentation	https://docs.oracle.com/javase/tutorial/java/nutsandbolts/flow.html	/home/fhu_thjen/projects/learning-java/06-control-flow/anki/cloze.tsv	11
ok	200	official Java/Oracle documentation	https://docs.oracle.com/javase/tutorial/java/nutsandbolts/flow.html	/home/fhu_thjen/projects/learning-java/06-control-flow/anki/cloze.tsv	12
ok	200	official Java/Oracle documentation	https://docs.oracle.com/javase/tutorial/java/nutsandbolts/flow.html	/home/fhu_thjen/projects/learning-java/06-control-flow/anki/cloze.tsv	13
ok	200	official Java/Oracle documentation	https://docs.oracle.com/javase/tutorial/java/nutsandbolts/flow.html	/home/fhu_thjen/projects/learning-java/06-control-flow/anki/cloze.tsv	14
ok	200	official Java/Oracle documentation	https://docs.oracle.com/javase/tutorial/java/nutsandbolts/flow.html	/home/fhu_thjen/projects/learning-java/06-control-flow/anki/cloze.tsv	15
ok	200	official Java/Oracle documentation	https://docs.oracle.com/javase/tutorial/java/nutsandbolts/flow.html	/home/fhu_thjen/projects/learning-java/06-control-flow/anki/cloze.tsv	16
ok	200	official Java/Oracle documentation	https://docs.oracle.com/javase/tutorial/java/nutsandbolts/flow.html	/home/fhu_thjen/projects/learning-java/06-control-flow/anki/cloze.tsv	17
ok	200	official Java/Oracle documentation	https://docs.oracle.com/javase/tutorial/java/nutsandbolts/flow.html	/home/fhu_thjen/projects/learning-java/06-control-flow/anki/cloze.tsv	18
ok	200	official Java/Oracle documentation	https://docs.oracle.com/javase/tutorial/java/nutsandbolts/flow.html	/home/fhu_thjen/projects/learning-java/06-control-flow/anki/cloze.tsv	19
ok	200	official Java/Oracle documentation	https://docs.oracle.com/javase/tutorial/java/nutsandbolts/flow.html	/home/fhu_thjen/projects/learning-java/06-control-flow/anki/cloze.tsv	20
ok	200	official Java/Oracle documentation	https://docs.oracle.com/javase/tutorial/java/nutsandbolts/flow.html	/home/fhu_thjen/projects/learning-java/06-control-flow/anki/cloze.tsv	21
ok	200	official Java/Oracle documentation	https://docs.oracle.com/javase/specs/jls/se21/html/jls-14.html#jls-14.21	/home/fhu_thjen/projects/learning-java/06-control-flow/anki/cloze.tsv	22
ok	200	official Java/Oracle documentation	https://docs.oracle.com/javase/specs/jls/se21/html/jls-14.html#jls-14.7	/home/fhu_thjen/projects/learning-java/06-control-flow/anki/cloze.tsv	23
ok	200	official Java/Oracle documentation	https://docs.oracle.com/javase/tutorial/java/nutsandbolts/flow.html	/home/fhu_thjen/projects/learning-java/06-control-flow/anki/code-question.tsv	2
ok	200	official Java/Oracle documentation	https://docs.oracle.com/javase/tutorial/java/nutsandbolts/flow.html	/home/fhu_thjen/projects/learning-java/06-control-flow/anki/code-question.tsv	3
ok	200	official Java/Oracle documentation	https://docs.oracle.com/javase/tutorial/java/nutsandbolts/flow.html	/home/fhu_thjen/projects/learning-java/06-control-flow/anki/code-question.tsv	4
ok	200	official Java/Oracle documentation	https://docs.oracle.com/javase/tutorial/java/nutsandbolts/flow.html	/home/fhu_thjen/projects/learning-java/06-control-flow/anki/code-question.tsv	5
ok	200	official Java/Oracle documentation	https://docs.oracle.com/javase/tutorial/java/nutsandbolts/flow.html	/home/fhu_thjen/projects/learning-java/06-control-flow/anki/code-question.tsv	6
ok	200	official Java/Oracle documentation	https://docs.oracle.com/javase/tutorial/java/nutsandbolts/flow.html	/home/fhu_thjen/projects/learning-java/06-control-flow/anki/code-question.tsv	7
ok	200	official Java/Oracle documentation	https://docs.oracle.com/javase/tutorial/java/nutsandbolts/flow.html	/home/fhu_thjen/projects/learning-java/06-control-flow/anki/code-question.tsv	8
ok	200	official Java/Oracle documentation	https://docs.oracle.com/javase/tutorial/java/nutsandbolts/flow.html	/home/fhu_thjen/projects/learning-java/06-control-flow/anki/code-question.tsv	9
ok	200	official Java/Oracle documentation	https://docs.oracle.com/javase/tutorial/java/nutsandbolts/flow.html	/home/fhu_thjen/projects/learning-java/06-control-flow/anki/code-question.tsv	10
ok	200	official Java/Oracle documentation	https://docs.oracle.com/javase/tutorial/java/nutsandbolts/flow.html	/home/fhu_thjen/projects/learning-java/06-control-flow/anki/code-question.tsv	11
ok	200	official Java/Oracle documentation	https://docs.oracle.com/javase/tutorial/java/nutsandbolts/flow.html	/home/fhu_thjen/projects/learning-java/06-control-flow/anki/code-question.tsv	12
ok	200	official Java/Oracle documentation	https://docs.oracle.com/javase/tutorial/java/nutsandbolts/flow.html	/home/fhu_thjen/projects/learning-java/06-control-flow/anki/code-question.tsv	13
ok	200	official Java/Oracle documentation	https://docs.oracle.com/javase/tutorial/java/nutsandbolts/flow.html	/home/fhu_thjen/projects/learning-java/06-control-flow/anki/code-question.tsv	14
ok	200	official Java/Oracle documentation	https://docs.oracle.com/javase/tutorial/java/nutsandbolts/flow.html	/home/fhu_thjen/projects/learning-java/06-control-flow/anki/code-question.tsv	15
ok	200	official Java/Oracle documentation	https://docs.oracle.com/javase/tutorial/java/nutsandbolts/flow.html	/home/fhu_thjen/projects/learning-java/06-control-flow/anki/code-question.tsv	16
ok	200	official Java/Oracle documentation	https://docs.oracle.com/javase/tutorial/java/nutsandbolts/flow.html	/home/fhu_thjen/projects/learning-java/06-control-flow/anki/code-question.tsv	17
ok	200	official Java/Oracle documentation	https://docs.oracle.com/javase/tutorial/java/nutsandbolts/flow.html	/home/fhu_thjen/projects/learning-java/06-control-flow/anki/code-question.tsv	18
ok	200	official Java/Oracle documentation	https://docs.oracle.com/javase/tutorial/java/nutsandbolts/flow.html	/home/fhu_thjen/projects/learning-java/06-control-flow/anki/code-question.tsv	19
ok	200	official Java/Oracle documentation	https://docs.oracle.com/javase/tutorial/java/nutsandbolts/flow.html	/home/fhu_thjen/projects/learning-java/06-control-flow/anki/code-question.tsv	20
ok	200	official Java/Oracle documentation	https://docs.oracle.com/javase/tutorial/java/nutsandbolts/flow.html	/home/fhu_thjen/projects/learning-java/06-control-flow/anki/code-question.tsv	21
ok	200	official Java/Oracle documentation	https://docs.oracle.com/javase/tutorial/java/nutsandbolts/flow.html	/home/fhu_thjen/projects/learning-java/06-control-flow/anki/code-question.tsv	22
ok	200	official Java/Oracle documentation	https://docs.oracle.com/javase/tutorial/java/nutsandbolts/flow.html	/home/fhu_thjen/projects/learning-java/06-control-flow/anki/code-question.tsv	23
ok	200	official Java/Oracle documentation	https://docs.oracle.com/javase/tutorial/java/nutsandbolts/flow.html	/home/fhu_thjen/projects/learning-java/06-control-flow/anki/code-question.tsv	24
ok	200	official Java/Oracle documentation	https://docs.oracle.com/javase/specs/jls/se21/html/jls-14.html#jls-14.21	/home/fhu_thjen/projects/learning-java/06-control-flow/anki/code-question.tsv	25
ok	200	official Java/Oracle documentation	https://docs.oracle.com/javase/specs/jls/se21/html/jls-14.html#jls-14.9.2	/home/fhu_thjen/projects/learning-java/06-control-flow/anki/code-question.tsv	26
ok	200	official Java/Oracle documentation	https://docs.oracle.com/javase/tutorial/java/nutsandbolts/arrays.html	/home/fhu_thjen/projects/learning-java/07-arrays/anki/basic-extra.tsv	2
ok	200	official Java/Oracle documentation	https://docs.oracle.com/javase/tutorial/java/nutsandbolts/arrays.html	/home/fhu_thjen/projects/learning-java/07-arrays/anki/basic-extra.tsv	3
ok	200	official Java/Oracle documentation	https://docs.oracle.com/javase/tutorial/java/nutsandbolts/arrays.html	/home/fhu_thjen/projects/learning-java/07-arrays/anki/basic-extra.tsv	4
ok	200	official Java/Oracle documentation	https://docs.oracle.com/javase/tutorial/java/nutsandbolts/arrays.html	/home/fhu_thjen/projects/learning-java/07-arrays/anki/basic-extra.tsv	5
ok	200	official Java/Oracle documentation	https://docs.oracle.com/javase/tutorial/java/nutsandbolts/arrays.html	/home/fhu_thjen/projects/learning-java/07-arrays/anki/basic-extra.tsv	6
ok	200	official Java/Oracle documentation	https://docs.oracle.com/javase/tutorial/java/nutsandbolts/arrays.html	/home/fhu_thjen/projects/learning-java/07-arrays/anki/basic-extra.tsv	7
ok	200	official Java/Oracle documentation	https://docs.oracle.com/javase/tutorial/java/nutsandbolts/arrays.html	/home/fhu_thjen/projects/learning-java/07-arrays/anki/basic-extra.tsv	8
ok	200	official Java/Oracle documentation	https://docs.oracle.com/javase/tutorial/java/nutsandbolts/arrays.html	/home/fhu_thjen/projects/learning-java/07-arrays/anki/basic-extra.tsv	9
ok	200	official Java/Oracle documentation	https://docs.oracle.com/javase/tutorial/java/nutsandbolts/arrays.html	/home/fhu_thjen/projects/learning-java/07-arrays/anki/basic-extra.tsv	10
ok	200	official Java/Oracle documentation	https://docs.oracle.com/javase/tutorial/java/nutsandbolts/arrays.html	/home/fhu_thjen/projects/learning-java/07-arrays/anki/basic-extra.tsv	11
ok	200	official Java/Oracle documentation	https://docs.oracle.com/javase/tutorial/java/nutsandbolts/arrays.html	/home/fhu_thjen/projects/learning-java/07-arrays/anki/basic-extra.tsv	12
ok	200	official Java/Oracle documentation	https://docs.oracle.com/javase/tutorial/java/nutsandbolts/arrays.html	/home/fhu_thjen/projects/learning-java/07-arrays/anki/basic-extra.tsv	13
ok	200	official Java/Oracle documentation	https://docs.oracle.com/javase/tutorial/java/nutsandbolts/arrays.html	/home/fhu_thjen/projects/learning-java/07-arrays/anki/basic-extra.tsv	14
ok	200	official Java/Oracle documentation	https://docs.oracle.com/javase/tutorial/java/nutsandbolts/arrays.html	/home/fhu_thjen/projects/learning-java/07-arrays/anki/basic-extra.tsv	15
ok	200	official Java/Oracle documentation	https://docs.oracle.com/javase/tutorial/java/nutsandbolts/arrays.html	/home/fhu_thjen/projects/learning-java/07-arrays/anki/basic-extra.tsv	16
ok	200	official Java/Oracle documentation	https://docs.oracle.com/javase/tutorial/java/nutsandbolts/arrays.html	/home/fhu_thjen/projects/learning-java/07-arrays/anki/basic-extra.tsv	17
ok	200	official Java/Oracle documentation	https://docs.oracle.com/javase/tutorial/java/nutsandbolts/arrays.html	/home/fhu_thjen/projects/learning-java/07-arrays/anki/basic-extra.tsv	18
ok	200	official Java/Oracle documentation	https://docs.oracle.com/javase/tutorial/java/nutsandbolts/arrays.html	/home/fhu_thjen/projects/learning-java/07-arrays/anki/basic.tsv	2
ok	200	official Java/Oracle documentation	https://docs.oracle.com/javase/tutorial/java/nutsandbolts/arrays.html	/home/fhu_thjen/projects/learning-java/07-arrays/anki/basic.tsv	3
ok	200	official Java/Oracle documentation	https://docs.oracle.com/javase/tutorial/java/nutsandbolts/arrays.html	/home/fhu_thjen/projects/learning-java/07-arrays/anki/basic.tsv	4
ok	200	official Java/Oracle documentation	https://docs.oracle.com/javase/tutorial/java/nutsandbolts/arrays.html	/home/fhu_thjen/projects/learning-java/07-arrays/anki/basic.tsv	5
ok	200	official Java/Oracle documentation	https://docs.oracle.com/javase/tutorial/java/nutsandbolts/arrays.html	/home/fhu_thjen/projects/learning-java/07-arrays/anki/basic.tsv	6
ok	200	official Java/Oracle documentation	https://docs.oracle.com/javase/tutorial/java/nutsandbolts/arrays.html	/home/fhu_thjen/projects/learning-java/07-arrays/anki/basic.tsv	7
ok	200	official Java/Oracle documentation	https://docs.oracle.com/javase/tutorial/java/nutsandbolts/arrays.html	/home/fhu_thjen/projects/learning-java/07-arrays/anki/basic.tsv	8
ok	200	official Java/Oracle documentation	https://docs.oracle.com/javase/tutorial/java/nutsandbolts/arrays.html	/home/fhu_thjen/projects/learning-java/07-arrays/anki/basic.tsv	9
ok	200	official Java/Oracle documentation	https://docs.oracle.com/javase/tutorial/java/nutsandbolts/arrays.html	/home/fhu_thjen/projects/learning-java/07-arrays/anki/basic.tsv	10
ok	200	official Java/Oracle documentation	https://docs.oracle.com/javase/tutorial/java/nutsandbolts/arrays.html	/home/fhu_thjen/projects/learning-java/07-arrays/anki/basic.tsv	11
ok	200	official Java/Oracle documentation	https://docs.oracle.com/javase/tutorial/java/nutsandbolts/arrays.html	/home/fhu_thjen/projects/learning-java/07-arrays/anki/basic.tsv	12
ok	200	official Java/Oracle documentation	https://docs.oracle.com/javase/tutorial/java/nutsandbolts/arrays.html	/home/fhu_thjen/projects/learning-java/07-arrays/anki/basic.tsv	13
ok	200	official Java/Oracle documentation	https://docs.oracle.com/javase/tutorial/java/nutsandbolts/arrays.html	/home/fhu_thjen/projects/learning-java/07-arrays/anki/basic.tsv	14
ok	200	official Java/Oracle documentation	https://docs.oracle.com/javase/tutorial/java/nutsandbolts/arrays.html	/home/fhu_thjen/projects/learning-java/07-arrays/anki/basic.tsv	15
ok	200	official Java/Oracle documentation	https://docs.oracle.com/javase/tutorial/java/nutsandbolts/arrays.html	/home/fhu_thjen/projects/learning-java/07-arrays/anki/basic.tsv	16
ok	200	official Java/Oracle documentation	https://docs.oracle.com/javase/tutorial/java/nutsandbolts/arrays.html	/home/fhu_thjen/projects/learning-java/07-arrays/anki/basic.tsv	17
ok	200	official Java/Oracle documentation	https://docs.oracle.com/javase/tutorial/java/nutsandbolts/arrays.html	/home/fhu_thjen/projects/learning-java/07-arrays/anki/basic.tsv	18
ok	200	official Java/Oracle documentation	https://docs.oracle.com/javase/tutorial/java/nutsandbolts/arrays.html	/home/fhu_thjen/projects/learning-java/07-arrays/anki/basic.tsv	19
ok	200	official Java/Oracle documentation	https://docs.oracle.com/javase/tutorial/java/nutsandbolts/arrays.html	/home/fhu_thjen/projects/learning-java/07-arrays/anki/basic.tsv	20
ok	200	official Java/Oracle documentation	https://docs.oracle.com/javase/tutorial/java/nutsandbolts/arrays.html	/home/fhu_thjen/projects/learning-java/07-arrays/anki/basic.tsv	21
ok	200	official Java/Oracle documentation	https://docs.oracle.com/javase/tutorial/java/nutsandbolts/arrays.html	/home/fhu_thjen/projects/learning-java/07-arrays/anki/cloze.tsv	2
ok	200	official Java/Oracle documentation	https://docs.oracle.com/javase/tutorial/java/nutsandbolts/arrays.html	/home/fhu_thjen/projects/learning-java/07-arrays/anki/cloze.tsv	3
ok	200	official Java/Oracle documentation	https://docs.oracle.com/javase/tutorial/java/nutsandbolts/arrays.html	/home/fhu_thjen/projects/learning-java/07-arrays/anki/cloze.tsv	4
ok	200	official Java/Oracle documentation	https://docs.oracle.com/javase/tutorial/java/nutsandbolts/arrays.html	/home/fhu_thjen/projects/learning-java/07-arrays/anki/cloze.tsv	5
ok	200	official Java/Oracle documentation	https://docs.oracle.com/javase/tutorial/java/nutsandbolts/arrays.html	/home/fhu_thjen/projects/learning-java/07-arrays/anki/cloze.tsv	6
ok	200	official Java/Oracle documentation	https://docs.oracle.com/javase/tutorial/java/nutsandbolts/arrays.html	/home/fhu_thjen/projects/learning-java/07-arrays/anki/cloze.tsv	7
ok	200	official Java/Oracle documentation	https://docs.oracle.com/javase/tutorial/java/nutsandbolts/arrays.html	/home/fhu_thjen/projects/learning-java/07-arrays/anki/cloze.tsv	8
ok	200	official Java/Oracle documentation	https://docs.oracle.com/javase/tutorial/java/nutsandbolts/arrays.html	/home/fhu_thjen/projects/learning-java/07-arrays/anki/cloze.tsv	9
ok	200	official Java/Oracle documentation	https://docs.oracle.com/javase/tutorial/java/nutsandbolts/arrays.html	/home/fhu_thjen/projects/learning-java/07-arrays/anki/cloze.tsv	10
ok	200	official Java/Oracle documentation	https://docs.oracle.com/javase/tutorial/java/nutsandbolts/arrays.html	/home/fhu_thjen/projects/learning-java/07-arrays/anki/cloze.tsv	11
ok	200	official Java/Oracle documentation	https://docs.oracle.com/javase/tutorial/java/nutsandbolts/arrays.html	/home/fhu_thjen/projects/learning-java/07-arrays/anki/cloze.tsv	12
ok	200	official Java/Oracle documentation	https://docs.oracle.com/javase/tutorial/java/nutsandbolts/arrays.html	/home/fhu_thjen/projects/learning-java/07-arrays/anki/cloze.tsv	13
ok	200	official Java/Oracle documentation	https://docs.oracle.com/javase/tutorial/java/nutsandbolts/arrays.html	/home/fhu_thjen/projects/learning-java/07-arrays/anki/cloze.tsv	14
ok	200	official Java/Oracle documentation	https://docs.oracle.com/javase/tutorial/java/nutsandbolts/arrays.html	/home/fhu_thjen/projects/learning-java/07-arrays/anki/cloze.tsv	15
ok	200	official Java/Oracle documentation	https://docs.oracle.com/javase/tutorial/java/nutsandbolts/arrays.html	/home/fhu_thjen/projects/learning-java/07-arrays/anki/cloze.tsv	16
ok	200	official Java/Oracle documentation	https://docs.oracle.com/javase/8/docs/api/java/lang/System.html#arraycopy-java.lang.Object-int-java.lang.Object-int-int-	/home/fhu_thjen/projects/learning-java/07-arrays/anki/cloze.tsv	17
ok	200	official Java/Oracle documentation	https://docs.oracle.com/javase/8/docs/api/java/util/Arrays.html	/home/fhu_thjen/projects/learning-java/07-arrays/anki/cloze.tsv	18
ok	200	official Java/Oracle documentation	https://docs.oracle.com/javase/tutorial/java/nutsandbolts/arrays.html	/home/fhu_thjen/projects/learning-java/07-arrays/anki/code-question.tsv	2
ok	200	official Java/Oracle documentation	https://docs.oracle.com/javase/tutorial/java/nutsandbolts/arrays.html	/home/fhu_thjen/projects/learning-java/07-arrays/anki/code-question.tsv	3
ok	200	official Java/Oracle documentation	https://docs.oracle.com/javase/tutorial/java/nutsandbolts/arrays.html	/home/fhu_thjen/projects/learning-java/07-arrays/anki/code-question.tsv	4
ok	200	official Java/Oracle documentation	https://docs.oracle.com/javase/tutorial/java/nutsandbolts/arrays.html	/home/fhu_thjen/projects/learning-java/07-arrays/anki/code-question.tsv	5
ok	200	official Java/Oracle documentation	https://docs.oracle.com/javase/tutorial/java/nutsandbolts/arrays.html	/home/fhu_thjen/projects/learning-java/07-arrays/anki/code-question.tsv	6
ok	200	official Java/Oracle documentation	https://docs.oracle.com/javase/tutorial/java/nutsandbolts/arrays.html	/home/fhu_thjen/projects/learning-java/07-arrays/anki/code-question.tsv	7
ok	200	official Java/Oracle documentation	https://docs.oracle.com/javase/tutorial/java/nutsandbolts/arrays.html	/home/fhu_thjen/projects/learning-java/07-arrays/anki/code-question.tsv	8
ok	200	official Java/Oracle documentation	https://docs.oracle.com/javase/tutorial/java/nutsandbolts/arrays.html	/home/fhu_thjen/projects/learning-java/07-arrays/anki/code-question.tsv	9
ok	200	official Java/Oracle documentation	https://docs.oracle.com/javase/tutorial/java/nutsandbolts/arrays.html	/home/fhu_thjen/projects/learning-java/07-arrays/anki/code-question.tsv	10
ok	200	official Java/Oracle documentation	https://docs.oracle.com/javase/tutorial/java/nutsandbolts/arrays.html	/home/fhu_thjen/projects/learning-java/07-arrays/anki/code-question.tsv	11
ok	200	official Java/Oracle documentation	https://docs.oracle.com/javase/tutorial/java/nutsandbolts/arrays.html	/home/fhu_thjen/projects/learning-java/07-arrays/anki/code-question.tsv	12
ok	200	official Java/Oracle documentation	https://docs.oracle.com/javase/tutorial/java/nutsandbolts/arrays.html	/home/fhu_thjen/projects/learning-java/07-arrays/anki/code-question.tsv	13
ok	200	official Java/Oracle documentation	https://docs.oracle.com/javase/tutorial/java/nutsandbolts/arrays.html	/home/fhu_thjen/projects/learning-java/07-arrays/anki/code-question.tsv	14
ok	200	official Java/Oracle documentation	https://docs.oracle.com/javase/tutorial/java/nutsandbolts/arrays.html	/home/fhu_thjen/projects/learning-java/07-arrays/anki/code-question.tsv	15
ok	200	official Java/Oracle documentation	https://docs.oracle.com/javase/tutorial/java/nutsandbolts/arrays.html	/home/fhu_thjen/projects/learning-java/07-arrays/anki/code-question.tsv	16
ok	200	official Java/Oracle documentation	https://docs.oracle.com/javase/tutorial/java/nutsandbolts/arrays.html	/home/fhu_thjen/projects/learning-java/07-arrays/anki/code-question.tsv	17
ok	200	official Java/Oracle documentation	https://docs.oracle.com/javase/tutorial/java/nutsandbolts/arrays.html	/home/fhu_thjen/projects/learning-java/07-arrays/anki/code-question.tsv	18
ok	200	official Java/Oracle documentation	https://docs.oracle.com/javase/tutorial/java/nutsandbolts/arrays.html	/home/fhu_thjen/projects/learning-java/07-arrays/anki/code-question.tsv	19
ok	200	official Java/Oracle documentation	https://docs.oracle.com/javase/tutorial/java/nutsandbolts/arrays.html	/home/fhu_thjen/projects/learning-java/07-arrays/anki/code-question.tsv	20
ok	200	official Java/Oracle documentation	https://docs.oracle.com/javase/tutorial/java/nutsandbolts/arrays.html	/home/fhu_thjen/projects/learning-java/07-arrays/anki/code-question.tsv	21
ok	200	official Java/Oracle documentation	https://docs.oracle.com/javase/tutorial/java/nutsandbolts/arrays.html	/home/fhu_thjen/projects/learning-java/07-arrays/anki/code-question.tsv	22
ok	200	official Java/Oracle documentation	https://docs.oracle.com/javase/8/docs/api/java/util/Arrays.html	/home/fhu_thjen/projects/learning-java/07-arrays/anki/code-question.tsv	23
ok	200	official Java/Oracle documentation	https://docs.oracle.com/javase/8/docs/api/java/util/Arrays.html	/home/fhu_thjen/projects/learning-java/07-arrays/anki/code-question.tsv	24
ok	200	official Java/Oracle documentation	https://docs.oracle.com/en/java/javase/21/docs/api/java.base/java/lang/String.html	/home/fhu_thjen/projects/learning-java/08-string/anki/basic-extra.tsv	2
ok	200	official Java/Oracle documentation	https://docs.oracle.com/en/java/javase/21/docs/api/java.base/java/lang/String.html	/home/fhu_thjen/projects/learning-java/08-string/anki/basic-extra.tsv	3
ok	200	official Java/Oracle documentation	https://docs.oracle.com/en/java/javase/21/docs/api/java.base/java/lang/String.html	/home/fhu_thjen/projects/learning-java/08-string/anki/basic-extra.tsv	4
ok	200	official Java/Oracle documentation	https://docs.oracle.com/en/java/javase/21/docs/api/java.base/java/lang/String.html	/home/fhu_thjen/projects/learning-java/08-string/anki/basic-extra.tsv	5
ok	200	official Java/Oracle documentation	https://docs.oracle.com/en/java/javase/21/docs/api/java.base/java/lang/String.html	/home/fhu_thjen/projects/learning-java/08-string/anki/basic-extra.tsv	6
ok	200	official Java/Oracle documentation	https://docs.oracle.com/en/java/javase/21/docs/api/java.base/java/lang/String.html	/home/fhu_thjen/projects/learning-java/08-string/anki/basic-extra.tsv	7
ok	200	official Java/Oracle documentation	https://docs.oracle.com/en/java/javase/21/docs/api/java.base/java/lang/String.html	/home/fhu_thjen/projects/learning-java/08-string/anki/basic-extra.tsv	8
ok	200	official Java/Oracle documentation	https://docs.oracle.com/en/java/javase/21/docs/api/java.base/java/lang/String.html	/home/fhu_thjen/projects/learning-java/08-string/anki/basic-extra.tsv	9
ok	200	official Java/Oracle documentation	https://docs.oracle.com/en/java/javase/21/docs/api/java.base/java/lang/String.html	/home/fhu_thjen/projects/learning-java/08-string/anki/basic-extra.tsv	10
ok	200	official Java/Oracle documentation	https://docs.oracle.com/en/java/javase/21/docs/api/java.base/java/lang/String.html	/home/fhu_thjen/projects/learning-java/08-string/anki/basic-extra.tsv	11
ok	200	official Java/Oracle documentation	https://docs.oracle.com/en/java/javase/21/docs/api/java.base/java/lang/String.html	/home/fhu_thjen/projects/learning-java/08-string/anki/basic-extra.tsv	12
ok	200	official Java/Oracle documentation	https://docs.oracle.com/en/java/javase/21/docs/api/java.base/java/lang/String.html	/home/fhu_thjen/projects/learning-java/08-string/anki/basic-extra.tsv	13
ok	200	official Java/Oracle documentation	https://docs.oracle.com/en/java/javase/21/docs/api/java.base/java/lang/String.html	/home/fhu_thjen/projects/learning-java/08-string/anki/basic-extra.tsv	14
ok	200	official Java/Oracle documentation	https://docs.oracle.com/en/java/javase/21/docs/api/java.base/java/lang/String.html	/home/fhu_thjen/projects/learning-java/08-string/anki/basic-extra.tsv	15
ok	200	official Java/Oracle documentation	https://docs.oracle.com/en/java/javase/21/docs/api/java.base/java/lang/String.html	/home/fhu_thjen/projects/learning-java/08-string/anki/basic-extra.tsv	16
ok	200	official Java/Oracle documentation	https://docs.oracle.com/en/java/javase/21/docs/api/java.base/java/lang/String.html	/home/fhu_thjen/projects/learning-java/08-string/anki/basic.tsv	2
ok	200	official Java/Oracle documentation	https://docs.oracle.com/en/java/javase/21/docs/api/java.base/java/lang/String.html	/home/fhu_thjen/projects/learning-java/08-string/anki/basic.tsv	3
ok	200	official Java/Oracle documentation	https://docs.oracle.com/en/java/javase/21/docs/api/java.base/java/lang/String.html	/home/fhu_thjen/projects/learning-java/08-string/anki/basic.tsv	4
ok	200	official Java/Oracle documentation	https://docs.oracle.com/en/java/javase/21/docs/api/java.base/java/lang/String.html	/home/fhu_thjen/projects/learning-java/08-string/anki/basic.tsv	5
ok	200	official Java/Oracle documentation	https://docs.oracle.com/en/java/javase/21/docs/api/java.base/java/lang/String.html	/home/fhu_thjen/projects/learning-java/08-string/anki/basic.tsv	6
ok	200	official Java/Oracle documentation	https://docs.oracle.com/en/java/javase/21/docs/api/java.base/java/lang/String.html	/home/fhu_thjen/projects/learning-java/08-string/anki/basic.tsv	7
ok	200	official Java/Oracle documentation	https://docs.oracle.com/en/java/javase/21/docs/api/java.base/java/lang/String.html	/home/fhu_thjen/projects/learning-java/08-string/anki/basic.tsv	8
ok	200	official Java/Oracle documentation	https://docs.oracle.com/en/java/javase/21/docs/api/java.base/java/lang/String.html	/home/fhu_thjen/projects/learning-java/08-string/anki/basic.tsv	9
ok	200	official Java/Oracle documentation	https://docs.oracle.com/en/java/javase/21/docs/api/java.base/java/lang/String.html	/home/fhu_thjen/projects/learning-java/08-string/anki/basic.tsv	10
ok	200	official Java/Oracle documentation	https://docs.oracle.com/en/java/javase/21/docs/api/java.base/java/lang/String.html	/home/fhu_thjen/projects/learning-java/08-string/anki/basic.tsv	11
ok	200	official Java/Oracle documentation	https://docs.oracle.com/en/java/javase/21/docs/api/java.base/java/lang/String.html	/home/fhu_thjen/projects/learning-java/08-string/anki/basic.tsv	12
ok	200	official Java/Oracle documentation	https://docs.oracle.com/en/java/javase/21/docs/api/java.base/java/lang/String.html	/home/fhu_thjen/projects/learning-java/08-string/anki/basic.tsv	13
ok	200	official Java/Oracle documentation	https://docs.oracle.com/en/java/javase/21/docs/api/java.base/java/lang/String.html	/home/fhu_thjen/projects/learning-java/08-string/anki/basic.tsv	14
ok	200	official Java/Oracle documentation	https://docs.oracle.com/en/java/javase/21/docs/api/java.base/java/lang/String.html	/home/fhu_thjen/projects/learning-java/08-string/anki/basic.tsv	15
ok	200	official Java/Oracle documentation	https://docs.oracle.com/en/java/javase/21/docs/api/java.base/java/lang/String.html	/home/fhu_thjen/projects/learning-java/08-string/anki/basic.tsv	16
ok	200	official Java/Oracle documentation	https://docs.oracle.com/en/java/javase/21/docs/api/java.base/java/lang/String.html	/home/fhu_thjen/projects/learning-java/08-string/anki/basic.tsv	17
ok	200	official Java/Oracle documentation	https://docs.oracle.com/en/java/javase/21/docs/api/java.base/java/lang/String.html	/home/fhu_thjen/projects/learning-java/08-string/anki/basic.tsv	18
ok	200	official Java/Oracle documentation	https://docs.oracle.com/en/java/javase/21/docs/api/java.base/java/lang/String.html	/home/fhu_thjen/projects/learning-java/08-string/anki/basic.tsv	19
ok	200	official Java/Oracle documentation	https://docs.oracle.com/en/java/javase/21/docs/api/java.base/java/lang/String.html	/home/fhu_thjen/projects/learning-java/08-string/anki/basic.tsv	20
ok	200	official Java/Oracle documentation	https://docs.oracle.com/en/java/javase/21/docs/api/java.base/java/lang/String.html	/home/fhu_thjen/projects/learning-java/08-string/anki/basic.tsv	21
ok	200	official Java/Oracle documentation	https://docs.oracle.com/en/java/javase/21/docs/api/java.base/java/lang/String.html	/home/fhu_thjen/projects/learning-java/08-string/anki/cloze.tsv	2
ok	200	official Java/Oracle documentation	https://docs.oracle.com/en/java/javase/21/docs/api/java.base/java/lang/String.html	/home/fhu_thjen/projects/learning-java/08-string/anki/cloze.tsv	3
ok	200	official Java/Oracle documentation	https://docs.oracle.com/en/java/javase/21/docs/api/java.base/java/lang/String.html	/home/fhu_thjen/projects/learning-java/08-string/anki/cloze.tsv	4
ok	200	official Java/Oracle documentation	https://docs.oracle.com/en/java/javase/21/docs/api/java.base/java/lang/String.html	/home/fhu_thjen/projects/learning-java/08-string/anki/cloze.tsv	5
ok	200	official Java/Oracle documentation	https://docs.oracle.com/en/java/javase/21/docs/api/java.base/java/lang/String.html	/home/fhu_thjen/projects/learning-java/08-string/anki/cloze.tsv	6
ok	200	official Java/Oracle documentation	https://docs.oracle.com/en/java/javase/21/docs/api/java.base/java/lang/String.html	/home/fhu_thjen/projects/learning-java/08-string/anki/cloze.tsv	7
ok	200	official Java/Oracle documentation	https://docs.oracle.com/en/java/javase/21/docs/api/java.base/java/lang/String.html	/home/fhu_thjen/projects/learning-java/08-string/anki/cloze.tsv	8
ok	200	official Java/Oracle documentation	https://docs.oracle.com/en/java/javase/21/docs/api/java.base/java/lang/String.html	/home/fhu_thjen/projects/learning-java/08-string/anki/cloze.tsv	9
ok	200	official Java/Oracle documentation	https://docs.oracle.com/en/java/javase/21/docs/api/java.base/java/lang/String.html	/home/fhu_thjen/projects/learning-java/08-string/anki/cloze.tsv	10
ok	200	official Java/Oracle documentation	https://docs.oracle.com/en/java/javase/21/docs/api/java.base/java/lang/String.html	/home/fhu_thjen/projects/learning-java/08-string/anki/cloze.tsv	11
ok	200	official Java/Oracle documentation	https://docs.oracle.com/en/java/javase/21/docs/api/java.base/java/lang/String.html	/home/fhu_thjen/projects/learning-java/08-string/anki/cloze.tsv	12
ok	200	official Java/Oracle documentation	https://docs.oracle.com/en/java/javase/21/docs/api/java.base/java/lang/String.html	/home/fhu_thjen/projects/learning-java/08-string/anki/cloze.tsv	13
ok	200	official Java/Oracle documentation	https://docs.oracle.com/en/java/javase/21/docs/api/java.base/java/lang/String.html	/home/fhu_thjen/projects/learning-java/08-string/anki/cloze.tsv	14
ok	200	official Java/Oracle documentation	https://docs.oracle.com/en/java/javase/21/docs/api/java.base/java/lang/String.html	/home/fhu_thjen/projects/learning-java/08-string/anki/cloze.tsv	15
ok	200	official Java/Oracle documentation	https://docs.oracle.com/en/java/javase/21/docs/api/java.base/java/lang/String.html	/home/fhu_thjen/projects/learning-java/08-string/anki/cloze.tsv	16
ok	200	official Java/Oracle documentation	https://docs.oracle.com/en/java/javase/21/docs/api/java.base/java/lang/String.html	/home/fhu_thjen/projects/learning-java/08-string/anki/code-question.tsv	2
ok	200	official Java/Oracle documentation	https://docs.oracle.com/en/java/javase/21/docs/api/java.base/java/lang/String.html	/home/fhu_thjen/projects/learning-java/08-string/anki/code-question.tsv	3
ok	200	official Java/Oracle documentation	https://docs.oracle.com/en/java/javase/21/docs/api/java.base/java/lang/String.html	/home/fhu_thjen/projects/learning-java/08-string/anki/code-question.tsv	4
ok	200	official Java/Oracle documentation	https://docs.oracle.com/en/java/javase/21/docs/api/java.base/java/lang/String.html	/home/fhu_thjen/projects/learning-java/08-string/anki/code-question.tsv	5
ok	200	official Java/Oracle documentation	https://docs.oracle.com/en/java/javase/21/docs/api/java.base/java/lang/String.html	/home/fhu_thjen/projects/learning-java/08-string/anki/code-question.tsv	6
ok	200	official Java/Oracle documentation	https://docs.oracle.com/en/java/javase/21/docs/api/java.base/java/lang/String.html	/home/fhu_thjen/projects/learning-java/08-string/anki/code-question.tsv	7
ok	200	official Java/Oracle documentation	https://docs.oracle.com/en/java/javase/21/docs/api/java.base/java/lang/String.html	/home/fhu_thjen/projects/learning-java/08-string/anki/code-question.tsv	8
ok	200	official Java/Oracle documentation	https://docs.oracle.com/en/java/javase/21/docs/api/java.base/java/lang/String.html	/home/fhu_thjen/projects/learning-java/08-string/anki/code-question.tsv	9
ok	200	official Java/Oracle documentation	https://docs.oracle.com/en/java/javase/21/docs/api/java.base/java/lang/String.html	/home/fhu_thjen/projects/learning-java/08-string/anki/code-question.tsv	10
ok	200	official Java/Oracle documentation	https://docs.oracle.com/en/java/javase/21/docs/api/java.base/java/lang/String.html	/home/fhu_thjen/projects/learning-java/08-string/anki/code-question.tsv	11
ok	200	official Java/Oracle documentation	https://docs.oracle.com/en/java/javase/21/docs/api/java.base/java/lang/String.html	/home/fhu_thjen/projects/learning-java/08-string/anki/code-question.tsv	12
ok	200	official Java/Oracle documentation	https://docs.oracle.com/en/java/javase/21/docs/api/java.base/java/lang/String.html	/home/fhu_thjen/projects/learning-java/08-string/anki/code-question.tsv	13
ok	200	official Java/Oracle documentation	https://docs.oracle.com/en/java/javase/21/docs/api/java.base/java/lang/String.html	/home/fhu_thjen/projects/learning-java/08-string/anki/code-question.tsv	14
ok	200	official Java/Oracle documentation	https://docs.oracle.com/en/java/javase/21/docs/api/java.base/java/lang/String.html	/home/fhu_thjen/projects/learning-java/08-string/anki/code-question.tsv	15
ok	200	official Java/Oracle documentation	https://docs.oracle.com/en/java/javase/21/docs/api/java.base/java/lang/String.html	/home/fhu_thjen/projects/learning-java/08-string/anki/code-question.tsv	16
ok	200	official Java/Oracle documentation	https://docs.oracle.com/en/java/javase/21/docs/api/java.base/java/lang/String.html	/home/fhu_thjen/projects/learning-java/08-string/anki/code-question.tsv	17
ok	200	official Java/Oracle documentation	https://docs.oracle.com/en/java/javase/21/docs/api/java.base/java/lang/String.html	/home/fhu_thjen/projects/learning-java/08-string/anki/code-question.tsv	18
ok	200	official Java/Oracle documentation	https://docs.oracle.com/en/java/javase/21/docs/api/java.base/java/lang/String.html	/home/fhu_thjen/projects/learning-java/08-string/anki/code-question.tsv	19
ok	200	official Java/Oracle documentation	https://docs.oracle.com/en/java/javase/21/docs/api/java.base/java/lang/String.html	/home/fhu_thjen/projects/learning-java/08-string/anki/code-question.tsv	20
ok	200	official Java/Oracle documentation	https://docs.oracle.com/en/java/javase/21/docs/api/java.base/java/lang/String.html	/home/fhu_thjen/projects/learning-java/08-string/anki/code-question.tsv	21
ok	200	official Java/Oracle documentation	https://docs.oracle.com/en/java/javase/21/docs/api/java.base/java/lang/String.html	/home/fhu_thjen/projects/learning-java/08-string/anki/code-question.tsv	22
ok	200	official Java/Oracle documentation	https://docs.oracle.com/en/java/javase/21/docs/api/java.base/java/lang/String.html	/home/fhu_thjen/projects/learning-java/08-string/anki/code-question.tsv	23
ok	200	official Java/Oracle documentation	https://docs.oracle.com/en/java/javase/21/docs/api/java.base/java/lang/String.html	/home/fhu_thjen/projects/learning-java/08-string/anki/code-question.tsv	24
ok	200	official Java/Oracle documentation	https://docs.oracle.com/javase/tutorial/java/javaOO/constructors.html	/home/fhu_thjen/projects/learning-java/09-oop/anki/basic-extra.tsv	2
ok	200	official Java/Oracle documentation	https://docs.oracle.com/javase/tutorial/java/javaOO/constructors.html	/home/fhu_thjen/projects/learning-java/09-oop/anki/basic-extra.tsv	2
ok	200	official Java/Oracle documentation	https://docs.oracle.com/javase/tutorial/java/javaOO/constructors.html	/home/fhu_thjen/projects/learning-java/09-oop/anki/basic-extra.tsv	3
ok	200	official Java/Oracle documentation	https://docs.oracle.com/javase/tutorial/java/javaOO/thiskey.html	/home/fhu_thjen/projects/learning-java/09-oop/anki/basic-extra.tsv	4
ok	200	official Java/Oracle documentation	https://docs.oracle.com/javase/tutorial/java/javaOO/thiskey.html	/home/fhu_thjen/projects/learning-java/09-oop/anki/basic-extra.tsv	4
ok	200	official Java/Oracle documentation	https://docs.oracle.com/javase/tutorial/java/javaOO/objectcreation.html	/home/fhu_thjen/projects/learning-java/09-oop/anki/basic-extra.tsv	5
ok	200	official Java/Oracle documentation	https://docs.oracle.com/javase/tutorial/java/javaOO/objectcreation.html	/home/fhu_thjen/projects/learning-java/09-oop/anki/basic-extra.tsv	5
ok	200	official Java/Oracle documentation	https://docs.oracle.com/javase/tutorial/java/javaOO/arguments.html	/home/fhu_thjen/projects/learning-java/09-oop/anki/basic-extra.tsv	6
ok	200	official Java/Oracle documentation	https://docs.oracle.com/javase/tutorial/java/javaOO/arguments.html	/home/fhu_thjen/projects/learning-java/09-oop/anki/basic-extra.tsv	6
ok	200	official Java/Oracle documentation	https://docs.oracle.com/javase/tutorial/java/concepts/	/home/fhu_thjen/projects/learning-java/09-oop/anki/basic-extra.tsv	7
ok	200	official Java/Oracle documentation	https://docs.oracle.com/javase/tutorial/java/concepts/	/home/fhu_thjen/projects/learning-java/09-oop/anki/basic-extra.tsv	7
ok	200	official Java/Oracle documentation	https://docs.oracle.com/javase/tutorial/java/javaOO/index.html	/home/fhu_thjen/projects/learning-java/09-oop/anki/basic-extra.tsv	8
ok	200	official Java/Oracle documentation	https://docs.oracle.com/javase/tutorial/java/javaOO/index.html	/home/fhu_thjen/projects/learning-java/09-oop/anki/basic-extra.tsv	8
ok	200	official Java/Oracle documentation	https://docs.oracle.com/javase/tutorial/java/javaOO/index.html	/home/fhu_thjen/projects/learning-java/09-oop/anki/basic-extra.tsv	9
ok	200	official Java/Oracle documentation	https://docs.oracle.com/javase/tutorial/java/javaOO/index.html	/home/fhu_thjen/projects/learning-java/09-oop/anki/basic-extra.tsv	9
ok	200	official Java/Oracle documentation	https://docs.oracle.com/javase/tutorial/java/IandI/subclasses.html	/home/fhu_thjen/projects/learning-java/09-oop/anki/basic-extra.tsv	10
ok	200	official Java/Oracle documentation	https://docs.oracle.com/javase/tutorial/java/IandI/subclasses.html	/home/fhu_thjen/projects/learning-java/09-oop/anki/basic-extra.tsv	11
ok	200	official Java/Oracle documentation	https://docs.oracle.com/javase/tutorial/java/IandI/subclasses.html	/home/fhu_thjen/projects/learning-java/09-oop/anki/basic-extra.tsv	12
ok	200	official Java/Oracle documentation	https://docs.oracle.com/javase/tutorial/java/IandI/subclasses.html	/home/fhu_thjen/projects/learning-java/09-oop/anki/basic-extra.tsv	12
ok	200	official Java/Oracle documentation	https://docs.oracle.com/javase/tutorial/java/javaOO/constructors.html	/home/fhu_thjen/projects/learning-java/09-oop/anki/basic-extra.tsv	13
ok	200	official Java/Oracle documentation	https://docs.oracle.com/javase/tutorial/java/javaOO/constructors.html	/home/fhu_thjen/projects/learning-java/09-oop/anki/basic-extra.tsv	13
ok	200	official Java/Oracle documentation	https://docs.oracle.com/javase/tutorial/java/IandI/override.html	/home/fhu_thjen/projects/learning-java/09-oop/anki/basic-extra.tsv	14
ok	200	official Java/Oracle documentation	https://docs.oracle.com/javase/tutorial/java/IandI/override.html	/home/fhu_thjen/projects/learning-java/09-oop/anki/basic-extra.tsv	14
ok	200	official Java/Oracle documentation	https://docs.oracle.com/javase/tutorial/java/IandI/override.html	/home/fhu_thjen/projects/learning-java/09-oop/anki/basic-extra.tsv	15
ok	200	official Java/Oracle documentation	https://docs.oracle.com/javase/tutorial/java/IandI/override.html	/home/fhu_thjen/projects/learning-java/09-oop/anki/basic-extra.tsv	15
ok	200	official Java/Oracle documentation	https://docs.oracle.com/javase/tutorial/java/IandI/override.html	/home/fhu_thjen/projects/learning-java/09-oop/anki/basic-extra.tsv	16
ok	200	official Java/Oracle documentation	https://docs.oracle.com/javase/tutorial/java/IandI/override.html	/home/fhu_thjen/projects/learning-java/09-oop/anki/basic-extra.tsv	16
ok	200	official Java/Oracle documentation	https://docs.oracle.com/javase/tutorial/java/javaOO/index.html	/home/fhu_thjen/projects/learning-java/09-oop/anki/basic-extra.tsv	17
ok	200	official Java/Oracle documentation	https://docs.oracle.com/javase/tutorial/java/IandI/polymorphism.html	/home/fhu_thjen/projects/learning-java/09-oop/anki/basic-extra.tsv	18
ok	200	official Java/Oracle documentation	https://docs.oracle.com/javase/tutorial/java/IandI/polymorphism.html	/home/fhu_thjen/projects/learning-java/09-oop/anki/basic-extra.tsv	19
ok	200	official Java/Oracle documentation	https://docs.oracle.com/javase/tutorial/java/IandI/polymorphism.html	/home/fhu_thjen/projects/learning-java/09-oop/anki/basic-extra.tsv	19
ok	200	official Java/Oracle documentation	https://docs.oracle.com/javase/tutorial/java/IandI/polymorphism.html	/home/fhu_thjen/projects/learning-java/09-oop/anki/basic-extra.tsv	20
ok	200	official Java/Oracle documentation	https://docs.oracle.com/javase/tutorial/java/IandI/abstract.html	/home/fhu_thjen/projects/learning-java/09-oop/anki/basic-extra.tsv	21
ok	200	official Java/Oracle documentation	https://docs.oracle.com/javase/tutorial/java/IandI/createinterface.html	/home/fhu_thjen/projects/learning-java/09-oop/anki/basic-extra.tsv	22
ok	200	official Java/Oracle documentation	https://docs.oracle.com/javase/tutorial/java/IandI/defaultmethods.html	/home/fhu_thjen/projects/learning-java/09-oop/anki/basic-extra.tsv	23
ok	200	official Java/Oracle documentation	https://docs.oracle.com/javase/tutorial/java/IandI/defaultmethods.html	/home/fhu_thjen/projects/learning-java/09-oop/anki/basic-extra.tsv	23
ok	200	official Java/Oracle documentation	https://docs.oracle.com/javase/tutorial/java/IandI/defaultmethods.html	/home/fhu_thjen/projects/learning-java/09-oop/anki/basic-extra.tsv	24
ok	200	official Java/Oracle documentation	https://docs.oracle.com/javase/tutorial/java/IandI/abstract.html	/home/fhu_thjen/projects/learning-java/09-oop/anki/basic-extra.tsv	25
ok	200	official Java/Oracle documentation	https://docs.oracle.com/javase/tutorial/java/IandI/abstract.html	/home/fhu_thjen/projects/learning-java/09-oop/anki/basic-extra.tsv	25
ok	200	official Java/Oracle documentation	https://docs.oracle.com/javase/tutorial/java/javaOO/index.html	/home/fhu_thjen/projects/learning-java/09-oop/anki/basic-extra.tsv	26
ok	200	official Java/Oracle documentation	https://docs.oracle.com/javase/tutorial/java/javaOO/index.html	/home/fhu_thjen/projects/learning-java/09-oop/anki/basic-extra.tsv	26
ok	200	official Java/Oracle documentation	https://docs.oracle.com/javase/tutorial/java/javaOO/objectcreation.html	/home/fhu_thjen/projects/learning-java/09-oop/anki/basic-extra.tsv	27
ok	200	official Java/Oracle documentation	https://docs.oracle.com/javase/tutorial/java/javaOO/objectcreation.html	/home/fhu_thjen/projects/learning-java/09-oop/anki/basic-extra.tsv	27
ok	200	official Java/Oracle documentation	https://docs.oracle.com/javase/tutorial/java/javaOO/index.html	/home/fhu_thjen/projects/learning-java/09-oop/anki/basic-extra.tsv	28
ok	200	official Java/Oracle documentation	https://docs.oracle.com/javase/tutorial/java/javaOO/index.html	/home/fhu_thjen/projects/learning-java/09-oop/anki/basic-extra.tsv	28
ok	200	official Java/Oracle documentation	https://docs.oracle.com/javase/tutorial/java/concepts/	/home/fhu_thjen/projects/learning-java/09-oop/anki/basic-extra.tsv	29
ok	200	official Java/Oracle documentation	https://docs.oracle.com/javase/tutorial/java/concepts/	/home/fhu_thjen/projects/learning-java/09-oop/anki/basic-extra.tsv	29
ok	200	official Java/Oracle documentation	https://docs.oracle.com/javase/tutorial/java/javaOO/constructors.html	/home/fhu_thjen/projects/learning-java/09-oop/anki/basic-extra.tsv	30
ok	200	official Java/Oracle documentation	https://docs.oracle.com/javase/tutorial/java/javaOO/constructors.html	/home/fhu_thjen/projects/learning-java/09-oop/anki/basic-extra.tsv	30
ok	200	official Java/Oracle documentation	https://docs.oracle.com/javase/tutorial/java/javaOO/constructors.html	/home/fhu_thjen/projects/learning-java/09-oop/anki/basic-extra.tsv	31
ok	200	official Java/Oracle documentation	https://docs.oracle.com/javase/tutorial/java/javaOO/constructors.html	/home/fhu_thjen/projects/learning-java/09-oop/anki/basic-extra.tsv	31
ok	200	official Java/Oracle documentation	https://docs.oracle.com/javase/tutorial/java/javaOO/constructors.html	/home/fhu_thjen/projects/learning-java/09-oop/anki/basic-extra.tsv	32
ok	200	official Java/Oracle documentation	https://docs.oracle.com/javase/tutorial/java/javaOO/constructors.html	/home/fhu_thjen/projects/learning-java/09-oop/anki/basic-extra.tsv	32
ok	200	official Java/Oracle documentation	https://docs.oracle.com/javase/tutorial/java/javaOO/thiskey.html	/home/fhu_thjen/projects/learning-java/09-oop/anki/basic-extra.tsv	33
ok	200	official Java/Oracle documentation	https://docs.oracle.com/javase/tutorial/java/javaOO/thiskey.html	/home/fhu_thjen/projects/learning-java/09-oop/anki/basic-extra.tsv	33
ok	200	official Java/Oracle documentation	https://docs.oracle.com/javase/tutorial/java/javaOO/thiskey.html	/home/fhu_thjen/projects/learning-java/09-oop/anki/basic-extra.tsv	34
ok	200	official Java/Oracle documentation	https://docs.oracle.com/javase/tutorial/java/javaOO/thiskey.html	/home/fhu_thjen/projects/learning-java/09-oop/anki/basic-extra.tsv	34
ok	200	official Java/Oracle documentation	https://docs.oracle.com/javase/tutorial/java/javaOO/thiskey.html	/home/fhu_thjen/projects/learning-java/09-oop/anki/basic-extra.tsv	35
ok	200	official Java/Oracle documentation	https://docs.oracle.com/javase/tutorial/java/javaOO/thiskey.html	/home/fhu_thjen/projects/learning-java/09-oop/anki/basic-extra.tsv	35
ok	200	official Java/Oracle documentation	https://docs.oracle.com/javase/tutorial/java/javaOO/objectcreation.html	/home/fhu_thjen/projects/learning-java/09-oop/anki/basic-extra.tsv	36
ok	200	official Java/Oracle documentation	https://docs.oracle.com/javase/tutorial/java/javaOO/objectcreation.html	/home/fhu_thjen/projects/learning-java/09-oop/anki/basic-extra.tsv	36
ok	200	official Java/Oracle documentation	https://docs.oracle.com/javase/tutorial/java/javaOO/arguments.html	/home/fhu_thjen/projects/learning-java/09-oop/anki/basic-extra.tsv	37
ok	200	official Java/Oracle documentation	https://docs.oracle.com/javase/tutorial/java/javaOO/arguments.html	/home/fhu_thjen/projects/learning-java/09-oop/anki/basic-extra.tsv	37
ok	200	official Java/Oracle documentation	https://docs.oracle.com/javase/tutorial/java/javaOO/objectcreation.html	/home/fhu_thjen/projects/learning-java/09-oop/anki/basic-extra.tsv	38
ok	200	official Java/Oracle documentation	https://docs.oracle.com/javase/tutorial/java/javaOO/objectcreation.html	/home/fhu_thjen/projects/learning-java/09-oop/anki/basic-extra.tsv	38
ok	200	official Java/Oracle documentation	https://docs.oracle.com/javase/tutorial/java/concepts/	/home/fhu_thjen/projects/learning-java/09-oop/anki/basic-extra.tsv	39
ok	200	official Java/Oracle documentation	https://docs.oracle.com/javase/tutorial/java/concepts/	/home/fhu_thjen/projects/learning-java/09-oop/anki/basic-extra.tsv	39
ok	200	official Java/Oracle documentation	https://docs.oracle.com/javase/tutorial/java/javaOO/objectcreation.html	/home/fhu_thjen/projects/learning-java/09-oop/anki/basic-extra.tsv	40
ok	200	official Java/Oracle documentation	https://docs.oracle.com/javase/tutorial/java/javaOO/objectcreation.html	/home/fhu_thjen/projects/learning-java/09-oop/anki/basic-extra.tsv	40
ok	200	official Java/Oracle documentation	https://docs.oracle.com/javase/tutorial/java/concepts/	/home/fhu_thjen/projects/learning-java/09-oop/anki/basic-extra.tsv	41
ok	200	official Java/Oracle documentation	https://docs.oracle.com/javase/tutorial/java/concepts/	/home/fhu_thjen/projects/learning-java/09-oop/anki/basic-extra.tsv	41
ok	200	official Java/Oracle documentation	https://docs.oracle.com/javase/tutorial/java/javaOO/index.html	/home/fhu_thjen/projects/learning-java/09-oop/anki/basic-extra.tsv	42
ok	200	official Java/Oracle documentation	https://docs.oracle.com/javase/tutorial/java/javaOO/index.html	/home/fhu_thjen/projects/learning-java/09-oop/anki/basic-extra.tsv	42
ok	200	official Java/Oracle documentation	https://docs.oracle.com/javase/tutorial/java/javaOO/index.html	/home/fhu_thjen/projects/learning-java/09-oop/anki/basic-extra.tsv	43
ok	200	official Java/Oracle documentation	https://docs.oracle.com/javase/tutorial/java/javaOO/index.html	/home/fhu_thjen/projects/learning-java/09-oop/anki/basic-extra.tsv	43
ok	200	official Java/Oracle documentation	https://docs.oracle.com/javase/tutorial/java/javaOO/index.html	/home/fhu_thjen/projects/learning-java/09-oop/anki/basic-extra.tsv	44
ok	200	official Java/Oracle documentation	https://docs.oracle.com/javase/tutorial/java/javaOO/index.html	/home/fhu_thjen/projects/learning-java/09-oop/anki/basic-extra.tsv	44
ok	200	official Java/Oracle documentation	https://docs.oracle.com/javase/tutorial/java/concepts/	/home/fhu_thjen/projects/learning-java/09-oop/anki/basic-extra.tsv	45
ok	200	official Java/Oracle documentation	https://docs.oracle.com/javase/tutorial/java/concepts/	/home/fhu_thjen/projects/learning-java/09-oop/anki/basic-extra.tsv	45
ok	200	official Java/Oracle documentation	https://docs.oracle.com/javase/tutorial/java/javaOO/index.html	/home/fhu_thjen/projects/learning-java/09-oop/anki/basic-extra.tsv	46
ok	200	official Java/Oracle documentation	https://docs.oracle.com/javase/tutorial/java/javaOO/index.html	/home/fhu_thjen/projects/learning-java/09-oop/anki/basic-extra.tsv	46
ok	200	official Java/Oracle documentation	https://docs.oracle.com/javase/tutorial/java/concepts/	/home/fhu_thjen/projects/learning-java/09-oop/anki/basic-extra.tsv	47
ok	200	official Java/Oracle documentation	https://docs.oracle.com/javase/tutorial/java/concepts/	/home/fhu_thjen/projects/learning-java/09-oop/anki/basic-extra.tsv	47
ok	200	official Java/Oracle documentation	https://docs.oracle.com/javase/tutorial/java/concepts/	/home/fhu_thjen/projects/learning-java/09-oop/anki/basic-extra.tsv	48
ok	200	official Java/Oracle documentation	https://docs.oracle.com/javase/tutorial/java/concepts/	/home/fhu_thjen/projects/learning-java/09-oop/anki/basic-extra.tsv	48
ok	200	official Java/Oracle documentation	https://docs.oracle.com/javase/tutorial/java/concepts/	/home/fhu_thjen/projects/learning-java/09-oop/anki/basic-extra.tsv	49
ok	200	official Java/Oracle documentation	https://docs.oracle.com/javase/tutorial/java/concepts/	/home/fhu_thjen/projects/learning-java/09-oop/anki/basic-extra.tsv	49
ok	200	official Java/Oracle documentation	https://docs.oracle.com/javase/tutorial/java/IandI/subclasses.html	/home/fhu_thjen/projects/learning-java/09-oop/anki/basic-extra.tsv	50
ok	200	official Java/Oracle documentation	https://docs.oracle.com/javase/tutorial/java/IandI/subclasses.html	/home/fhu_thjen/projects/learning-java/09-oop/anki/basic-extra.tsv	50
ok	200	official Java/Oracle documentation	https://docs.oracle.com/javase/tutorial/java/IandI/subclasses.html	/home/fhu_thjen/projects/learning-java/09-oop/anki/basic-extra.tsv	51
ok	200	official Java/Oracle documentation	https://docs.oracle.com/javase/tutorial/java/IandI/subclasses.html	/home/fhu_thjen/projects/learning-java/09-oop/anki/basic-extra.tsv	51
ok	200	official Java/Oracle documentation	https://docs.oracle.com/javase/tutorial/java/IandI/subclasses.html	/home/fhu_thjen/projects/learning-java/09-oop/anki/basic-extra.tsv	52
ok	200	official Java/Oracle documentation	https://docs.oracle.com/javase/tutorial/java/IandI/subclasses.html	/home/fhu_thjen/projects/learning-java/09-oop/anki/basic-extra.tsv	52
ok	200	official Java/Oracle documentation	https://docs.oracle.com/javase/tutorial/java/IandI/subclasses.html	/home/fhu_thjen/projects/learning-java/09-oop/anki/basic-extra.tsv	53
ok	200	official Java/Oracle documentation	https://docs.oracle.com/javase/tutorial/java/IandI/subclasses.html	/home/fhu_thjen/projects/learning-java/09-oop/anki/basic-extra.tsv	53
ok	200	official Java/Oracle documentation	https://docs.oracle.com/javase/tutorial/java/IandI/override.html	/home/fhu_thjen/projects/learning-java/09-oop/anki/basic-extra.tsv	54
ok	200	official Java/Oracle documentation	https://docs.oracle.com/javase/tutorial/java/IandI/override.html	/home/fhu_thjen/projects/learning-java/09-oop/anki/basic-extra.tsv	54
ok	200	official Java/Oracle documentation	https://docs.oracle.com/javase/tutorial/java/IandI/subclasses.html	/home/fhu_thjen/projects/learning-java/09-oop/anki/basic-extra.tsv	55
ok	200	official Java/Oracle documentation	https://docs.oracle.com/javase/tutorial/java/IandI/subclasses.html	/home/fhu_thjen/projects/learning-java/09-oop/anki/basic-extra.tsv	55
ok	200	official Java/Oracle documentation	https://docs.oracle.com/javase/tutorial/java/javaOO/index.html	/home/fhu_thjen/projects/learning-java/09-oop/anki/basic.tsv	2
ok	200	official Java/Oracle documentation	https://docs.oracle.com/javase/tutorial/java/javaOO/objectcreation.html	/home/fhu_thjen/projects/learning-java/09-oop/anki/basic.tsv	3
ok	200	official Java/Oracle documentation	https://docs.oracle.com/javase/tutorial/java/javaOO/index.html	/home/fhu_thjen/projects/learning-java/09-oop/anki/basic.tsv	4
ok	200	official Java/Oracle documentation	https://docs.oracle.com/javase/tutorial/java/javaOO/index.html	/home/fhu_thjen/projects/learning-java/09-oop/anki/basic.tsv	5
ok	200	official Java/Oracle documentation	https://docs.oracle.com/javase/tutorial/java/javaOO/constructors.html	/home/fhu_thjen/projects/learning-java/09-oop/anki/basic.tsv	6
ok	200	official Java/Oracle documentation	https://docs.oracle.com/javase/tutorial/java/javaOO/constructors.html	/home/fhu_thjen/projects/learning-java/09-oop/anki/basic.tsv	7
ok	200	official Java/Oracle documentation	https://docs.oracle.com/javase/tutorial/java/javaOO/constructors.html	/home/fhu_thjen/projects/learning-java/09-oop/anki/basic.tsv	8
ok	200	official Java/Oracle documentation	https://docs.oracle.com/javase/tutorial/java/javaOO/constructors.html	/home/fhu_thjen/projects/learning-java/09-oop/anki/basic.tsv	9
ok	200	official Java/Oracle documentation	https://docs.oracle.com/javase/tutorial/java/javaOO/thiskey.html	/home/fhu_thjen/projects/learning-java/09-oop/anki/basic.tsv	10
ok	200	official Java/Oracle documentation	https://docs.oracle.com/javase/tutorial/java/javaOO/thiskey.html	/home/fhu_thjen/projects/learning-java/09-oop/anki/basic.tsv	11
ok	200	official Java/Oracle documentation	https://docs.oracle.com/javase/tutorial/java/javaOO/objectcreation.html	/home/fhu_thjen/projects/learning-java/09-oop/anki/basic.tsv	12
ok	200	official Java/Oracle documentation	https://docs.oracle.com/javase/tutorial/java/javaOO/arguments.html	/home/fhu_thjen/projects/learning-java/09-oop/anki/basic.tsv	13
ok	200	official Java/Oracle documentation	https://docs.oracle.com/javase/tutorial/java/javaOO/objectcreation.html	/home/fhu_thjen/projects/learning-java/09-oop/anki/basic.tsv	14
ok	200	official Java/Oracle documentation	https://docs.oracle.com/javase/tutorial/java/javaOO/index.html	/home/fhu_thjen/projects/learning-java/09-oop/anki/basic.tsv	15
ok	200	official Java/Oracle documentation	https://docs.oracle.com/javase/tutorial/java/javaOO/objectcreation.html	/home/fhu_thjen/projects/learning-java/09-oop/anki/basic.tsv	16
ok	200	official Java/Oracle documentation	https://docs.oracle.com/javase/tutorial/java/concepts/	/home/fhu_thjen/projects/learning-java/09-oop/anki/basic.tsv	17
ok	200	official Java/Oracle documentation	https://docs.oracle.com/javase/tutorial/java/concepts/	/home/fhu_thjen/projects/learning-java/09-oop/anki/basic.tsv	18
ok	200	official Java/Oracle documentation	https://docs.oracle.com/javase/tutorial/java/javaOO/index.html	/home/fhu_thjen/projects/learning-java/09-oop/anki/basic.tsv	19
ok	200	official Java/Oracle documentation	https://docs.oracle.com/javase/tutorial/java/javaOO/index.html	/home/fhu_thjen/projects/learning-java/09-oop/anki/basic.tsv	20
ok	200	official Java/Oracle documentation	https://docs.oracle.com/javase/tutorial/java/javaOO/index.html	/home/fhu_thjen/projects/learning-java/09-oop/anki/basic.tsv	21
ok	200	official Java/Oracle documentation	https://docs.oracle.com/javase/tutorial/java/javaOO/index.html	/home/fhu_thjen/projects/learning-java/09-oop/anki/basic.tsv	22
ok	200	official Java/Oracle documentation	https://docs.oracle.com/javase/tutorial/java/javaOO/index.html	/home/fhu_thjen/projects/learning-java/09-oop/anki/basic.tsv	23
ok	200	official Java/Oracle documentation	https://docs.oracle.com/javase/tutorial/java/concepts/	/home/fhu_thjen/projects/learning-java/09-oop/anki/basic.tsv	24
ok	200	official Java/Oracle documentation	https://docs.oracle.com/javase/tutorial/java/concepts/	/home/fhu_thjen/projects/learning-java/09-oop/anki/basic.tsv	25
ok	200	official Java/Oracle documentation	https://docs.oracle.com/javase/tutorial/java/IandI/subclasses.html	/home/fhu_thjen/projects/learning-java/09-oop/anki/basic.tsv	26
ok	200	official Java/Oracle documentation	https://docs.oracle.com/javase/tutorial/java/IandI/subclasses.html	/home/fhu_thjen/projects/learning-java/09-oop/anki/basic.tsv	27
ok	200	official Java/Oracle documentation	https://docs.oracle.com/javase/tutorial/java/IandI/subclasses.html	/home/fhu_thjen/projects/learning-java/09-oop/anki/basic.tsv	28
ok	200	official Java/Oracle documentation	https://docs.oracle.com/javase/tutorial/java/IandI/subclasses.html	/home/fhu_thjen/projects/learning-java/09-oop/anki/basic.tsv	29
ok	200	official Java/Oracle documentation	https://docs.oracle.com/javase/tutorial/java/IandI/subclasses.html	/home/fhu_thjen/projects/learning-java/09-oop/anki/basic.tsv	30
ok	200	official Java/Oracle documentation	https://docs.oracle.com/javase/tutorial/java/IandI/subclasses.html	/home/fhu_thjen/projects/learning-java/09-oop/anki/basic.tsv	31
ok	200	official Java/Oracle documentation	https://docs.oracle.com/javase/tutorial/java/IandI/subclasses.html	/home/fhu_thjen/projects/learning-java/09-oop/anki/basic.tsv	32
ok	200	official Java/Oracle documentation	https://docs.oracle.com/javase/tutorial/java/IandI/subclasses.html	/home/fhu_thjen/projects/learning-java/09-oop/anki/basic.tsv	33
ok	200	official Java/Oracle documentation	https://docs.oracle.com/javase/tutorial/java/IandI/override.html	/home/fhu_thjen/projects/learning-java/09-oop/anki/basic.tsv	34
ok	200	official Java/Oracle documentation	https://docs.oracle.com/javase/tutorial/java/IandI/override.html	/home/fhu_thjen/projects/learning-java/09-oop/anki/basic.tsv	35
ok	200	official Java/Oracle documentation	https://docs.oracle.com/javase/tutorial/java/IandI/override.html	/home/fhu_thjen/projects/learning-java/09-oop/anki/basic.tsv	36
ok	200	official Java/Oracle documentation	https://docs.oracle.com/javase/tutorial/java/IandI/subclasses.html	/home/fhu_thjen/projects/learning-java/09-oop/anki/basic.tsv	37
ok	200	official Java/Oracle documentation	https://docs.oracle.com/javase/tutorial/java/IandI/polymorphism.html	/home/fhu_thjen/projects/learning-java/09-oop/anki/basic.tsv	38
ok	200	official Java/Oracle documentation	https://docs.oracle.com/javase/tutorial/java/javaOO/index.html	/home/fhu_thjen/projects/learning-java/09-oop/anki/basic.tsv	39
ok	200	official Java/Oracle documentation	https://docs.oracle.com/javase/tutorial/java/IandI/polymorphism.html	/home/fhu_thjen/projects/learning-java/09-oop/anki/basic.tsv	40
ok	200	official Java/Oracle documentation	https://docs.oracle.com/javase/tutorial/java/IandI/polymorphism.html	/home/fhu_thjen/projects/learning-java/09-oop/anki/basic.tsv	41
ok	200	official Java/Oracle documentation	https://docs.oracle.com/javase/tutorial/java/IandI/polymorphism.html	/home/fhu_thjen/projects/learning-java/09-oop/anki/basic.tsv	42
ok	200	official Java/Oracle documentation	https://docs.oracle.com/javase/tutorial/java/IandI/polymorphism.html	/home/fhu_thjen/projects/learning-java/09-oop/anki/basic.tsv	43
ok	200	official Java/Oracle documentation	https://docs.oracle.com/javase/tutorial/java/IandI/polymorphism.html	/home/fhu_thjen/projects/learning-java/09-oop/anki/basic.tsv	44
ok	200	official Java/Oracle documentation	https://docs.oracle.com/javase/tutorial/java/IandI/polymorphism.html	/home/fhu_thjen/projects/learning-java/09-oop/anki/basic.tsv	45
ok	200	official Java/Oracle documentation	https://docs.oracle.com/javase/tutorial/java/IandI/polymorphism.html	/home/fhu_thjen/projects/learning-java/09-oop/anki/basic.tsv	46
ok	200	official Java/Oracle documentation	https://docs.oracle.com/javase/tutorial/java/IandI/polymorphism.html	/home/fhu_thjen/projects/learning-java/09-oop/anki/basic.tsv	47
ok	200	official Java/Oracle documentation	https://docs.oracle.com/javase/tutorial/java/IandI/abstract.html	/home/fhu_thjen/projects/learning-java/09-oop/anki/basic.tsv	48
ok	200	official Java/Oracle documentation	https://docs.oracle.com/javase/tutorial/java/IandI/abstract.html	/home/fhu_thjen/projects/learning-java/09-oop/anki/basic.tsv	49
ok	200	official Java/Oracle documentation	https://docs.oracle.com/javase/tutorial/java/IandI/abstract.html	/home/fhu_thjen/projects/learning-java/09-oop/anki/basic.tsv	50
ok	200	official Java/Oracle documentation	https://docs.oracle.com/javase/tutorial/java/IandI/createinterface.html	/home/fhu_thjen/projects/learning-java/09-oop/anki/basic.tsv	51
ok	200	official Java/Oracle documentation	https://docs.oracle.com/javase/tutorial/java/IandI/createinterface.html	/home/fhu_thjen/projects/learning-java/09-oop/anki/basic.tsv	52
ok	200	official Java/Oracle documentation	https://docs.oracle.com/javase/tutorial/java/IandI/defaultmethods.html	/home/fhu_thjen/projects/learning-java/09-oop/anki/basic.tsv	53
ok	200	official Java/Oracle documentation	https://docs.oracle.com/javase/tutorial/java/IandI/createinterface.html	/home/fhu_thjen/projects/learning-java/09-oop/anki/basic.tsv	54
ok	200	official Java/Oracle documentation	https://docs.oracle.com/javase/tutorial/java/IandI/createinterface.html	/home/fhu_thjen/projects/learning-java/09-oop/anki/basic.tsv	55
ok	200	official Java/Oracle documentation	https://docs.oracle.com/javase/tutorial/java/IandI/abstract.html	/home/fhu_thjen/projects/learning-java/09-oop/anki/basic.tsv	56
ok	200	official Java/Oracle documentation	https://docs.oracle.com/javase/tutorial/java/IandI/createinterface.html	/home/fhu_thjen/projects/learning-java/09-oop/anki/basic.tsv	57
ok	200	official Java/Oracle documentation	https://docs.oracle.com/javase/tutorial/java/javaOO/index.html	/home/fhu_thjen/projects/learning-java/09-oop/anki/cloze.tsv	2
ok	200	official Java/Oracle documentation	https://docs.oracle.com/javase/tutorial/java/javaOO/index.html	/home/fhu_thjen/projects/learning-java/09-oop/anki/cloze.tsv	2
ok	200	official Java/Oracle documentation	https://docs.oracle.com/javase/tutorial/java/javaOO/constructors.html	/home/fhu_thjen/projects/learning-java/09-oop/anki/cloze.tsv	3
ok	200	official Java/Oracle documentation	https://docs.oracle.com/javase/tutorial/java/javaOO/constructors.html	/home/fhu_thjen/projects/learning-java/09-oop/anki/cloze.tsv	3
ok	200	official Java/Oracle documentation	https://docs.oracle.com/javase/tutorial/java/javaOO/constructors.html	/home/fhu_thjen/projects/learning-java/09-oop/anki/cloze.tsv	4
ok	200	official Java/Oracle documentation	https://docs.oracle.com/javase/tutorial/java/javaOO/constructors.html	/home/fhu_thjen/projects/learning-java/09-oop/anki/cloze.tsv	4
ok	200	official Java/Oracle documentation	https://docs.oracle.com/javase/tutorial/java/javaOO/thiskey.html	/home/fhu_thjen/projects/learning-java/09-oop/anki/cloze.tsv	5
ok	200	official Java/Oracle documentation	https://docs.oracle.com/javase/tutorial/java/javaOO/thiskey.html	/home/fhu_thjen/projects/learning-java/09-oop/anki/cloze.tsv	5
ok	200	official Java/Oracle documentation	https://docs.oracle.com/javase/tutorial/java/javaOO/thiskey.html	/home/fhu_thjen/projects/learning-java/09-oop/anki/cloze.tsv	6
ok	200	official Java/Oracle documentation	https://docs.oracle.com/javase/tutorial/java/javaOO/thiskey.html	/home/fhu_thjen/projects/learning-java/09-oop/anki/cloze.tsv	6
ok	200	official Java/Oracle documentation	https://docs.oracle.com/javase/tutorial/java/javaOO/arguments.html	/home/fhu_thjen/projects/learning-java/09-oop/anki/cloze.tsv	7
ok	200	official Java/Oracle documentation	https://docs.oracle.com/javase/tutorial/java/javaOO/arguments.html	/home/fhu_thjen/projects/learning-java/09-oop/anki/cloze.tsv	7
ok	200	official Java/Oracle documentation	https://docs.oracle.com/javase/tutorial/java/concepts/	/home/fhu_thjen/projects/learning-java/09-oop/anki/cloze.tsv	8
ok	200	official Java/Oracle documentation	https://docs.oracle.com/javase/tutorial/java/concepts/	/home/fhu_thjen/projects/learning-java/09-oop/anki/cloze.tsv	8
ok	200	official Java/Oracle documentation	https://docs.oracle.com/javase/tutorial/java/javaOO/index.html	/home/fhu_thjen/projects/learning-java/09-oop/anki/cloze.tsv	9
ok	200	official Java/Oracle documentation	https://docs.oracle.com/javase/tutorial/java/javaOO/index.html	/home/fhu_thjen/projects/learning-java/09-oop/anki/cloze.tsv	9
ok	200	official Java/Oracle documentation	https://docs.oracle.com/javase/tutorial/java/javaOO/index.html	/home/fhu_thjen/projects/learning-java/09-oop/anki/cloze.tsv	10
ok	200	official Java/Oracle documentation	https://docs.oracle.com/javase/tutorial/java/javaOO/index.html	/home/fhu_thjen/projects/learning-java/09-oop/anki/cloze.tsv	10
ok	200	official Java/Oracle documentation	https://docs.oracle.com/javase/tutorial/java/IandI/subclasses.html	/home/fhu_thjen/projects/learning-java/09-oop/anki/cloze.tsv	11
ok	200	official Java/Oracle documentation	https://docs.oracle.com/javase/tutorial/java/IandI/subclasses.html	/home/fhu_thjen/projects/learning-java/09-oop/anki/cloze.tsv	11
ok	200	official Java/Oracle documentation	https://docs.oracle.com/javase/tutorial/java/IandI/subclasses.html	/home/fhu_thjen/projects/learning-java/09-oop/anki/cloze.tsv	12
ok	200	official Java/Oracle documentation	https://docs.oracle.com/javase/tutorial/java/IandI/subclasses.html	/home/fhu_thjen/projects/learning-java/09-oop/anki/cloze.tsv	12
ok	200	official Java/Oracle documentation	https://docs.oracle.com/javase/tutorial/java/IandI/subclasses.html	/home/fhu_thjen/projects/learning-java/09-oop/anki/cloze.tsv	13
ok	200	official Java/Oracle documentation	https://docs.oracle.com/javase/tutorial/java/IandI/subclasses.html	/home/fhu_thjen/projects/learning-java/09-oop/anki/cloze.tsv	13
ok	200	official Java/Oracle documentation	https://docs.oracle.com/javase/tutorial/java/IandI/override.html	/home/fhu_thjen/projects/learning-java/09-oop/anki/cloze.tsv	14
ok	200	official Java/Oracle documentation	https://docs.oracle.com/javase/tutorial/java/IandI/override.html	/home/fhu_thjen/projects/learning-java/09-oop/anki/cloze.tsv	14
ok	200	official Java/Oracle documentation	https://docs.oracle.com/javase/tutorial/java/IandI/override.html	/home/fhu_thjen/projects/learning-java/09-oop/anki/cloze.tsv	15
ok	200	official Java/Oracle documentation	https://docs.oracle.com/javase/tutorial/java/IandI/override.html	/home/fhu_thjen/projects/learning-java/09-oop/anki/cloze.tsv	15
ok	200	official Java/Oracle documentation	https://docs.oracle.com/javase/tutorial/java/javaOO/index.html	/home/fhu_thjen/projects/learning-java/09-oop/anki/cloze.tsv	16
ok	200	official Java/Oracle documentation	https://docs.oracle.com/javase/tutorial/java/javaOO/index.html	/home/fhu_thjen/projects/learning-java/09-oop/anki/cloze.tsv	16
ok	200	official Java/Oracle documentation	https://docs.oracle.com/javase/tutorial/java/IandI/polymorphism.html	/home/fhu_thjen/projects/learning-java/09-oop/anki/cloze.tsv	17
ok	200	official Java/Oracle documentation	https://docs.oracle.com/javase/tutorial/java/IandI/polymorphism.html	/home/fhu_thjen/projects/learning-java/09-oop/anki/cloze.tsv	17
ok	200	official Java/Oracle documentation	https://docs.oracle.com/javase/tutorial/java/IandI/polymorphism.html	/home/fhu_thjen/projects/learning-java/09-oop/anki/cloze.tsv	18
ok	200	official Java/Oracle documentation	https://docs.oracle.com/javase/tutorial/java/IandI/polymorphism.html	/home/fhu_thjen/projects/learning-java/09-oop/anki/cloze.tsv	18
ok	200	official Java/Oracle documentation	https://docs.oracle.com/javase/tutorial/java/IandI/polymorphism.html	/home/fhu_thjen/projects/learning-java/09-oop/anki/cloze.tsv	19
ok	200	official Java/Oracle documentation	https://docs.oracle.com/javase/tutorial/java/IandI/polymorphism.html	/home/fhu_thjen/projects/learning-java/09-oop/anki/cloze.tsv	19
ok	200	official Java/Oracle documentation	https://docs.oracle.com/javase/tutorial/java/IandI/polymorphism.html	/home/fhu_thjen/projects/learning-java/09-oop/anki/cloze.tsv	20
ok	200	official Java/Oracle documentation	https://docs.oracle.com/javase/tutorial/java/IandI/polymorphism.html	/home/fhu_thjen/projects/learning-java/09-oop/anki/cloze.tsv	20
ok	200	official Java/Oracle documentation	https://docs.oracle.com/javase/tutorial/java/IandI/polymorphism.html	/home/fhu_thjen/projects/learning-java/09-oop/anki/cloze.tsv	21
ok	200	official Java/Oracle documentation	https://docs.oracle.com/javase/tutorial/java/IandI/polymorphism.html	/home/fhu_thjen/projects/learning-java/09-oop/anki/cloze.tsv	21
ok	200	official Java/Oracle documentation	https://docs.oracle.com/javase/tutorial/java/IandI/polymorphism.html	/home/fhu_thjen/projects/learning-java/09-oop/anki/cloze.tsv	22
ok	200	official Java/Oracle documentation	https://docs.oracle.com/javase/tutorial/java/IandI/polymorphism.html	/home/fhu_thjen/projects/learning-java/09-oop/anki/cloze.tsv	22
ok	200	official Java/Oracle documentation	https://docs.oracle.com/javase/tutorial/java/IandI/abstract.html	/home/fhu_thjen/projects/learning-java/09-oop/anki/cloze.tsv	23
ok	200	official Java/Oracle documentation	https://docs.oracle.com/javase/tutorial/java/IandI/abstract.html	/home/fhu_thjen/projects/learning-java/09-oop/anki/cloze.tsv	23
ok	200	official Java/Oracle documentation	https://docs.oracle.com/javase/tutorial/java/IandI/abstract.html	/home/fhu_thjen/projects/learning-java/09-oop/anki/cloze.tsv	24
ok	200	official Java/Oracle documentation	https://docs.oracle.com/javase/tutorial/java/IandI/abstract.html	/home/fhu_thjen/projects/learning-java/09-oop/anki/cloze.tsv	24
ok	200	official Java/Oracle documentation	https://docs.oracle.com/javase/tutorial/java/IandI/createinterface.html	/home/fhu_thjen/projects/learning-java/09-oop/anki/cloze.tsv	25
ok	200	official Java/Oracle documentation	https://docs.oracle.com/javase/tutorial/java/IandI/createinterface.html	/home/fhu_thjen/projects/learning-java/09-oop/anki/cloze.tsv	25
ok	200	official Java/Oracle documentation	https://docs.oracle.com/javase/tutorial/java/IandI/createinterface.html	/home/fhu_thjen/projects/learning-java/09-oop/anki/cloze.tsv	26
ok	200	official Java/Oracle documentation	https://docs.oracle.com/javase/tutorial/java/IandI/createinterface.html	/home/fhu_thjen/projects/learning-java/09-oop/anki/cloze.tsv	26
ok	200	official Java/Oracle documentation	https://docs.oracle.com/javase/tutorial/java/IandI/defaultmethods.html	/home/fhu_thjen/projects/learning-java/09-oop/anki/cloze.tsv	27
ok	200	official Java/Oracle documentation	https://docs.oracle.com/javase/tutorial/java/IandI/defaultmethods.html	/home/fhu_thjen/projects/learning-java/09-oop/anki/cloze.tsv	27
ok	200	official Java/Oracle documentation	https://docs.oracle.com/javase/tutorial/java/IandI/createinterface.html	/home/fhu_thjen/projects/learning-java/09-oop/anki/cloze.tsv	28
ok	200	official Java/Oracle documentation	https://docs.oracle.com/javase/tutorial/java/IandI/createinterface.html	/home/fhu_thjen/projects/learning-java/09-oop/anki/cloze.tsv	28
ok	200	official Java/Oracle documentation	https://docs.oracle.com/javase/tutorial/java/IandI/abstract.html	/home/fhu_thjen/projects/learning-java/09-oop/anki/cloze.tsv	29
ok	200	official Java/Oracle documentation	https://docs.oracle.com/javase/tutorial/java/IandI/abstract.html	/home/fhu_thjen/projects/learning-java/09-oop/anki/cloze.tsv	29
ok	200	official Java/Oracle documentation	https://docs.oracle.com/javase/tutorial/java/IandI/polymorphism.html	/home/fhu_thjen/projects/learning-java/09-oop/anki/cloze.tsv	30
ok	200	official Java/Oracle documentation	https://docs.oracle.com/javase/tutorial/java/IandI/polymorphism.html	/home/fhu_thjen/projects/learning-java/09-oop/anki/cloze.tsv	30
ok	200	official Java/Oracle documentation	https://docs.oracle.com/javase/tutorial/java/IandI/subclasses.html	/home/fhu_thjen/projects/learning-java/09-oop/anki/cloze.tsv	31
ok	200	official Java/Oracle documentation	https://docs.oracle.com/javase/tutorial/java/IandI/subclasses.html	/home/fhu_thjen/projects/learning-java/09-oop/anki/cloze.tsv	31
ok	200	official Java/Oracle documentation	https://docs.oracle.com/javase/tutorial/java/IandI/createinterface.html	/home/fhu_thjen/projects/learning-java/09-oop/anki/cloze.tsv	32
ok	200	official Java/Oracle documentation	https://docs.oracle.com/javase/tutorial/java/IandI/createinterface.html	/home/fhu_thjen/projects/learning-java/09-oop/anki/cloze.tsv	32
ok	200	official Java/Oracle documentation	https://docs.oracle.com/javase/tutorial/java/IandI/defaultmethods.html	/home/fhu_thjen/projects/learning-java/09-oop/anki/cloze.tsv	33
ok	200	official Java/Oracle documentation	https://docs.oracle.com/javase/tutorial/java/IandI/defaultmethods.html	/home/fhu_thjen/projects/learning-java/09-oop/anki/cloze.tsv	33
ok	200	official Java/Oracle documentation	https://docs.oracle.com/javase/tutorial/java/javaOO/constructors.html	/home/fhu_thjen/projects/learning-java/09-oop/anki/cloze.tsv	34
ok	200	official Java/Oracle documentation	https://docs.oracle.com/javase/tutorial/java/javaOO/constructors.html	/home/fhu_thjen/projects/learning-java/09-oop/anki/cloze.tsv	34
ok	200	official Java/Oracle documentation	https://docs.oracle.com/javase/tutorial/java/javaOO/objectcreation.html	/home/fhu_thjen/projects/learning-java/09-oop/anki/cloze.tsv	35
ok	200	official Java/Oracle documentation	https://docs.oracle.com/javase/tutorial/java/javaOO/objectcreation.html	/home/fhu_thjen/projects/learning-java/09-oop/anki/cloze.tsv	35
ok	200	official Java/Oracle documentation	https://docs.oracle.com/javase/tutorial/java/javaOO/objectcreation.html	/home/fhu_thjen/projects/learning-java/09-oop/anki/cloze.tsv	36
ok	200	official Java/Oracle documentation	https://docs.oracle.com/javase/tutorial/java/javaOO/objectcreation.html	/home/fhu_thjen/projects/learning-java/09-oop/anki/cloze.tsv	36
ok	200	official Java/Oracle documentation	https://docs.oracle.com/javase/tutorial/java/javaOO/index.html	/home/fhu_thjen/projects/learning-java/09-oop/anki/cloze.tsv	37
ok	200	official Java/Oracle documentation	https://docs.oracle.com/javase/tutorial/java/javaOO/index.html	/home/fhu_thjen/projects/learning-java/09-oop/anki/cloze.tsv	37
ok	200	official Java/Oracle documentation	https://docs.oracle.com/javase/tutorial/java/javaOO/index.html	/home/fhu_thjen/projects/learning-java/09-oop/anki/cloze.tsv	38
ok	200	official Java/Oracle documentation	https://docs.oracle.com/javase/tutorial/java/javaOO/index.html	/home/fhu_thjen/projects/learning-java/09-oop/anki/cloze.tsv	38
ok	200	official Java/Oracle documentation	https://docs.oracle.com/javase/tutorial/java/IandI/override.html	/home/fhu_thjen/projects/learning-java/09-oop/anki/cloze.tsv	39
ok	200	official Java/Oracle documentation	https://docs.oracle.com/javase/tutorial/java/IandI/override.html	/home/fhu_thjen/projects/learning-java/09-oop/anki/cloze.tsv	39
ok	200	official Java/Oracle documentation	https://docs.oracle.com/javase/tutorial/java/IandI/override.html	/home/fhu_thjen/projects/learning-java/09-oop/anki/cloze.tsv	40
ok	200	official Java/Oracle documentation	https://docs.oracle.com/javase/tutorial/java/IandI/override.html	/home/fhu_thjen/projects/learning-java/09-oop/anki/cloze.tsv	40
ok	200	official Java/Oracle documentation	https://docs.oracle.com/javase/tutorial/java/IandI/createinterface.html	/home/fhu_thjen/projects/learning-java/09-oop/anki/cloze.tsv	41
ok	200	official Java/Oracle documentation	https://docs.oracle.com/javase/tutorial/java/IandI/createinterface.html	/home/fhu_thjen/projects/learning-java/09-oop/anki/cloze.tsv	41
ok	200	official Java/Oracle documentation	https://docs.oracle.com/javase/tutorial/java/javaOO/constructors.html	/home/fhu_thjen/projects/learning-java/09-oop/anki/code-question.tsv	2
ok	200	official Java/Oracle documentation	https://docs.oracle.com/javase/tutorial/java/javaOO/constructors.html	/home/fhu_thjen/projects/learning-java/09-oop/anki/code-question.tsv	2
ok	200	official Java/Oracle documentation	https://docs.oracle.com/javase/tutorial/java/javaOO/thiskey.html	/home/fhu_thjen/projects/learning-java/09-oop/anki/code-question.tsv	3
ok	200	official Java/Oracle documentation	https://docs.oracle.com/javase/tutorial/java/javaOO/thiskey.html	/home/fhu_thjen/projects/learning-java/09-oop/anki/code-question.tsv	3
ok	200	official Java/Oracle documentation	https://docs.oracle.com/javase/tutorial/java/javaOO/thiskey.html	/home/fhu_thjen/projects/learning-java/09-oop/anki/code-question.tsv	4
ok	200	official Java/Oracle documentation	https://docs.oracle.com/javase/tutorial/java/javaOO/thiskey.html	/home/fhu_thjen/projects/learning-java/09-oop/anki/code-question.tsv	4
ok	200	official Java/Oracle documentation	https://docs.oracle.com/javase/tutorial/java/javaOO/objectcreation.html	/home/fhu_thjen/projects/learning-java/09-oop/anki/code-question.tsv	5
ok	200	official Java/Oracle documentation	https://docs.oracle.com/javase/tutorial/java/javaOO/objectcreation.html	/home/fhu_thjen/projects/learning-java/09-oop/anki/code-question.tsv	5
ok	200	official Java/Oracle documentation	https://docs.oracle.com/javase/tutorial/java/javaOO/arguments.html	/home/fhu_thjen/projects/learning-java/09-oop/anki/code-question.tsv	6
ok	200	official Java/Oracle documentation	https://docs.oracle.com/javase/tutorial/java/javaOO/arguments.html	/home/fhu_thjen/projects/learning-java/09-oop/anki/code-question.tsv	6
ok	200	official Java/Oracle documentation	https://docs.oracle.com/javase/tutorial/java/javaOO/arguments.html	/home/fhu_thjen/projects/learning-java/09-oop/anki/code-question.tsv	7
ok	200	official Java/Oracle documentation	https://docs.oracle.com/javase/tutorial/java/javaOO/arguments.html	/home/fhu_thjen/projects/learning-java/09-oop/anki/code-question.tsv	7
ok	200	official Java/Oracle documentation	https://docs.oracle.com/javase/tutorial/java/javaOO/index.html	/home/fhu_thjen/projects/learning-java/09-oop/anki/code-question.tsv	8
ok	200	official Java/Oracle documentation	https://docs.oracle.com/javase/tutorial/java/javaOO/index.html	/home/fhu_thjen/projects/learning-java/09-oop/anki/code-question.tsv	8
ok	200	official Java/Oracle documentation	https://docs.oracle.com/javase/tutorial/java/concepts/	/home/fhu_thjen/projects/learning-java/09-oop/anki/code-question.tsv	9
ok	200	official Java/Oracle documentation	https://docs.oracle.com/javase/tutorial/java/concepts/	/home/fhu_thjen/projects/learning-java/09-oop/anki/code-question.tsv	9
ok	200	official Java/Oracle documentation	https://docs.oracle.com/javase/tutorial/java/javaOO/constructors.html	/home/fhu_thjen/projects/learning-java/09-oop/anki/code-question.tsv	10
ok	200	official Java/Oracle documentation	https://docs.oracle.com/javase/tutorial/java/javaOO/constructors.html	/home/fhu_thjen/projects/learning-java/09-oop/anki/code-question.tsv	10
ok	200	official Java/Oracle documentation	https://docs.oracle.com/javase/tutorial/java/IandI/subclasses.html	/home/fhu_thjen/projects/learning-java/09-oop/anki/code-question.tsv	11
ok	200	official Java/Oracle documentation	https://docs.oracle.com/javase/tutorial/java/IandI/subclasses.html	/home/fhu_thjen/projects/learning-java/09-oop/anki/code-question.tsv	11
ok	200	official Java/Oracle documentation	https://docs.oracle.com/javase/tutorial/java/IandI/polymorphism.html	/home/fhu_thjen/projects/learning-java/09-oop/anki/code-question.tsv	12
ok	200	official Java/Oracle documentation	https://docs.oracle.com/javase/tutorial/java/IandI/polymorphism.html	/home/fhu_thjen/projects/learning-java/09-oop/anki/code-question.tsv	12
ok	200	official Java/Oracle documentation	https://docs.oracle.com/javase/tutorial/java/IandI/override.html	/home/fhu_thjen/projects/learning-java/09-oop/anki/code-question.tsv	13
ok	200	official Java/Oracle documentation	https://docs.oracle.com/javase/tutorial/java/IandI/override.html	/home/fhu_thjen/projects/learning-java/09-oop/anki/code-question.tsv	13
ok	200	official Java/Oracle documentation	https://docs.oracle.com/javase/tutorial/java/IandI/override.html	/home/fhu_thjen/projects/learning-java/09-oop/anki/code-question.tsv	14
ok	200	official Java/Oracle documentation	https://docs.oracle.com/javase/tutorial/java/IandI/override.html	/home/fhu_thjen/projects/learning-java/09-oop/anki/code-question.tsv	14
ok	200	official Java/Oracle documentation	https://docs.oracle.com/javase/tutorial/java/javaOO/index.html	/home/fhu_thjen/projects/learning-java/09-oop/anki/code-question.tsv	15
ok	200	official Java/Oracle documentation	https://docs.oracle.com/javase/tutorial/java/javaOO/index.html	/home/fhu_thjen/projects/learning-java/09-oop/anki/code-question.tsv	15
ok	200	official Java/Oracle documentation	https://docs.oracle.com/javase/tutorial/java/javaOO/index.html	/home/fhu_thjen/projects/learning-java/09-oop/anki/code-question.tsv	16
ok	200	official Java/Oracle documentation	https://docs.oracle.com/javase/tutorial/java/javaOO/index.html	/home/fhu_thjen/projects/learning-java/09-oop/anki/code-question.tsv	16
ok	200	official Java/Oracle documentation	https://docs.oracle.com/javase/tutorial/java/IandI/polymorphism.html	/home/fhu_thjen/projects/learning-java/09-oop/anki/code-question.tsv	17
ok	200	official Java/Oracle documentation	https://docs.oracle.com/javase/tutorial/java/IandI/polymorphism.html	/home/fhu_thjen/projects/learning-java/09-oop/anki/code-question.tsv	17
ok	200	official Java/Oracle documentation	https://docs.oracle.com/javase/tutorial/java/IandI/polymorphism.html	/home/fhu_thjen/projects/learning-java/09-oop/anki/code-question.tsv	18
ok	200	official Java/Oracle documentation	https://docs.oracle.com/javase/tutorial/java/IandI/polymorphism.html	/home/fhu_thjen/projects/learning-java/09-oop/anki/code-question.tsv	18
ok	200	official Java/Oracle documentation	https://docs.oracle.com/javase/tutorial/java/IandI/abstract.html	/home/fhu_thjen/projects/learning-java/09-oop/anki/code-question.tsv	19
ok	200	official Java/Oracle documentation	https://docs.oracle.com/javase/tutorial/java/IandI/abstract.html	/home/fhu_thjen/projects/learning-java/09-oop/anki/code-question.tsv	19
ok	200	official Java/Oracle documentation	https://docs.oracle.com/javase/tutorial/java/IandI/abstract.html	/home/fhu_thjen/projects/learning-java/09-oop/anki/code-question.tsv	20
ok	200	official Java/Oracle documentation	https://docs.oracle.com/javase/tutorial/java/IandI/abstract.html	/home/fhu_thjen/projects/learning-java/09-oop/anki/code-question.tsv	20
ok	200	official Java/Oracle documentation	https://docs.oracle.com/javase/tutorial/java/IandI/createinterface.html	/home/fhu_thjen/projects/learning-java/09-oop/anki/code-question.tsv	21
ok	200	official Java/Oracle documentation	https://docs.oracle.com/javase/tutorial/java/IandI/createinterface.html	/home/fhu_thjen/projects/learning-java/09-oop/anki/code-question.tsv	21
ok	200	official Java/Oracle documentation	https://docs.oracle.com/javase/tutorial/java/IandI/createinterface.html	/home/fhu_thjen/projects/learning-java/09-oop/anki/code-question.tsv	22
ok	200	official Java/Oracle documentation	https://docs.oracle.com/javase/tutorial/java/IandI/createinterface.html	/home/fhu_thjen/projects/learning-java/09-oop/anki/code-question.tsv	22
ok	200	official Java/Oracle documentation	https://docs.oracle.com/javase/tutorial/java/IandI/defaultmethods.html	/home/fhu_thjen/projects/learning-java/09-oop/anki/code-question.tsv	23
ok	200	official Java/Oracle documentation	https://docs.oracle.com/javase/tutorial/java/IandI/defaultmethods.html	/home/fhu_thjen/projects/learning-java/09-oop/anki/code-question.tsv	23
ok	200	official Java/Oracle documentation	https://docs.oracle.com/javase/tutorial/java/IandI/createinterface.html	/home/fhu_thjen/projects/learning-java/09-oop/anki/code-question.tsv	24
ok	200	official Java/Oracle documentation	https://docs.oracle.com/javase/tutorial/java/IandI/createinterface.html	/home/fhu_thjen/projects/learning-java/09-oop/anki/code-question.tsv	24
ok	200	official Java/Oracle documentation	https://docs.oracle.com/javase/tutorial/java/IandI/polymorphism.html	/home/fhu_thjen/projects/learning-java/09-oop/anki/code-question.tsv	25
ok	200	official Java/Oracle documentation	https://docs.oracle.com/javase/tutorial/java/IandI/polymorphism.html	/home/fhu_thjen/projects/learning-java/09-oop/anki/code-question.tsv	25
ok	200	official Java/Oracle documentation	https://docs.oracle.com/javase/tutorial/java/IandI/subclasses.html	/home/fhu_thjen/projects/learning-java/09-oop/anki/code-question.tsv	26
ok	200	official Java/Oracle documentation	https://docs.oracle.com/javase/tutorial/java/IandI/subclasses.html	/home/fhu_thjen/projects/learning-java/09-oop/anki/code-question.tsv	26
ok	200	official Java/Oracle documentation	https://docs.oracle.com/javase/tutorial/java/IandI/subclasses.html	/home/fhu_thjen/projects/learning-java/09-oop/anki/code-question.tsv	27
ok	200	official Java/Oracle documentation	https://docs.oracle.com/javase/tutorial/java/IandI/subclasses.html	/home/fhu_thjen/projects/learning-java/09-oop/anki/code-question.tsv	27
ok	200	official Java/Oracle documentation	https://docs.oracle.com/javase/tutorial/java/IandI/override.html	/home/fhu_thjen/projects/learning-java/09-oop/anki/code-question.tsv	28
ok	200	official Java/Oracle documentation	https://docs.oracle.com/javase/tutorial/java/IandI/override.html	/home/fhu_thjen/projects/learning-java/09-oop/anki/code-question.tsv	28
ok	200	official Java/Oracle documentation	https://docs.oracle.com/javase/tutorial/java/IandI/override.html	/home/fhu_thjen/projects/learning-java/09-oop/anki/code-question.tsv	29
ok	200	official Java/Oracle documentation	https://docs.oracle.com/javase/tutorial/java/IandI/override.html	/home/fhu_thjen/projects/learning-java/09-oop/anki/code-question.tsv	29
ok	200	official Java/Oracle documentation	https://docs.oracle.com/javase/tutorial/java/IandI/override.html	/home/fhu_thjen/projects/learning-java/09-oop/anki/code-question.tsv	30
ok	200	official Java/Oracle documentation	https://docs.oracle.com/javase/tutorial/java/IandI/override.html	/home/fhu_thjen/projects/learning-java/09-oop/anki/code-question.tsv	30
ok	200	official Java/Oracle documentation	https://docs.oracle.com/javase/tutorial/java/IandI/createinterface.html	/home/fhu_thjen/projects/learning-java/09-oop/anki/code-question.tsv	31
ok	200	official Java/Oracle documentation	https://docs.oracle.com/javase/tutorial/java/IandI/createinterface.html	/home/fhu_thjen/projects/learning-java/09-oop/anki/code-question.tsv	31
ok	200	official Java/Oracle documentation	https://docs.oracle.com/javase/tutorial/java/IandI/abstract.html	/home/fhu_thjen/projects/learning-java/09-oop/anki/code-question.tsv	32
ok	200	official Java/Oracle documentation	https://docs.oracle.com/javase/tutorial/java/IandI/abstract.html	/home/fhu_thjen/projects/learning-java/09-oop/anki/code-question.tsv	32
ok	200	official Java/Oracle documentation	https://docs.oracle.com/javase/tutorial/java/javaOO/index.html	/home/fhu_thjen/projects/learning-java/09-oop/anki/code-question.tsv	33
ok	200	official Java/Oracle documentation	https://docs.oracle.com/javase/tutorial/java/javaOO/index.html	/home/fhu_thjen/projects/learning-java/09-oop/anki/code-question.tsv	33
ok	200	official Java/Oracle documentation	https://docs.oracle.com/javase/tutorial/java/IandI/createinterface.html	/home/fhu_thjen/projects/learning-java/09-oop/anki/code-question.tsv	34
ok	200	official Java/Oracle documentation	https://docs.oracle.com/javase/tutorial/java/IandI/createinterface.html	/home/fhu_thjen/projects/learning-java/09-oop/anki/code-question.tsv	34
ok	200	official Java/Oracle documentation	https://docs.oracle.com/javase/tutorial/java/IandI/subclasses.html	/home/fhu_thjen/projects/learning-java/09-oop/anki/code-question.tsv	35
ok	200	official Java/Oracle documentation	https://docs.oracle.com/javase/tutorial/java/IandI/subclasses.html	/home/fhu_thjen/projects/learning-java/09-oop/anki/code-question.tsv	35
ok	200	official Java/Oracle documentation	https://docs.oracle.com/javase/tutorial/java/IandI/createinterface.html	/home/fhu_thjen/projects/learning-java/09-oop/anki/code-question.tsv	36
ok	200	official Java/Oracle documentation	https://docs.oracle.com/javase/tutorial/java/IandI/createinterface.html	/home/fhu_thjen/projects/learning-java/09-oop/anki/code-question.tsv	36
ok	200	official Java/Oracle documentation	https://docs.oracle.com/javase/tutorial/java/javaOO/accesscontrol.html	/home/fhu_thjen/projects/learning-java/10-modifiers/anki/basic-extra.tsv	2
ok	200	official Java/Oracle documentation	https://docs.oracle.com/javase/tutorial/java/javaOO/accesscontrol.html	/home/fhu_thjen/projects/learning-java/10-modifiers/anki/basic-extra.tsv	3
ok	200	official Java/Oracle documentation	https://docs.oracle.com/javase/tutorial/java/javaOO/accesscontrol.html	/home/fhu_thjen/projects/learning-java/10-modifiers/anki/basic-extra.tsv	4
ok	200	official Java/Oracle documentation	https://docs.oracle.com/javase/tutorial/java/javaOO/accesscontrol.html	/home/fhu_thjen/projects/learning-java/10-modifiers/anki/basic-extra.tsv	5
ok	200	official Java/Oracle documentation	https://docs.oracle.com/javase/tutorial/java/javaOO/accesscontrol.html	/home/fhu_thjen/projects/learning-java/10-modifiers/anki/basic-extra.tsv	6
ok	200	official Java/Oracle documentation	https://docs.oracle.com/javase/tutorial/java/javaOO/accesscontrol.html	/home/fhu_thjen/projects/learning-java/10-modifiers/anki/basic-extra.tsv	7
ok	200	official Java/Oracle documentation	https://docs.oracle.com/javase/tutorial/java/javaOO/classvars.html	/home/fhu_thjen/projects/learning-java/10-modifiers/anki/basic-extra.tsv	8
ok	200	official Java/Oracle documentation	https://docs.oracle.com/javase/tutorial/java/javaOO/classvars.html	/home/fhu_thjen/projects/learning-java/10-modifiers/anki/basic-extra.tsv	9
ok	200	official Java/Oracle documentation	https://docs.oracle.com/javase/tutorial/java/javaOO/accesscontrol.html	/home/fhu_thjen/projects/learning-java/10-modifiers/anki/basic-extra.tsv	10
ok	200	official Java/Oracle documentation	https://docs.oracle.com/javase/tutorial/java/javaOO/classvars.html	/home/fhu_thjen/projects/learning-java/10-modifiers/anki/basic-extra.tsv	11
ok	200	official Java/Oracle documentation	https://docs.oracle.com/javase/tutorial/java/javaOO/accesscontrol.html	/home/fhu_thjen/projects/learning-java/10-modifiers/anki/basic.tsv	2
ok	200	official Java/Oracle documentation	https://docs.oracle.com/javase/tutorial/java/javaOO/accesscontrol.html	/home/fhu_thjen/projects/learning-java/10-modifiers/anki/basic.tsv	3
ok	200	official Java/Oracle documentation	https://docs.oracle.com/javase/tutorial/java/javaOO/accesscontrol.html	/home/fhu_thjen/projects/learning-java/10-modifiers/anki/basic.tsv	4
ok	200	official Java/Oracle documentation	https://docs.oracle.com/javase/tutorial/java/javaOO/accesscontrol.html	/home/fhu_thjen/projects/learning-java/10-modifiers/anki/basic.tsv	5
ok	200	official Java/Oracle documentation	https://docs.oracle.com/javase/tutorial/java/javaOO/accesscontrol.html	/home/fhu_thjen/projects/learning-java/10-modifiers/anki/basic.tsv	6
ok	200	official Java/Oracle documentation	https://docs.oracle.com/javase/tutorial/java/javaOO/accesscontrol.html	/home/fhu_thjen/projects/learning-java/10-modifiers/anki/basic.tsv	7
ok	200	official Java/Oracle documentation	https://docs.oracle.com/javase/tutorial/java/javaOO/classvars.html	/home/fhu_thjen/projects/learning-java/10-modifiers/anki/basic.tsv	8
ok	200	official Java/Oracle documentation	https://docs.oracle.com/javase/tutorial/java/javaOO/classvars.html	/home/fhu_thjen/projects/learning-java/10-modifiers/anki/basic.tsv	9
ok	200	official Java/Oracle documentation	https://docs.oracle.com/javase/tutorial/java/javaOO/accesscontrol.html	/home/fhu_thjen/projects/learning-java/10-modifiers/anki/basic.tsv	10
ok	200	official Java/Oracle documentation	https://docs.oracle.com/javase/tutorial/java/javaOO/accesscontrol.html	/home/fhu_thjen/projects/learning-java/10-modifiers/anki/basic.tsv	11
ok	200	official Java/Oracle documentation	https://docs.oracle.com/javase/tutorial/java/javaOO/accesscontrol.html	/home/fhu_thjen/projects/learning-java/10-modifiers/anki/basic.tsv	12
ok	200	official Java/Oracle documentation	https://docs.oracle.com/javase/tutorial/java/javaOO/accesscontrol.html	/home/fhu_thjen/projects/learning-java/10-modifiers/anki/basic.tsv	13
ok	200	official Java/Oracle documentation	https://docs.oracle.com/javase/tutorial/java/javaOO/accesscontrol.html	/home/fhu_thjen/projects/learning-java/10-modifiers/anki/basic.tsv	14
ok	200	official Java/Oracle documentation	https://docs.oracle.com/javase/tutorial/java/javaOO/accesscontrol.html	/home/fhu_thjen/projects/learning-java/10-modifiers/anki/basic.tsv	15
ok	200	official Java/Oracle documentation	https://docs.oracle.com/javase/tutorial/java/javaOO/accesscontrol.html	/home/fhu_thjen/projects/learning-java/10-modifiers/anki/basic.tsv	16
ok	200	official Java/Oracle documentation	https://docs.oracle.com/javase/tutorial/java/javaOO/accesscontrol.html	/home/fhu_thjen/projects/learning-java/10-modifiers/anki/basic.tsv	17
ok	200	official Java/Oracle documentation	https://docs.oracle.com/javase/tutorial/java/javaOO/accesscontrol.html	/home/fhu_thjen/projects/learning-java/10-modifiers/anki/basic.tsv	18
ok	200	official Java/Oracle documentation	https://docs.oracle.com/javase/tutorial/java/javaOO/accesscontrol.html	/home/fhu_thjen/projects/learning-java/10-modifiers/anki/basic.tsv	19
ok	200	official Java/Oracle documentation	https://docs.oracle.com/javase/tutorial/java/javaOO/classvars.html	/home/fhu_thjen/projects/learning-java/10-modifiers/anki/basic.tsv	20
ok	200	official Java/Oracle documentation	https://docs.oracle.com/javase/tutorial/java/javaOO/classvars.html	/home/fhu_thjen/projects/learning-java/10-modifiers/anki/basic.tsv	21
ok	200	official Java/Oracle documentation	https://docs.oracle.com/javase/tutorial/java/javaOO/classvars.html	/home/fhu_thjen/projects/learning-java/10-modifiers/anki/basic.tsv	22
ok	200	official Java/Oracle documentation	https://docs.oracle.com/javase/tutorial/java/javaOO/classvars.html	/home/fhu_thjen/projects/learning-java/10-modifiers/anki/basic.tsv	23
ok	200	official Java/Oracle documentation	https://docs.oracle.com/javase/tutorial/java/javaOO/accesscontrol.html	/home/fhu_thjen/projects/learning-java/10-modifiers/anki/basic.tsv	24
ok	200	official Java/Oracle documentation	https://docs.oracle.com/javase/tutorial/java/javaOO/accesscontrol.html	/home/fhu_thjen/projects/learning-java/10-modifiers/anki/basic.tsv	25
ok	200	official Java/Oracle documentation	https://docs.oracle.com/javase/tutorial/java/javaOO/accesscontrol.html	/home/fhu_thjen/projects/learning-java/10-modifiers/anki/basic.tsv	26
ok	200	official Java/Oracle documentation	https://docs.oracle.com/javase/tutorial/java/javaOO/accesscontrol.html	/home/fhu_thjen/projects/learning-java/10-modifiers/anki/cloze.tsv	2
ok	200	official Java/Oracle documentation	https://docs.oracle.com/javase/tutorial/java/javaOO/accesscontrol.html	/home/fhu_thjen/projects/learning-java/10-modifiers/anki/cloze.tsv	3
ok	200	official Java/Oracle documentation	https://docs.oracle.com/javase/tutorial/java/javaOO/classvars.html	/home/fhu_thjen/projects/learning-java/10-modifiers/anki/cloze.tsv	4
ok	200	official Java/Oracle documentation	https://docs.oracle.com/javase/tutorial/java/javaOO/accesscontrol.html	/home/fhu_thjen/projects/learning-java/10-modifiers/anki/cloze.tsv	5
ok	200	official Java/Oracle documentation	https://docs.oracle.com/javase/tutorial/java/javaOO/accesscontrol.html	/home/fhu_thjen/projects/learning-java/10-modifiers/anki/cloze.tsv	6
ok	200	official Java/Oracle documentation	https://docs.oracle.com/javase/tutorial/java/javaOO/accesscontrol.html	/home/fhu_thjen/projects/learning-java/10-modifiers/anki/cloze.tsv	7
ok	200	official Java/Oracle documentation	https://docs.oracle.com/javase/tutorial/java/javaOO/accesscontrol.html	/home/fhu_thjen/projects/learning-java/10-modifiers/anki/cloze.tsv	8
ok	200	official Java/Oracle documentation	https://docs.oracle.com/javase/tutorial/java/javaOO/accesscontrol.html	/home/fhu_thjen/projects/learning-java/10-modifiers/anki/cloze.tsv	9
ok	200	official Java/Oracle documentation	https://docs.oracle.com/javase/tutorial/java/javaOO/accesscontrol.html	/home/fhu_thjen/projects/learning-java/10-modifiers/anki/cloze.tsv	10
ok	200	official Java/Oracle documentation	https://docs.oracle.com/javase/tutorial/java/javaOO/classvars.html	/home/fhu_thjen/projects/learning-java/10-modifiers/anki/cloze.tsv	11
ok	200	official Java/Oracle documentation	https://docs.oracle.com/javase/tutorial/java/javaOO/accesscontrol.html	/home/fhu_thjen/projects/learning-java/10-modifiers/anki/code-question.tsv	2
ok	200	official Java/Oracle documentation	https://docs.oracle.com/javase/tutorial/java/javaOO/classvars.html	/home/fhu_thjen/projects/learning-java/10-modifiers/anki/code-question.tsv	3
ok	200	official Java/Oracle documentation	https://docs.oracle.com/javase/tutorial/java/javaOO/accesscontrol.html	/home/fhu_thjen/projects/learning-java/10-modifiers/anki/code-question.tsv	4
ok	200	official Java/Oracle documentation	https://docs.oracle.com/javase/tutorial/java/javaOO/classvars.html	/home/fhu_thjen/projects/learning-java/10-modifiers/anki/code-question.tsv	5
ok	200	official Java/Oracle documentation	https://docs.oracle.com/javase/tutorial/java/javaOO/classvars.html	/home/fhu_thjen/projects/learning-java/10-modifiers/anki/code-question.tsv	6
ok	200	official Java/Oracle documentation	https://docs.oracle.com/javase/tutorial/java/javaOO/accesscontrol.html	/home/fhu_thjen/projects/learning-java/10-modifiers/anki/code-question.tsv	7
ok	200	official Java/Oracle documentation	https://docs.oracle.com/javase/tutorial/java/javaOO/classvars.html	/home/fhu_thjen/projects/learning-java/10-modifiers/anki/code-question.tsv	8
ok	200	official Java/Oracle documentation	https://docs.oracle.com/javase/tutorial/java/javaOO/accesscontrol.html	/home/fhu_thjen/projects/learning-java/10-modifiers/anki/code-question.tsv	9
ok	200	official Java/Oracle documentation	https://docs.oracle.com/javase/tutorial/java/package/packages.html	/home/fhu_thjen/projects/learning-java/11-package-access-control/anki/basic-extra.tsv	2
ok	200	official Java/Oracle documentation	https://docs.oracle.com/javase/tutorial/java/package/packages.html	/home/fhu_thjen/projects/learning-java/11-package-access-control/anki/basic-extra.tsv	3
ok	200	official Java/Oracle documentation	https://docs.oracle.com/javase/tutorial/java/package/usepkgs.html	/home/fhu_thjen/projects/learning-java/11-package-access-control/anki/basic-extra.tsv	4
ok	200	official Java/Oracle documentation	https://docs.oracle.com/javase/tutorial/java/package/usepkgs.html	/home/fhu_thjen/projects/learning-java/11-package-access-control/anki/basic-extra.tsv	5
ok	200	official Java/Oracle documentation	https://docs.oracle.com/javase/tutorial/java/package/packages.html	/home/fhu_thjen/projects/learning-java/11-package-access-control/anki/basic-extra.tsv	6
ok	200	official Java/Oracle documentation	https://docs.oracle.com/javase/tutorial/java/package/packages.html	/home/fhu_thjen/projects/learning-java/11-package-access-control/anki/basic-extra.tsv	7
ok	200	official Java/Oracle documentation	https://docs.oracle.com/javase/specs/jls/se21/html/jls-6.html#jls-6.6	/home/fhu_thjen/projects/learning-java/11-package-access-control/anki/basic-extra.tsv	8
ok	200	official Java/Oracle documentation	https://docs.oracle.com/javase/tutorial/java/package/packages.html	/home/fhu_thjen/projects/learning-java/11-package-access-control/anki/basic-extra.tsv	9
ok	200	official Java/Oracle documentation	https://docs.oracle.com/javase/tutorial/java/package/packages.html	/home/fhu_thjen/projects/learning-java/11-package-access-control/anki/basic-extra.tsv	10
ok	200	official Java/Oracle documentation	https://docs.oracle.com/javase/tutorial/java/package/packages.html	/home/fhu_thjen/projects/learning-java/11-package-access-control/anki/basic.tsv	2
ok	200	official Java/Oracle documentation	https://docs.oracle.com/javase/tutorial/java/package/packages.html	/home/fhu_thjen/projects/learning-java/11-package-access-control/anki/basic.tsv	3
ok	200	official Java/Oracle documentation	https://docs.oracle.com/javase/tutorial/java/package/packages.html	/home/fhu_thjen/projects/learning-java/11-package-access-control/anki/basic.tsv	4
ok	200	official Java/Oracle documentation	https://docs.oracle.com/javase/tutorial/java/package/packages.html	/home/fhu_thjen/projects/learning-java/11-package-access-control/anki/basic.tsv	5
ok	200	official Java/Oracle documentation	https://docs.oracle.com/javase/tutorial/java/package/usepkgs.html	/home/fhu_thjen/projects/learning-java/11-package-access-control/anki/basic.tsv	6
ok	200	official Java/Oracle documentation	https://docs.oracle.com/javase/tutorial/java/package/usepkgs.html	/home/fhu_thjen/projects/learning-java/11-package-access-control/anki/basic.tsv	7
ok	200	official Java/Oracle documentation	https://docs.oracle.com/javase/tutorial/java/package/usepkgs.html	/home/fhu_thjen/projects/learning-java/11-package-access-control/anki/basic.tsv	8
ok	200	official Java/Oracle documentation	https://docs.oracle.com/javase/tutorial/java/package/usepkgs.html	/home/fhu_thjen/projects/learning-java/11-package-access-control/anki/basic.tsv	9
ok	200	official Java/Oracle documentation	https://docs.oracle.com/javase/tutorial/java/package/usepkgs.html	/home/fhu_thjen/projects/learning-java/11-package-access-control/anki/basic.tsv	10
ok	200	official Java/Oracle documentation	https://docs.oracle.com/javase/specs/jls/se21/html/jls-6.html#jls-6.6	/home/fhu_thjen/projects/learning-java/11-package-access-control/anki/basic.tsv	11
ok	200	official Java/Oracle documentation	https://docs.oracle.com/javase/specs/jls/se21/html/jls-6.html#jls-6.6	/home/fhu_thjen/projects/learning-java/11-package-access-control/anki/basic.tsv	12
ok	200	official Java/Oracle documentation	https://docs.oracle.com/javase/tutorial/java/package/packages.html	/home/fhu_thjen/projects/learning-java/11-package-access-control/anki/basic.tsv	13
ok	200	official Java/Oracle documentation	https://docs.oracle.com/javase/tutorial/java/package/packages.html	/home/fhu_thjen/projects/learning-java/11-package-access-control/anki/basic.tsv	14
ok	200	official Java/Oracle documentation	https://docs.oracle.com/javase/tutorial/java/package/packages.html	/home/fhu_thjen/projects/learning-java/11-package-access-control/anki/basic.tsv	15
ok	200	official Java/Oracle documentation	https://docs.oracle.com/javase/tutorial/java/package/packages.html	/home/fhu_thjen/projects/learning-java/11-package-access-control/anki/basic.tsv	16
ok	200	official Java/Oracle documentation	https://docs.oracle.com/javase/specs/jls/se21/html/jls-7.html	/home/fhu_thjen/projects/learning-java/11-package-access-control/anki/basic.tsv	17
ok	200	official Java/Oracle documentation	https://docs.oracle.com/javase/specs/jls/se21/html/jls-7.html#jls-7.5	/home/fhu_thjen/projects/learning-java/11-package-access-control/anki/basic.tsv	18
ok	200	official Java/Oracle documentation	https://docs.oracle.com/javase/specs/jls/se21/html/jls-7.html#jls-7.5	/home/fhu_thjen/projects/learning-java/11-package-access-control/anki/basic.tsv	19
ok	200	official Java/Oracle documentation	https://docs.oracle.com/javase/tutorial/java/package/packages.html	/home/fhu_thjen/projects/learning-java/11-package-access-control/anki/cloze.tsv	2
ok	200	official Java/Oracle documentation	https://docs.oracle.com/javase/tutorial/java/package/packages.html	/home/fhu_thjen/projects/learning-java/11-package-access-control/anki/cloze.tsv	3
ok	200	official Java/Oracle documentation	https://docs.oracle.com/javase/tutorial/java/package/usepkgs.html	/home/fhu_thjen/projects/learning-java/11-package-access-control/anki/cloze.tsv	4
ok	200	official Java/Oracle documentation	https://docs.oracle.com/javase/tutorial/java/package/usepkgs.html	/home/fhu_thjen/projects/learning-java/11-package-access-control/anki/cloze.tsv	5
ok	200	official Java/Oracle documentation	https://docs.oracle.com/javase/tutorial/java/package/packages.html	/home/fhu_thjen/projects/learning-java/11-package-access-control/anki/cloze.tsv	6
ok	200	official Java/Oracle documentation	https://docs.oracle.com/javase/tutorial/java/package/packages.html	/home/fhu_thjen/projects/learning-java/11-package-access-control/anki/cloze.tsv	7
ok	200	official Java/Oracle documentation	https://docs.oracle.com/javase/specs/jls/se21/html/jls-6.html#jls-6.6	/home/fhu_thjen/projects/learning-java/11-package-access-control/anki/cloze.tsv	8
ok	200	official Java/Oracle documentation	https://docs.oracle.com/javase/tutorial/java/package/packages.html	/home/fhu_thjen/projects/learning-java/11-package-access-control/anki/cloze.tsv	9
ok	200	official Java/Oracle documentation	https://docs.oracle.com/javase/tutorial/java/package/packages.html	/home/fhu_thjen/projects/learning-java/11-package-access-control/anki/cloze.tsv	10
ok	200	official Java/Oracle documentation	https://docs.oracle.com/javase/tutorial/java/package/packages.html	/home/fhu_thjen/projects/learning-java/11-package-access-control/anki/code-question.tsv	2
ok	200	official Java/Oracle documentation	https://docs.oracle.com/javase/tutorial/java/package/packages.html	/home/fhu_thjen/projects/learning-java/11-package-access-control/anki/code-question.tsv	3
ok	200	official Java/Oracle documentation	https://docs.oracle.com/javase/tutorial/java/package/packages.html	/home/fhu_thjen/projects/learning-java/11-package-access-control/anki/code-question.tsv	4
ok	200	official Java/Oracle documentation	https://docs.oracle.com/javase/tutorial/java/package/packages.html	/home/fhu_thjen/projects/learning-java/11-package-access-control/anki/code-question.tsv	5
ok	200	official Java/Oracle documentation	https://docs.oracle.com/javase/tutorial/java/package/packages.html	/home/fhu_thjen/projects/learning-java/11-package-access-control/anki/code-question.tsv	6
ok	200	official Java/Oracle documentation	https://docs.oracle.com/javase/tutorial/java/package/packages.html	/home/fhu_thjen/projects/learning-java/11-package-access-control/anki/code-question.tsv	7
ok	200	official Java/Oracle documentation	https://docs.oracle.com/javase/tutorial/java/package/packages.html	/home/fhu_thjen/projects/learning-java/11-package-access-control/anki/code-question.tsv	8
ok	200	official Java/Oracle documentation	https://docs.oracle.com/javase/specs/jls/se21/html/jls-6.html#jls-6.6	/home/fhu_thjen/projects/learning-java/11-package-access-control/anki/code-question.tsv	9
ok	200	official Java/Oracle documentation	https://docs.oracle.com/javase/tutorial/java/package/packages.html	/home/fhu_thjen/projects/learning-java/11-package-access-control/anki/code-question.tsv	10
ok	200	official Java/Oracle documentation	https://docs.oracle.com/javase/tutorial/java/package/packages.html	/home/fhu_thjen/projects/learning-java/11-package-access-control/anki/code-question.tsv	11
ok	200	official Java/Oracle documentation	https://docs.oracle.com/javase/specs/jls/se21/html/jls-6.html#jls-6.6	/home/fhu_thjen/projects/learning-java/11-package-access-control/anki/code-question.tsv	12
ok	200	official Java/Oracle documentation	https://docs.oracle.com/javase/tutorial/java/package/usepkgs.html	/home/fhu_thjen/projects/learning-java/11-package-access-control/anki/code-question.tsv	13
ok	200	official Java/Oracle documentation	https://docs.oracle.com/javase/tutorial/java/package/usepkgs.html	/home/fhu_thjen/projects/learning-java/11-package-access-control/anki/code-question.tsv	14
ok	200	official Java/Oracle documentation	https://docs.oracle.com/javase/tutorial/java/package/usepkgs.html	/home/fhu_thjen/projects/learning-java/11-package-access-control/anki/code-question.tsv	15
ok	200	official Java/Oracle documentation	https://docs.oracle.com/javase/specs/jls/se21/html/jls-7.html#jls-7.5	/home/fhu_thjen/projects/learning-java/11-package-access-control/anki/code-question.tsv	16
ok	200	official Java/Oracle documentation	https://docs.oracle.com/javase/tutorial/java/package/packages.html	/home/fhu_thjen/projects/learning-java/11-package-access-control/anki/code-question.tsv	17
ok	200	official Java/Oracle documentation	https://docs.oracle.com/javase/tutorial/essential/exceptions/	/home/fhu_thjen/projects/learning-java/12-exception-handling/anki/basic-extra.tsv	2
ok	200	official Java/Oracle documentation	https://docs.oracle.com/javase/tutorial/essential/exceptions/	/home/fhu_thjen/projects/learning-java/12-exception-handling/anki/basic-extra.tsv	3
ok	200	official Java/Oracle documentation	https://docs.oracle.com/en/java/javase/21/docs/api/java.base/java/lang/AutoCloseable.html	/home/fhu_thjen/projects/learning-java/12-exception-handling/anki/basic-extra.tsv	4
ok	200	official Java/Oracle documentation	https://docs.oracle.com/javase/tutorial/essential/exceptions/	/home/fhu_thjen/projects/learning-java/12-exception-handling/anki/basic-extra.tsv	5
ok	200	official Java/Oracle documentation	https://docs.oracle.com/javase/tutorial/essential/exceptions/	/home/fhu_thjen/projects/learning-java/12-exception-handling/anki/basic-extra.tsv	6
ok	200	official Java/Oracle documentation	https://docs.oracle.com/javase/tutorial/essential/exceptions/	/home/fhu_thjen/projects/learning-java/12-exception-handling/anki/basic-extra.tsv	7
ok	200	official Java/Oracle documentation	https://docs.oracle.com/javase/tutorial/essential/exceptions/	/home/fhu_thjen/projects/learning-java/12-exception-handling/anki/basic-extra.tsv	8
ok	200	official Java/Oracle documentation	https://docs.oracle.com/javase/tutorial/essential/exceptions/	/home/fhu_thjen/projects/learning-java/12-exception-handling/anki/basic-extra.tsv	9
ok	200	official Java/Oracle documentation	https://docs.oracle.com/javase/tutorial/essential/exceptions/	/home/fhu_thjen/projects/learning-java/12-exception-handling/anki/basic-extra.tsv	10
ok	200	official Java/Oracle documentation	https://docs.oracle.com/en/java/javase/21/docs/api/java.base/java/lang/AutoCloseable.html	/home/fhu_thjen/projects/learning-java/12-exception-handling/anki/basic-extra.tsv	11
ok	200	official Java/Oracle documentation	https://docs.oracle.com/javase/tutorial/essential/exceptions/	/home/fhu_thjen/projects/learning-java/12-exception-handling/anki/basic-extra.tsv	12
ok	200	official Java/Oracle documentation	https://docs.oracle.com/javase/tutorial/essential/exceptions/	/home/fhu_thjen/projects/learning-java/12-exception-handling/anki/basic-extra.tsv	13
ok	200	official Java/Oracle documentation	https://docs.oracle.com/javase/tutorial/essential/exceptions/	/home/fhu_thjen/projects/learning-java/12-exception-handling/anki/basic.tsv	2
ok	200	official Java/Oracle documentation	https://docs.oracle.com/javase/tutorial/essential/exceptions/	/home/fhu_thjen/projects/learning-java/12-exception-handling/anki/basic.tsv	3
ok	200	official Java/Oracle documentation	https://docs.oracle.com/javase/tutorial/essential/exceptions/	/home/fhu_thjen/projects/learning-java/12-exception-handling/anki/basic.tsv	4
ok	200	official Java/Oracle documentation	https://docs.oracle.com/javase/tutorial/essential/exceptions/	/home/fhu_thjen/projects/learning-java/12-exception-handling/anki/basic.tsv	5
ok	200	official Java/Oracle documentation	https://docs.oracle.com/javase/tutorial/essential/exceptions/	/home/fhu_thjen/projects/learning-java/12-exception-handling/anki/basic.tsv	6
ok	200	official Java/Oracle documentation	https://docs.oracle.com/javase/tutorial/essential/exceptions/	/home/fhu_thjen/projects/learning-java/12-exception-handling/anki/basic.tsv	7
ok	200	official Java/Oracle documentation	https://docs.oracle.com/javase/tutorial/essential/exceptions/	/home/fhu_thjen/projects/learning-java/12-exception-handling/anki/basic.tsv	8
ok	200	official Java/Oracle documentation	https://docs.oracle.com/javase/tutorial/essential/exceptions/	/home/fhu_thjen/projects/learning-java/12-exception-handling/anki/basic.tsv	9
ok	200	official Java/Oracle documentation	https://docs.oracle.com/javase/tutorial/essential/exceptions/	/home/fhu_thjen/projects/learning-java/12-exception-handling/anki/basic.tsv	10
ok	200	official Java/Oracle documentation	https://docs.oracle.com/javase/tutorial/essential/exceptions/	/home/fhu_thjen/projects/learning-java/12-exception-handling/anki/basic.tsv	11
ok	200	official Java/Oracle documentation	https://docs.oracle.com/javase/tutorial/essential/exceptions/	/home/fhu_thjen/projects/learning-java/12-exception-handling/anki/basic.tsv	12
ok	200	official Java/Oracle documentation	https://docs.oracle.com/en/java/javase/21/docs/api/java.base/java/lang/AutoCloseable.html	/home/fhu_thjen/projects/learning-java/12-exception-handling/anki/basic.tsv	13
ok	200	official Java/Oracle documentation	https://docs.oracle.com/en/java/javase/21/docs/api/java.base/java/lang/AutoCloseable.html	/home/fhu_thjen/projects/learning-java/12-exception-handling/anki/basic.tsv	14
ok	200	official Java/Oracle documentation	https://docs.oracle.com/javase/tutorial/essential/exceptions/	/home/fhu_thjen/projects/learning-java/12-exception-handling/anki/basic.tsv	15
ok	200	official Java/Oracle documentation	https://docs.oracle.com/javase/tutorial/essential/exceptions/	/home/fhu_thjen/projects/learning-java/12-exception-handling/anki/basic.tsv	16
ok	200	official Java/Oracle documentation	https://docs.oracle.com/javase/tutorial/essential/exceptions/	/home/fhu_thjen/projects/learning-java/12-exception-handling/anki/basic.tsv	17
ok	200	official Java/Oracle documentation	https://docs.oracle.com/javase/tutorial/essential/exceptions/	/home/fhu_thjen/projects/learning-java/12-exception-handling/anki/basic.tsv	18
ok	200	official Java/Oracle documentation	https://docs.oracle.com/javase/tutorial/essential/exceptions/	/home/fhu_thjen/projects/learning-java/12-exception-handling/anki/basic.tsv	19
ok	200	official Java/Oracle documentation	https://docs.oracle.com/javase/tutorial/essential/exceptions/	/home/fhu_thjen/projects/learning-java/12-exception-handling/anki/basic.tsv	20
ok	200	official Java/Oracle documentation	https://docs.oracle.com/javase/tutorial/essential/exceptions/	/home/fhu_thjen/projects/learning-java/12-exception-handling/anki/basic.tsv	21
ok	200	official Java/Oracle documentation	https://docs.oracle.com/javase/tutorial/essential/exceptions/	/home/fhu_thjen/projects/learning-java/12-exception-handling/anki/basic.tsv	22
ok	200	official Java/Oracle documentation	https://docs.oracle.com/javase/tutorial/essential/exceptions/	/home/fhu_thjen/projects/learning-java/12-exception-handling/anki/basic.tsv	23
ok	200	official Java/Oracle documentation	https://docs.oracle.com/javase/tutorial/essential/exceptions/	/home/fhu_thjen/projects/learning-java/12-exception-handling/anki/basic.tsv	24
ok	200	official Java/Oracle documentation	https://docs.oracle.com/javase/tutorial/essential/exceptions/	/home/fhu_thjen/projects/learning-java/12-exception-handling/anki/basic.tsv	25
ok	200	official Java/Oracle documentation	https://docs.oracle.com/javase/tutorial/essential/exceptions/	/home/fhu_thjen/projects/learning-java/12-exception-handling/anki/cloze.tsv	2
ok	200	official Java/Oracle documentation	https://docs.oracle.com/javase/tutorial/essential/exceptions/	/home/fhu_thjen/projects/learning-java/12-exception-handling/anki/cloze.tsv	3
ok	200	official Java/Oracle documentation	https://docs.oracle.com/javase/tutorial/essential/exceptions/	/home/fhu_thjen/projects/learning-java/12-exception-handling/anki/cloze.tsv	4
ok	200	official Java/Oracle documentation	https://docs.oracle.com/javase/tutorial/essential/exceptions/	/home/fhu_thjen/projects/learning-java/12-exception-handling/anki/cloze.tsv	5
ok	200	official Java/Oracle documentation	https://docs.oracle.com/en/java/javase/21/docs/api/java.base/java/lang/AutoCloseable.html	/home/fhu_thjen/projects/learning-java/12-exception-handling/anki/cloze.tsv	6
ok	200	official Java/Oracle documentation	https://docs.oracle.com/en/java/javase/21/docs/api/java.base/java/lang/AutoCloseable.html	/home/fhu_thjen/projects/learning-java/12-exception-handling/anki/cloze.tsv	7
ok	200	official Java/Oracle documentation	https://docs.oracle.com/javase/tutorial/essential/exceptions/	/home/fhu_thjen/projects/learning-java/12-exception-handling/anki/cloze.tsv	8
ok	200	official Java/Oracle documentation	https://docs.oracle.com/javase/tutorial/essential/exceptions/	/home/fhu_thjen/projects/learning-java/12-exception-handling/anki/cloze.tsv	9
ok	200	official Java/Oracle documentation	https://docs.oracle.com/javase/tutorial/essential/exceptions/	/home/fhu_thjen/projects/learning-java/12-exception-handling/anki/cloze.tsv	10
ok	200	official Java/Oracle documentation	https://docs.oracle.com/javase/tutorial/essential/exceptions/	/home/fhu_thjen/projects/learning-java/12-exception-handling/anki/cloze.tsv	11
ok	200	official Java/Oracle documentation	https://docs.oracle.com/javase/tutorial/essential/exceptions/	/home/fhu_thjen/projects/learning-java/12-exception-handling/anki/cloze.tsv	12
ok	200	official Java/Oracle documentation	https://docs.oracle.com/javase/tutorial/essential/exceptions/	/home/fhu_thjen/projects/learning-java/12-exception-handling/anki/cloze.tsv	13
ok	200	official Java/Oracle documentation	https://docs.oracle.com/javase/tutorial/essential/exceptions/	/home/fhu_thjen/projects/learning-java/12-exception-handling/anki/code-question.tsv	2
ok	200	official Java/Oracle documentation	https://docs.oracle.com/javase/tutorial/essential/exceptions/	/home/fhu_thjen/projects/learning-java/12-exception-handling/anki/code-question.tsv	3
ok	200	official Java/Oracle documentation	https://docs.oracle.com/javase/tutorial/essential/exceptions/	/home/fhu_thjen/projects/learning-java/12-exception-handling/anki/code-question.tsv	4
ok	200	official Java/Oracle documentation	https://docs.oracle.com/javase/tutorial/essential/exceptions/	/home/fhu_thjen/projects/learning-java/12-exception-handling/anki/code-question.tsv	5
ok	200	official Java/Oracle documentation	https://docs.oracle.com/en/java/javase/21/docs/api/java.base/java/lang/AutoCloseable.html	/home/fhu_thjen/projects/learning-java/12-exception-handling/anki/code-question.tsv	6
ok	200	official Java/Oracle documentation	https://docs.oracle.com/javase/tutorial/essential/exceptions/	/home/fhu_thjen/projects/learning-java/12-exception-handling/anki/code-question.tsv	7
ok	200	official Java/Oracle documentation	https://docs.oracle.com/javase/tutorial/essential/exceptions/	/home/fhu_thjen/projects/learning-java/12-exception-handling/anki/code-question.tsv	8
ok	200	official Java/Oracle documentation	https://docs.oracle.com/javase/tutorial/essential/exceptions/	/home/fhu_thjen/projects/learning-java/12-exception-handling/anki/code-question.tsv	9
ok	200	official Java/Oracle documentation	https://docs.oracle.com/javase/tutorial/essential/exceptions/	/home/fhu_thjen/projects/learning-java/12-exception-handling/anki/code-question.tsv	10
ok	200	official Java/Oracle documentation	https://docs.oracle.com/javase/tutorial/essential/exceptions/	/home/fhu_thjen/projects/learning-java/12-exception-handling/anki/code-question.tsv	11
ok	200	official Java/Oracle documentation	https://docs.oracle.com/javase/tutorial/essential/exceptions/	/home/fhu_thjen/projects/learning-java/12-exception-handling/anki/code-question.tsv	12
ok	200	official Java/Oracle documentation	https://docs.oracle.com/javase/tutorial/essential/exceptions/	/home/fhu_thjen/projects/learning-java/12-exception-handling/anki/code-question.tsv	13
ok	200	official Java/Oracle documentation	https://docs.oracle.com/en/java/javase/21/docs/api/java.base/java/lang/Object.html	/home/fhu_thjen/projects/learning-java/14-object-class/anki/basic-extra.tsv	2
ok	200	official Java/Oracle documentation	https://docs.oracle.com/en/java/javase/21/docs/api/java.base/java/lang/Object.html	/home/fhu_thjen/projects/learning-java/14-object-class/anki/basic-extra.tsv	3
ok	200	official Java/Oracle documentation	https://docs.oracle.com/en/java/javase/21/docs/api/java.base/java/lang/Object.html	/home/fhu_thjen/projects/learning-java/14-object-class/anki/basic-extra.tsv	4
ok	200	official Java/Oracle documentation	https://docs.oracle.com/en/java/javase/21/docs/api/java.base/java/lang/Object.html	/home/fhu_thjen/projects/learning-java/14-object-class/anki/basic-extra.tsv	5
ok	200	official Java/Oracle documentation	https://docs.oracle.com/en/java/javase/21/docs/api/java.base/java/lang/Object.html	/home/fhu_thjen/projects/learning-java/14-object-class/anki/basic-extra.tsv	6
ok	200	official Java/Oracle documentation	https://docs.oracle.com/en/java/javase/21/docs/api/java.base/java/lang/Object.html	/home/fhu_thjen/projects/learning-java/14-object-class/anki/basic-extra.tsv	7
ok	200	official Java/Oracle documentation	https://docs.oracle.com/en/java/javase/21/docs/api/java.base/java/lang/Object.html	/home/fhu_thjen/projects/learning-java/14-object-class/anki/basic-extra.tsv	8
ok	200	official Java/Oracle documentation	https://docs.oracle.com/en/java/javase/21/docs/api/java.base/java/lang/Object.html	/home/fhu_thjen/projects/learning-java/14-object-class/anki/basic-extra.tsv	9
ok	200	official Java/Oracle documentation	https://docs.oracle.com/en/java/javase/21/docs/api/java.base/java/lang/Object.html	/home/fhu_thjen/projects/learning-java/14-object-class/anki/basic-extra.tsv	10
ok	200	official Java/Oracle documentation	https://docs.oracle.com/en/java/javase/21/docs/api/java.base/java/lang/Object.html	/home/fhu_thjen/projects/learning-java/14-object-class/anki/basic-extra.tsv	11
ok	200	official Java/Oracle documentation	https://docs.oracle.com/en/java/javase/21/docs/api/java.base/java/lang/Object.html	/home/fhu_thjen/projects/learning-java/14-object-class/anki/basic-extra.tsv	12
ok	200	official Java/Oracle documentation	https://docs.oracle.com/en/java/javase/21/docs/api/java.base/java/lang/Object.html	/home/fhu_thjen/projects/learning-java/14-object-class/anki/basic-extra.tsv	13
ok	200	official Java/Oracle documentation	https://docs.oracle.com/en/java/javase/21/docs/api/java.base/java/lang/Object.html	/home/fhu_thjen/projects/learning-java/14-object-class/anki/basic-extra.tsv	14
ok	200	official Java/Oracle documentation	https://docs.oracle.com/en/java/javase/21/docs/api/java.base/java/lang/Object.html#equals(java.lang.Object	/home/fhu_thjen/projects/learning-java/14-object-class/anki/basic-extra.tsv	15
ok	200	official Java/Oracle documentation	https://docs.oracle.com/en/java/javase/21/docs/api/java.base/java/lang/Object.html#equals(java.lang.Object	/home/fhu_thjen/projects/learning-java/14-object-class/anki/basic-extra.tsv	16
ok	200	official Java/Oracle documentation	https://docs.oracle.com/en/java/javase/21/docs/api/java.base/java/lang/Object.html	/home/fhu_thjen/projects/learning-java/14-object-class/anki/basic.tsv	2
ok	200	official Java/Oracle documentation	https://docs.oracle.com/en/java/javase/21/docs/api/java.base/java/lang/Object.html	/home/fhu_thjen/projects/learning-java/14-object-class/anki/basic.tsv	3
ok	200	official Java/Oracle documentation	https://docs.oracle.com/en/java/javase/21/docs/api/java.base/java/lang/Object.html	/home/fhu_thjen/projects/learning-java/14-object-class/anki/basic.tsv	4
ok	200	official Java/Oracle documentation	https://docs.oracle.com/en/java/javase/21/docs/api/java.base/java/lang/Object.html	/home/fhu_thjen/projects/learning-java/14-object-class/anki/basic.tsv	5
ok	200	official Java/Oracle documentation	https://docs.oracle.com/en/java/javase/21/docs/api/java.base/java/lang/Object.html	/home/fhu_thjen/projects/learning-java/14-object-class/anki/basic.tsv	6
ok	200	official Java/Oracle documentation	https://docs.oracle.com/en/java/javase/21/docs/api/java.base/java/lang/Object.html	/home/fhu_thjen/projects/learning-java/14-object-class/anki/basic.tsv	7
ok	200	official Java/Oracle documentation	https://docs.oracle.com/en/java/javase/21/docs/api/java.base/java/lang/Object.html	/home/fhu_thjen/projects/learning-java/14-object-class/anki/basic.tsv	8
ok	200	official Java/Oracle documentation	https://docs.oracle.com/en/java/javase/21/docs/api/java.base/java/lang/Object.html	/home/fhu_thjen/projects/learning-java/14-object-class/anki/basic.tsv	9
ok	200	official Java/Oracle documentation	https://docs.oracle.com/en/java/javase/21/docs/api/java.base/java/lang/Object.html	/home/fhu_thjen/projects/learning-java/14-object-class/anki/basic.tsv	10
ok	200	official Java/Oracle documentation	https://docs.oracle.com/en/java/javase/21/docs/api/java.base/java/lang/Object.html	/home/fhu_thjen/projects/learning-java/14-object-class/anki/basic.tsv	11
ok	200	official Java/Oracle documentation	https://docs.oracle.com/en/java/javase/21/docs/api/java.base/java/lang/Object.html	/home/fhu_thjen/projects/learning-java/14-object-class/anki/basic.tsv	12
ok	200	official Java/Oracle documentation	https://docs.oracle.com/en/java/javase/21/docs/api/java.base/java/lang/Object.html	/home/fhu_thjen/projects/learning-java/14-object-class/anki/basic.tsv	13
ok	200	official Java/Oracle documentation	https://docs.oracle.com/en/java/javase/21/docs/api/java.base/java/lang/Object.html	/home/fhu_thjen/projects/learning-java/14-object-class/anki/basic.tsv	14
ok	200	official Java/Oracle documentation	https://docs.oracle.com/en/java/javase/21/docs/api/java.base/java/lang/Object.html	/home/fhu_thjen/projects/learning-java/14-object-class/anki/basic.tsv	15
ok	200	official Java/Oracle documentation	https://docs.oracle.com/en/java/javase/21/docs/api/java.base/java/lang/Object.html	/home/fhu_thjen/projects/learning-java/14-object-class/anki/basic.tsv	16
ok	200	official Java/Oracle documentation	https://docs.oracle.com/en/java/javase/21/docs/api/java.base/java/lang/Object.html	/home/fhu_thjen/projects/learning-java/14-object-class/anki/basic.tsv	17
ok	200	official Java/Oracle documentation	https://docs.oracle.com/en/java/javase/21/docs/api/java.base/java/lang/Object.html	/home/fhu_thjen/projects/learning-java/14-object-class/anki/basic.tsv	18
ok	200	official Java/Oracle documentation	https://docs.oracle.com/en/java/javase/21/docs/api/java.base/java/lang/Object.html	/home/fhu_thjen/projects/learning-java/14-object-class/anki/basic.tsv	19
ok	200	official Java/Oracle documentation	https://docs.oracle.com/en/java/javase/21/docs/api/java.base/java/lang/Object.html	/home/fhu_thjen/projects/learning-java/14-object-class/anki/basic.tsv	20
ok	200	official Java/Oracle documentation	https://docs.oracle.com/en/java/javase/21/docs/api/java.base/java/lang/Object.html	/home/fhu_thjen/projects/learning-java/14-object-class/anki/basic.tsv	21
ok	200	official Java/Oracle documentation	https://docs.oracle.com/en/java/javase/21/docs/api/java.base/java/lang/Object.html	/home/fhu_thjen/projects/learning-java/14-object-class/anki/basic.tsv	22
ok	200	official Java/Oracle documentation	https://docs.oracle.com/en/java/javase/21/docs/api/java.base/java/lang/Object.html	/home/fhu_thjen/projects/learning-java/14-object-class/anki/basic.tsv	23
ok	200	official Java/Oracle documentation	https://docs.oracle.com/en/java/javase/21/docs/api/java.base/java/lang/Object.html	/home/fhu_thjen/projects/learning-java/14-object-class/anki/basic.tsv	24
ok	200	official Java/Oracle documentation	https://docs.oracle.com/en/java/javase/21/docs/api/java.base/java/lang/Object.html	/home/fhu_thjen/projects/learning-java/14-object-class/anki/basic.tsv	25
ok	200	official Java/Oracle documentation	https://docs.oracle.com/en/java/javase/21/docs/api/java.base/java/lang/Object.html	/home/fhu_thjen/projects/learning-java/14-object-class/anki/basic.tsv	26
ok	200	official Java/Oracle documentation	https://docs.oracle.com/en/java/javase/21/docs/api/java.base/java/lang/Object.html	/home/fhu_thjen/projects/learning-java/14-object-class/anki/basic.tsv	27
ok	200	official Java/Oracle documentation	https://docs.oracle.com/en/java/javase/21/docs/api/java.base/java/lang/Object.html#toString(	/home/fhu_thjen/projects/learning-java/14-object-class/anki/basic.tsv	28
ok	200	official Java/Oracle documentation	https://docs.oracle.com/en/java/javase/21/docs/api/java.base/java/lang/Object.html#hashCode(	/home/fhu_thjen/projects/learning-java/14-object-class/anki/basic.tsv	29
ok	200	official Java/Oracle documentation	https://docs.oracle.com/en/java/javase/21/docs/api/java.base/java/lang/Object.html	/home/fhu_thjen/projects/learning-java/14-object-class/anki/cloze.tsv	2
ok	200	official Java/Oracle documentation	https://docs.oracle.com/en/java/javase/21/docs/api/java.base/java/lang/Object.html	/home/fhu_thjen/projects/learning-java/14-object-class/anki/cloze.tsv	3
ok	200	official Java/Oracle documentation	https://docs.oracle.com/en/java/javase/21/docs/api/java.base/java/lang/Object.html	/home/fhu_thjen/projects/learning-java/14-object-class/anki/cloze.tsv	4
ok	200	official Java/Oracle documentation	https://docs.oracle.com/en/java/javase/21/docs/api/java.base/java/lang/Object.html	/home/fhu_thjen/projects/learning-java/14-object-class/anki/cloze.tsv	5
ok	200	official Java/Oracle documentation	https://docs.oracle.com/en/java/javase/21/docs/api/java.base/java/lang/Object.html	/home/fhu_thjen/projects/learning-java/14-object-class/anki/cloze.tsv	6
ok	200	official Java/Oracle documentation	https://docs.oracle.com/en/java/javase/21/docs/api/java.base/java/lang/Object.html	/home/fhu_thjen/projects/learning-java/14-object-class/anki/cloze.tsv	7
ok	200	official Java/Oracle documentation	https://docs.oracle.com/en/java/javase/21/docs/api/java.base/java/lang/Object.html	/home/fhu_thjen/projects/learning-java/14-object-class/anki/cloze.tsv	8
ok	200	official Java/Oracle documentation	https://docs.oracle.com/en/java/javase/21/docs/api/java.base/java/lang/Object.html	/home/fhu_thjen/projects/learning-java/14-object-class/anki/cloze.tsv	9
ok	200	official Java/Oracle documentation	https://docs.oracle.com/en/java/javase/21/docs/api/java.base/java/lang/Object.html	/home/fhu_thjen/projects/learning-java/14-object-class/anki/cloze.tsv	10
ok	200	official Java/Oracle documentation	https://docs.oracle.com/en/java/javase/21/docs/api/java.base/java/lang/Object.html	/home/fhu_thjen/projects/learning-java/14-object-class/anki/cloze.tsv	11
ok	200	official Java/Oracle documentation	https://docs.oracle.com/en/java/javase/21/docs/api/java.base/java/lang/Object.html	/home/fhu_thjen/projects/learning-java/14-object-class/anki/cloze.tsv	12
ok	200	official Java/Oracle documentation	https://docs.oracle.com/en/java/javase/21/docs/api/java.base/java/lang/Object.html	/home/fhu_thjen/projects/learning-java/14-object-class/anki/cloze.tsv	13
ok	200	official Java/Oracle documentation	https://docs.oracle.com/en/java/javase/21/docs/api/java.base/java/lang/Object.html	/home/fhu_thjen/projects/learning-java/14-object-class/anki/cloze.tsv	14
ok	200	official Java/Oracle documentation	https://docs.oracle.com/javase/specs/jls/se21/html/jls-15.html#jls-15.18.1	/home/fhu_thjen/projects/learning-java/14-object-class/anki/cloze.tsv	15
ok	200	official Java/Oracle documentation	https://docs.oracle.com/en/java/javase/21/docs/api/java.base/java/lang/System.html#identityHashCode(java.lang.Object	/home/fhu_thjen/projects/learning-java/14-object-class/anki/cloze.tsv	16
ok	200	official Java/Oracle documentation	https://docs.oracle.com/en/java/javase/21/docs/api/java.base/java/lang/Object.html	/home/fhu_thjen/projects/learning-java/14-object-class/anki/code-question.tsv	2
ok	200	official Java/Oracle documentation	https://docs.oracle.com/en/java/javase/21/docs/api/java.base/java/lang/Object.html	/home/fhu_thjen/projects/learning-java/14-object-class/anki/code-question.tsv	3
ok	200	official Java/Oracle documentation	https://docs.oracle.com/en/java/javase/21/docs/api/java.base/java/lang/Object.html	/home/fhu_thjen/projects/learning-java/14-object-class/anki/code-question.tsv	4
ok	200	official Java/Oracle documentation	https://docs.oracle.com/en/java/javase/21/docs/api/java.base/java/lang/Object.html	/home/fhu_thjen/projects/learning-java/14-object-class/anki/code-question.tsv	5
ok	200	official Java/Oracle documentation	https://docs.oracle.com/en/java/javase/21/docs/api/java.base/java/lang/Object.html	/home/fhu_thjen/projects/learning-java/14-object-class/anki/code-question.tsv	6
ok	200	official Java/Oracle documentation	https://docs.oracle.com/en/java/javase/21/docs/api/java.base/java/lang/Object.html	/home/fhu_thjen/projects/learning-java/14-object-class/anki/code-question.tsv	7
ok	200	official Java/Oracle documentation	https://docs.oracle.com/en/java/javase/21/docs/api/java.base/java/lang/Object.html	/home/fhu_thjen/projects/learning-java/14-object-class/anki/code-question.tsv	8
ok	200	official Java/Oracle documentation	https://docs.oracle.com/en/java/javase/21/docs/api/java.base/java/lang/Object.html	/home/fhu_thjen/projects/learning-java/14-object-class/anki/code-question.tsv	9
ok	200	official Java/Oracle documentation	https://docs.oracle.com/en/java/javase/21/docs/api/java.base/java/lang/Object.html	/home/fhu_thjen/projects/learning-java/14-object-class/anki/code-question.tsv	10
ok	200	official Java/Oracle documentation	https://docs.oracle.com/en/java/javase/21/docs/api/java.base/java/lang/Object.html	/home/fhu_thjen/projects/learning-java/14-object-class/anki/code-question.tsv	11
ok	200	official Java/Oracle documentation	https://docs.oracle.com/en/java/javase/21/docs/api/java.base/java/lang/Object.html	/home/fhu_thjen/projects/learning-java/14-object-class/anki/code-question.tsv	12
ok	200	official Java/Oracle documentation	https://docs.oracle.com/en/java/javase/21/docs/api/java.base/java/lang/Object.html	/home/fhu_thjen/projects/learning-java/14-object-class/anki/code-question.tsv	13
ok	200	official Java/Oracle documentation	https://docs.oracle.com/en/java/javase/21/docs/api/java.base/java/lang/Object.html	/home/fhu_thjen/projects/learning-java/14-object-class/anki/code-question.tsv	14
ok	200	official Java/Oracle documentation	https://docs.oracle.com/en/java/javase/21/docs/api/java.base/java/lang/Object.html	/home/fhu_thjen/projects/learning-java/14-object-class/anki/code-question.tsv	15
ok	200	official Java/Oracle documentation	https://docs.oracle.com/en/java/javase/21/docs/api/java.base/java/lang/Object.html	/home/fhu_thjen/projects/learning-java/14-object-class/anki/code-question.tsv	16
ok	200	official Java/Oracle documentation	https://docs.oracle.com/en/java/javase/21/docs/api/java.base/java/lang/Object.html	/home/fhu_thjen/projects/learning-java/14-object-class/anki/code-question.tsv	17
ok	200	official Java/Oracle documentation	https://docs.oracle.com/en/java/javase/21/docs/api/java.base/java/lang/Object.html	/home/fhu_thjen/projects/learning-java/14-object-class/anki/code-question.tsv	18
ok	200	official Java/Oracle documentation	https://docs.oracle.com/en/java/javase/21/docs/api/java.base/java/lang/Object.html	/home/fhu_thjen/projects/learning-java/14-object-class/anki/code-question.tsv	19
ok	200	official Java/Oracle documentation	https://docs.oracle.com/en/java/javase/21/docs/api/java.base/java/lang/Object.html	/home/fhu_thjen/projects/learning-java/14-object-class/anki/code-question.tsv	20
ok	200	official Java/Oracle documentation	https://docs.oracle.com/en/java/javase/21/docs/api/java.base/java/lang/Object.html	/home/fhu_thjen/projects/learning-java/14-object-class/anki/code-question.tsv	21
ok	200	official Java/Oracle documentation	https://docs.oracle.com/en/java/javase/21/docs/api/java.base/java/lang/Object.html#toString(	/home/fhu_thjen/projects/learning-java/14-object-class/anki/code-question.tsv	22
ok	200	official Java/Oracle documentation	https://docs.oracle.com/en/java/javase/21/docs/api/java.base/java/lang/Object.html#equals(java.lang.Object	/home/fhu_thjen/projects/learning-java/14-object-class/anki/code-question.tsv	23
ok	200	official Java/Oracle documentation	https://docs.oracle.com/javase/tutorial/java/javaOO/nested.html	/home/fhu_thjen/projects/learning-java/15-inner-nested-class/anki/basic-extra.tsv	2
ok	200	official Java/Oracle documentation	https://docs.oracle.com/javase/tutorial/java/javaOO/nested.html	/home/fhu_thjen/projects/learning-java/15-inner-nested-class/anki/basic-extra.tsv	3
ok	200	official Java/Oracle documentation	https://docs.oracle.com/javase/tutorial/java/javaOO/nested.html	/home/fhu_thjen/projects/learning-java/15-inner-nested-class/anki/basic-extra.tsv	4
ok	200	official Java/Oracle documentation	https://docs.oracle.com/javase/tutorial/java/javaOO/nested.html	/home/fhu_thjen/projects/learning-java/15-inner-nested-class/anki/basic-extra.tsv	5
ok	200	official Java/Oracle documentation	https://docs.oracle.com/javase/tutorial/java/javaOO/nested.html	/home/fhu_thjen/projects/learning-java/15-inner-nested-class/anki/basic-extra.tsv	6
ok	200	official Java/Oracle documentation	https://docs.oracle.com/javase/tutorial/java/javaOO/nested.html	/home/fhu_thjen/projects/learning-java/15-inner-nested-class/anki/basic-extra.tsv	7
ok	200	official Java/Oracle documentation	https://docs.oracle.com/javase/tutorial/java/javaOO/nested.html	/home/fhu_thjen/projects/learning-java/15-inner-nested-class/anki/basic-extra.tsv	8
ok	200	official Java/Oracle documentation	https://docs.oracle.com/javase/tutorial/java/javaOO/nested.html	/home/fhu_thjen/projects/learning-java/15-inner-nested-class/anki/basic-extra.tsv	9
ok	200	official Java/Oracle documentation	https://docs.oracle.com/javase/specs/jls/se21/html/jls-8.html#jls-8.1.3	/home/fhu_thjen/projects/learning-java/15-inner-nested-class/anki/basic-extra.tsv	10
ok	200	official Java/Oracle documentation	https://docs.oracle.com/javase/specs/jls/se21/html/jls-8.html#jls-8.1.3	/home/fhu_thjen/projects/learning-java/15-inner-nested-class/anki/basic-extra.tsv	11
ok	200	official Java/Oracle documentation	https://docs.oracle.com/javase/tutorial/java/javaOO/nested.html	/home/fhu_thjen/projects/learning-java/15-inner-nested-class/anki/basic.tsv	2
ok	200	official Java/Oracle documentation	https://docs.oracle.com/javase/tutorial/java/javaOO/nested.html	/home/fhu_thjen/projects/learning-java/15-inner-nested-class/anki/basic.tsv	3
ok	200	official Java/Oracle documentation	https://docs.oracle.com/javase/tutorial/java/javaOO/nested.html	/home/fhu_thjen/projects/learning-java/15-inner-nested-class/anki/basic.tsv	4
ok	200	official Java/Oracle documentation	https://docs.oracle.com/javase/tutorial/java/javaOO/nested.html	/home/fhu_thjen/projects/learning-java/15-inner-nested-class/anki/basic.tsv	5
ok	200	official Java/Oracle documentation	https://docs.oracle.com/javase/tutorial/java/javaOO/nested.html	/home/fhu_thjen/projects/learning-java/15-inner-nested-class/anki/basic.tsv	6
ok	200	official Java/Oracle documentation	https://docs.oracle.com/javase/tutorial/java/javaOO/nested.html	/home/fhu_thjen/projects/learning-java/15-inner-nested-class/anki/basic.tsv	7
ok	200	official Java/Oracle documentation	https://docs.oracle.com/javase/tutorial/java/javaOO/nested.html	/home/fhu_thjen/projects/learning-java/15-inner-nested-class/anki/basic.tsv	8
ok	200	official Java/Oracle documentation	https://docs.oracle.com/javase/tutorial/java/javaOO/nested.html	/home/fhu_thjen/projects/learning-java/15-inner-nested-class/anki/basic.tsv	9
ok	200	official Java/Oracle documentation	https://docs.oracle.com/javase/tutorial/java/javaOO/nested.html	/home/fhu_thjen/projects/learning-java/15-inner-nested-class/anki/basic.tsv	10
ok	200	official Java/Oracle documentation	https://docs.oracle.com/javase/tutorial/java/javaOO/nested.html	/home/fhu_thjen/projects/learning-java/15-inner-nested-class/anki/basic.tsv	11
ok	200	official Java/Oracle documentation	https://docs.oracle.com/javase/tutorial/java/javaOO/nested.html	/home/fhu_thjen/projects/learning-java/15-inner-nested-class/anki/basic.tsv	12
ok	200	official Java/Oracle documentation	https://docs.oracle.com/javase/tutorial/java/javaOO/nested.html	/home/fhu_thjen/projects/learning-java/15-inner-nested-class/anki/basic.tsv	13
ok	200	official Java/Oracle documentation	https://docs.oracle.com/javase/tutorial/java/javaOO/nested.html	/home/fhu_thjen/projects/learning-java/15-inner-nested-class/anki/basic.tsv	14
ok	200	official Java/Oracle documentation	https://docs.oracle.com/javase/tutorial/java/javaOO/nested.html	/home/fhu_thjen/projects/learning-java/15-inner-nested-class/anki/basic.tsv	15
ok	200	official Java/Oracle documentation	https://docs.oracle.com/javase/tutorial/java/javaOO/nested.html	/home/fhu_thjen/projects/learning-java/15-inner-nested-class/anki/basic.tsv	16
ok	200	official Java/Oracle documentation	https://docs.oracle.com/javase/tutorial/java/javaOO/nested.html	/home/fhu_thjen/projects/learning-java/15-inner-nested-class/anki/basic.tsv	17
ok	200	official Java/Oracle documentation	https://docs.oracle.com/javase/specs/jvms/se21/html/jvms-4.html#jvms-4.7.6	/home/fhu_thjen/projects/learning-java/15-inner-nested-class/anki/basic.tsv	18
ok	200	official Java/Oracle documentation	https://docs.oracle.com/javase/specs/jls/se21/html/jls-8.html#jls-8.1.3	/home/fhu_thjen/projects/learning-java/15-inner-nested-class/anki/basic.tsv	19
ok	200	official Java/Oracle documentation	https://docs.oracle.com/javase/tutorial/java/javaOO/nested.html	/home/fhu_thjen/projects/learning-java/15-inner-nested-class/anki/cloze.tsv	2
ok	200	official Java/Oracle documentation	https://docs.oracle.com/javase/tutorial/java/javaOO/nested.html	/home/fhu_thjen/projects/learning-java/15-inner-nested-class/anki/cloze.tsv	3
ok	200	official Java/Oracle documentation	https://docs.oracle.com/javase/tutorial/java/javaOO/nested.html	/home/fhu_thjen/projects/learning-java/15-inner-nested-class/anki/cloze.tsv	4
ok	200	official Java/Oracle documentation	https://docs.oracle.com/javase/tutorial/java/javaOO/nested.html	/home/fhu_thjen/projects/learning-java/15-inner-nested-class/anki/cloze.tsv	5
ok	200	official Java/Oracle documentation	https://docs.oracle.com/javase/tutorial/java/javaOO/nested.html	/home/fhu_thjen/projects/learning-java/15-inner-nested-class/anki/cloze.tsv	6
ok	200	official Java/Oracle documentation	https://docs.oracle.com/javase/tutorial/java/javaOO/nested.html	/home/fhu_thjen/projects/learning-java/15-inner-nested-class/anki/cloze.tsv	7
ok	200	official Java/Oracle documentation	https://docs.oracle.com/javase/tutorial/java/javaOO/nested.html	/home/fhu_thjen/projects/learning-java/15-inner-nested-class/anki/cloze.tsv	8
ok	200	official Java/Oracle documentation	https://docs.oracle.com/javase/tutorial/java/javaOO/nested.html	/home/fhu_thjen/projects/learning-java/15-inner-nested-class/anki/cloze.tsv	9
ok	200	official Java/Oracle documentation	https://docs.oracle.com/javase/specs/jvms/se21/html/jvms-4.html#jvms-4.7.6	/home/fhu_thjen/projects/learning-java/15-inner-nested-class/anki/cloze.tsv	10
ok	200	official Java/Oracle documentation	https://docs.oracle.com/javase/tutorial/java/javaOO/nested.html	/home/fhu_thjen/projects/learning-java/15-inner-nested-class/anki/code-question.tsv	2
ok	200	official Java/Oracle documentation	https://docs.oracle.com/javase/tutorial/java/javaOO/nested.html	/home/fhu_thjen/projects/learning-java/15-inner-nested-class/anki/code-question.tsv	3
ok	200	official Java/Oracle documentation	https://docs.oracle.com/javase/tutorial/java/javaOO/nested.html	/home/fhu_thjen/projects/learning-java/15-inner-nested-class/anki/code-question.tsv	4
ok	200	official Java/Oracle documentation	https://docs.oracle.com/javase/tutorial/java/javaOO/nested.html	/home/fhu_thjen/projects/learning-java/15-inner-nested-class/anki/code-question.tsv	5
ok	200	official Java/Oracle documentation	https://docs.oracle.com/javase/tutorial/java/javaOO/nested.html	/home/fhu_thjen/projects/learning-java/15-inner-nested-class/anki/code-question.tsv	6
ok	200	official Java/Oracle documentation	https://docs.oracle.com/javase/tutorial/java/javaOO/nested.html	/home/fhu_thjen/projects/learning-java/15-inner-nested-class/anki/code-question.tsv	7
ok	200	official Java/Oracle documentation	https://docs.oracle.com/javase/tutorial/java/javaOO/nested.html	/home/fhu_thjen/projects/learning-java/15-inner-nested-class/anki/code-question.tsv	8
ok	200	official Java/Oracle documentation	https://docs.oracle.com/javase/tutorial/java/javaOO/nested.html	/home/fhu_thjen/projects/learning-java/15-inner-nested-class/anki/code-question.tsv	9
ok	200	official Java/Oracle documentation	https://docs.oracle.com/javase/tutorial/java/javaOO/nested.html	/home/fhu_thjen/projects/learning-java/15-inner-nested-class/anki/code-question.tsv	10
ok	200	official Java/Oracle documentation	https://docs.oracle.com/javase/tutorial/java/javaOO/nested.html	/home/fhu_thjen/projects/learning-java/15-inner-nested-class/anki/code-question.tsv	11
ok	200	official Java/Oracle documentation	https://docs.oracle.com/javase/tutorial/java/javaOO/nested.html	/home/fhu_thjen/projects/learning-java/15-inner-nested-class/anki/code-question.tsv	12
ok	200	official Java/Oracle documentation	https://docs.oracle.com/javase/tutorial/java/javaOO/nested.html	/home/fhu_thjen/projects/learning-java/15-inner-nested-class/anki/code-question.tsv	13
ok	200	official Java/Oracle documentation	https://docs.oracle.com/javase/tutorial/java/javaOO/nested.html	/home/fhu_thjen/projects/learning-java/15-inner-nested-class/anki/code-question.tsv	14
ok	200	official Java/Oracle documentation	https://docs.oracle.com/javase/tutorial/java/javaOO/nested.html	/home/fhu_thjen/projects/learning-java/15-inner-nested-class/anki/code-question.tsv	15
ok	200	official Java/Oracle documentation	https://docs.oracle.com/javase/specs/jls/se21/html/jls-15.html#jls-15.9.5.1	/home/fhu_thjen/projects/learning-java/15-inner-nested-class/anki/code-question.tsv	16
ok	200	official Java/Oracle documentation	https://docs.oracle.com/javase/specs/jls/se21/html/jls-8.html#jls-8.1.3	/home/fhu_thjen/projects/learning-java/15-inner-nested-class/anki/code-question.tsv	17
ok	200	official Java/Oracle documentation	https://docs.oracle.com/javase/tutorial/java/javaOO/enum.html	/home/fhu_thjen/projects/learning-java/16-enum/anki/basic-extra.tsv	2
ok	200	official Java/Oracle documentation	https://docs.oracle.com/javase/tutorial/java/javaOO/enum.html	/home/fhu_thjen/projects/learning-java/16-enum/anki/basic-extra.tsv	3
ok	200	official Java/Oracle documentation	https://docs.oracle.com/javase/tutorial/java/javaOO/enum.html	/home/fhu_thjen/projects/learning-java/16-enum/anki/basic-extra.tsv	4
ok	200	official Java/Oracle documentation	https://docs.oracle.com/javase/tutorial/java/javaOO/enum.html	/home/fhu_thjen/projects/learning-java/16-enum/anki/basic-extra.tsv	5
ok	200	official Java/Oracle documentation	https://docs.oracle.com/javase/tutorial/java/javaOO/enum.html	/home/fhu_thjen/projects/learning-java/16-enum/anki/basic-extra.tsv	6
ok	200	official Java/Oracle documentation	https://docs.oracle.com/javase/tutorial/java/javaOO/enum.html	/home/fhu_thjen/projects/learning-java/16-enum/anki/basic-extra.tsv	7
ok	200	official Java/Oracle documentation	https://docs.oracle.com/javase/tutorial/java/javaOO/enum.html	/home/fhu_thjen/projects/learning-java/16-enum/anki/basic-extra.tsv	8
ok	200	official Java/Oracle documentation	https://docs.oracle.com/javase/tutorial/java/javaOO/enum.html	/home/fhu_thjen/projects/learning-java/16-enum/anki/basic-extra.tsv	9
ok	200	official Java/Oracle documentation	https://docs.oracle.com/javase/tutorial/java/javaOO/enum.html	/home/fhu_thjen/projects/learning-java/16-enum/anki/basic-extra.tsv	10
ok	200	official Java/Oracle documentation	https://docs.oracle.com/javase/tutorial/java/javaOO/enum.html	/home/fhu_thjen/projects/learning-java/16-enum/anki/basic-extra.tsv	11
ok	200	official Java/Oracle documentation	https://docs.oracle.com/javase/tutorial/java/javaOO/enum.html	/home/fhu_thjen/projects/learning-java/16-enum/anki/basic-extra.tsv	12
ok	200	official Java/Oracle documentation	https://docs.oracle.com/javase/tutorial/java/javaOO/enum.html	/home/fhu_thjen/projects/learning-java/16-enum/anki/basic-extra.tsv	13
ok	200	official Java/Oracle documentation	https://docs.oracle.com/en/java/javase/21/docs/api/java.base/java/lang/reflect/Constructor.html#newInstance(java.lang.Object	/home/fhu_thjen/projects/learning-java/16-enum/anki/basic-extra.tsv	14
ok	200	official Java/Oracle documentation	https://docs.oracle.com/en/java/javase/21/docs/api/java.base/java/lang/Enum.html	/home/fhu_thjen/projects/learning-java/16-enum/anki/basic-extra.tsv	15
ok	200	official Java/Oracle documentation	https://docs.oracle.com/javase/tutorial/java/javaOO/enum.html	/home/fhu_thjen/projects/learning-java/16-enum/anki/basic.tsv	2
ok	200	official Java/Oracle documentation	https://docs.oracle.com/javase/tutorial/java/javaOO/enum.html	/home/fhu_thjen/projects/learning-java/16-enum/anki/basic.tsv	3
ok	200	official Java/Oracle documentation	https://docs.oracle.com/javase/tutorial/java/javaOO/enum.html	/home/fhu_thjen/projects/learning-java/16-enum/anki/basic.tsv	4
ok	200	official Java/Oracle documentation	https://docs.oracle.com/javase/tutorial/java/javaOO/enum.html	/home/fhu_thjen/projects/learning-java/16-enum/anki/basic.tsv	5
ok	200	official Java/Oracle documentation	https://docs.oracle.com/javase/tutorial/java/javaOO/enum.html	/home/fhu_thjen/projects/learning-java/16-enum/anki/basic.tsv	6
ok	200	official Java/Oracle documentation	https://docs.oracle.com/javase/tutorial/java/javaOO/enum.html	/home/fhu_thjen/projects/learning-java/16-enum/anki/basic.tsv	7
ok	200	official Java/Oracle documentation	https://docs.oracle.com/javase/tutorial/java/javaOO/enum.html	/home/fhu_thjen/projects/learning-java/16-enum/anki/basic.tsv	8
ok	200	official Java/Oracle documentation	https://docs.oracle.com/javase/tutorial/java/javaOO/enum.html	/home/fhu_thjen/projects/learning-java/16-enum/anki/basic.tsv	9
ok	200	official Java/Oracle documentation	https://docs.oracle.com/javase/tutorial/java/javaOO/enum.html	/home/fhu_thjen/projects/learning-java/16-enum/anki/basic.tsv	10
ok	200	official Java/Oracle documentation	https://docs.oracle.com/javase/tutorial/java/javaOO/enum.html	/home/fhu_thjen/projects/learning-java/16-enum/anki/basic.tsv	11
ok	200	official Java/Oracle documentation	https://docs.oracle.com/javase/tutorial/java/javaOO/enum.html	/home/fhu_thjen/projects/learning-java/16-enum/anki/basic.tsv	12
ok	200	official Java/Oracle documentation	https://docs.oracle.com/javase/tutorial/java/javaOO/enum.html	/home/fhu_thjen/projects/learning-java/16-enum/anki/basic.tsv	13
ok	200	official Java/Oracle documentation	https://docs.oracle.com/javase/tutorial/java/javaOO/enum.html	/home/fhu_thjen/projects/learning-java/16-enum/anki/basic.tsv	14
ok	200	official Java/Oracle documentation	https://docs.oracle.com/javase/tutorial/java/javaOO/enum.html	/home/fhu_thjen/projects/learning-java/16-enum/anki/basic.tsv	15
ok	200	official Java/Oracle documentation	https://docs.oracle.com/javase/tutorial/java/javaOO/enum.html	/home/fhu_thjen/projects/learning-java/16-enum/anki/basic.tsv	16
ok	200	official Java/Oracle documentation	https://docs.oracle.com/javase/tutorial/java/javaOO/enum.html	/home/fhu_thjen/projects/learning-java/16-enum/anki/basic.tsv	17
ok	200	official Java/Oracle documentation	https://docs.oracle.com/javase/tutorial/java/javaOO/enum.html	/home/fhu_thjen/projects/learning-java/16-enum/anki/basic.tsv	18
ok	200	official Java/Oracle documentation	https://docs.oracle.com/javase/tutorial/java/javaOO/enum.html	/home/fhu_thjen/projects/learning-java/16-enum/anki/basic.tsv	19
ok	200	official Java/Oracle documentation	https://docs.oracle.com/javase/tutorial/java/javaOO/enum.html	/home/fhu_thjen/projects/learning-java/16-enum/anki/basic.tsv	20
ok	200	official Java/Oracle documentation	https://docs.oracle.com/javase/tutorial/java/javaOO/enum.html	/home/fhu_thjen/projects/learning-java/16-enum/anki/basic.tsv	21
ok	200	official Java/Oracle documentation	https://docs.oracle.com/javase/tutorial/java/javaOO/enum.html	/home/fhu_thjen/projects/learning-java/16-enum/anki/basic.tsv	22
ok	200	official Java/Oracle documentation	https://docs.oracle.com/javase/tutorial/java/javaOO/enum.html	/home/fhu_thjen/projects/learning-java/16-enum/anki/basic.tsv	23
ok	200	official Java/Oracle documentation	https://docs.oracle.com/javase/tutorial/java/javaOO/enum.html	/home/fhu_thjen/projects/learning-java/16-enum/anki/basic.tsv	24
ok	200	official Java/Oracle documentation	https://docs.oracle.com/javase/tutorial/java/javaOO/enum.html	/home/fhu_thjen/projects/learning-java/16-enum/anki/basic.tsv	25
ok	200	official Java/Oracle documentation	https://docs.oracle.com/javase/specs/jls/se21/html/jls-8.html#jls-8.9	/home/fhu_thjen/projects/learning-java/16-enum/anki/basic.tsv	26
ok	200	official Java/Oracle documentation	https://docs.oracle.com/javase/specs/jls/se21/html/jls-8.html#jls-8.9	/home/fhu_thjen/projects/learning-java/16-enum/anki/basic.tsv	27
ok	200	official Java/Oracle documentation	https://docs.oracle.com/javase/tutorial/java/javaOO/enum.html	/home/fhu_thjen/projects/learning-java/16-enum/anki/cloze.tsv	2
ok	200	official Java/Oracle documentation	https://docs.oracle.com/javase/tutorial/java/javaOO/enum.html	/home/fhu_thjen/projects/learning-java/16-enum/anki/cloze.tsv	3
ok	200	official Java/Oracle documentation	https://docs.oracle.com/javase/tutorial/java/javaOO/enum.html	/home/fhu_thjen/projects/learning-java/16-enum/anki/cloze.tsv	4
ok	200	official Java/Oracle documentation	https://docs.oracle.com/javase/tutorial/java/javaOO/enum.html	/home/fhu_thjen/projects/learning-java/16-enum/anki/cloze.tsv	5
ok	200	official Java/Oracle documentation	https://docs.oracle.com/javase/tutorial/java/javaOO/enum.html	/home/fhu_thjen/projects/learning-java/16-enum/anki/cloze.tsv	6
ok	200	official Java/Oracle documentation	https://docs.oracle.com/javase/tutorial/java/javaOO/enum.html	/home/fhu_thjen/projects/learning-java/16-enum/anki/cloze.tsv	7
ok	200	official Java/Oracle documentation	https://docs.oracle.com/javase/tutorial/java/javaOO/enum.html	/home/fhu_thjen/projects/learning-java/16-enum/anki/cloze.tsv	8
ok	200	official Java/Oracle documentation	https://docs.oracle.com/javase/tutorial/java/javaOO/enum.html	/home/fhu_thjen/projects/learning-java/16-enum/anki/cloze.tsv	9
ok	200	official Java/Oracle documentation	https://docs.oracle.com/javase/tutorial/java/javaOO/enum.html	/home/fhu_thjen/projects/learning-java/16-enum/anki/cloze.tsv	10
ok	200	official Java/Oracle documentation	https://docs.oracle.com/javase/tutorial/java/javaOO/enum.html	/home/fhu_thjen/projects/learning-java/16-enum/anki/cloze.tsv	11
ok	200	official Java/Oracle documentation	https://docs.oracle.com/javase/tutorial/java/javaOO/enum.html	/home/fhu_thjen/projects/learning-java/16-enum/anki/cloze.tsv	12
ok	200	official Java/Oracle documentation	https://docs.oracle.com/javase/tutorial/java/javaOO/enum.html	/home/fhu_thjen/projects/learning-java/16-enum/anki/cloze.tsv	13
ok	200	official Java/Oracle documentation	https://docs.oracle.com/javase/specs/jls/se21/html/jls-8.html#jls-8.9	/home/fhu_thjen/projects/learning-java/16-enum/anki/cloze.tsv	14
ok	200	official Java/Oracle documentation	https://docs.oracle.com/javase/specs/jls/se21/html/jls-8.html#jls-8.9	/home/fhu_thjen/projects/learning-java/16-enum/anki/cloze.tsv	15
ok	200	official Java/Oracle documentation	https://docs.oracle.com/javase/tutorial/java/javaOO/enum.html	/home/fhu_thjen/projects/learning-java/16-enum/anki/code-question.tsv	2
ok	200	official Java/Oracle documentation	https://docs.oracle.com/javase/tutorial/java/javaOO/enum.html	/home/fhu_thjen/projects/learning-java/16-enum/anki/code-question.tsv	3
ok	200	official Java/Oracle documentation	https://docs.oracle.com/javase/tutorial/java/javaOO/enum.html	/home/fhu_thjen/projects/learning-java/16-enum/anki/code-question.tsv	4
ok	200	official Java/Oracle documentation	https://docs.oracle.com/javase/tutorial/java/javaOO/enum.html	/home/fhu_thjen/projects/learning-java/16-enum/anki/code-question.tsv	5
ok	200	official Java/Oracle documentation	https://docs.oracle.com/javase/tutorial/java/javaOO/enum.html	/home/fhu_thjen/projects/learning-java/16-enum/anki/code-question.tsv	6
ok	200	official Java/Oracle documentation	https://docs.oracle.com/javase/tutorial/java/javaOO/enum.html	/home/fhu_thjen/projects/learning-java/16-enum/anki/code-question.tsv	7
ok	200	official Java/Oracle documentation	https://docs.oracle.com/javase/tutorial/java/javaOO/enum.html	/home/fhu_thjen/projects/learning-java/16-enum/anki/code-question.tsv	8
ok	200	official Java/Oracle documentation	https://docs.oracle.com/javase/tutorial/java/javaOO/enum.html	/home/fhu_thjen/projects/learning-java/16-enum/anki/code-question.tsv	9
ok	200	official Java/Oracle documentation	https://docs.oracle.com/javase/tutorial/java/javaOO/enum.html	/home/fhu_thjen/projects/learning-java/16-enum/anki/code-question.tsv	10
ok	200	official Java/Oracle documentation	https://docs.oracle.com/javase/tutorial/java/javaOO/enum.html	/home/fhu_thjen/projects/learning-java/16-enum/anki/code-question.tsv	11
ok	200	official Java/Oracle documentation	https://docs.oracle.com/javase/tutorial/java/javaOO/enum.html	/home/fhu_thjen/projects/learning-java/16-enum/anki/code-question.tsv	12
ok	200	official Java/Oracle documentation	https://docs.oracle.com/javase/tutorial/java/javaOO/enum.html	/home/fhu_thjen/projects/learning-java/16-enum/anki/code-question.tsv	13
ok	200	official Java/Oracle documentation	https://docs.oracle.com/javase/tutorial/java/javaOO/enum.html	/home/fhu_thjen/projects/learning-java/16-enum/anki/code-question.tsv	14
ok	200	official Java/Oracle documentation	https://docs.oracle.com/javase/tutorial/java/javaOO/enum.html	/home/fhu_thjen/projects/learning-java/16-enum/anki/code-question.tsv	15
ok	200	official Java/Oracle documentation	https://docs.oracle.com/javase/tutorial/java/javaOO/enum.html	/home/fhu_thjen/projects/learning-java/16-enum/anki/code-question.tsv	16
ok	200	official Java/Oracle documentation	https://docs.oracle.com/javase/tutorial/java/javaOO/enum.html	/home/fhu_thjen/projects/learning-java/16-enum/anki/code-question.tsv	17
ok	200	official Java/Oracle documentation	https://docs.oracle.com/javase/tutorial/java/javaOO/enum.html	/home/fhu_thjen/projects/learning-java/16-enum/anki/code-question.tsv	18
ok	200	official Java/Oracle documentation	https://docs.oracle.com/javase/tutorial/java/javaOO/enum.html	/home/fhu_thjen/projects/learning-java/16-enum/anki/code-question.tsv	19
ok	200	official Java/Oracle documentation	https://docs.oracle.com/javase/specs/jls/se21/html/jls-8.html#jls-8.9	/home/fhu_thjen/projects/learning-java/16-enum/anki/code-question.tsv	20
ok	200	official Java/Oracle documentation	https://docs.oracle.com/javase/tutorial/java/javaOO/enum.html	/home/fhu_thjen/projects/learning-java/16-enum/anki/code-question.tsv	21
ok	200	official Java/Oracle documentation	https://docs.oracle.com/javase/tutorial/java/annotations/	/home/fhu_thjen/projects/learning-java/17-annotation/anki/basic-extra.tsv	2
ok	200	official Java/Oracle documentation	https://docs.oracle.com/javase/tutorial/java/annotations/	/home/fhu_thjen/projects/learning-java/17-annotation/anki/basic-extra.tsv	3
ok	200	official Java/Oracle documentation	https://docs.oracle.com/javase/tutorial/java/annotations/	/home/fhu_thjen/projects/learning-java/17-annotation/anki/basic-extra.tsv	4
ok	200	official Java/Oracle documentation	https://docs.oracle.com/javase/tutorial/java/annotations/	/home/fhu_thjen/projects/learning-java/17-annotation/anki/basic-extra.tsv	5
ok	200	official Java/Oracle documentation	https://docs.oracle.com/javase/tutorial/java/annotations/	/home/fhu_thjen/projects/learning-java/17-annotation/anki/basic-extra.tsv	6
ok	200	official Java/Oracle documentation	https://docs.oracle.com/javase/tutorial/java/annotations/	/home/fhu_thjen/projects/learning-java/17-annotation/anki/basic-extra.tsv	7
ok	200	official Java/Oracle documentation	https://docs.oracle.com/javase/tutorial/java/annotations/	/home/fhu_thjen/projects/learning-java/17-annotation/anki/basic-extra.tsv	8
ok	200	official Java/Oracle documentation	https://docs.oracle.com/javase/tutorial/java/annotations/	/home/fhu_thjen/projects/learning-java/17-annotation/anki/basic-extra.tsv	9
ok	200	official Java/Oracle documentation	https://docs.oracle.com/javase/tutorial/java/annotations/	/home/fhu_thjen/projects/learning-java/17-annotation/anki/basic-extra.tsv	10
ok	200	official Java/Oracle documentation	https://docs.oracle.com/javase/tutorial/java/annotations/	/home/fhu_thjen/projects/learning-java/17-annotation/anki/basic-extra.tsv	11
ok	200	official Java/Oracle documentation	https://docs.oracle.com/javase/tutorial/java/annotations/	/home/fhu_thjen/projects/learning-java/17-annotation/anki/basic-extra.tsv	12
ok	200	official Java/Oracle documentation	https://docs.oracle.com/javase/tutorial/java/annotations/	/home/fhu_thjen/projects/learning-java/17-annotation/anki/basic-extra.tsv	13
ok	200	official Java/Oracle documentation	https://docs.oracle.com/javase/tutorial/java/annotations/	/home/fhu_thjen/projects/learning-java/17-annotation/anki/basic-extra.tsv	14
ok	200	official Java/Oracle documentation	https://docs.oracle.com/javase/tutorial/java/annotations/	/home/fhu_thjen/projects/learning-java/17-annotation/anki/basic-extra.tsv	15
ok	200	official Java/Oracle documentation	https://docs.oracle.com/javase/tutorial/java/annotations/	/home/fhu_thjen/projects/learning-java/17-annotation/anki/basic-extra.tsv	16
ok	200	official Java/Oracle documentation	https://docs.oracle.com/javase/tutorial/java/annotations/	/home/fhu_thjen/projects/learning-java/17-annotation/anki/basic-extra.tsv	17
ok	200	official Java/Oracle documentation	https://docs.oracle.com/javase/tutorial/java/annotations/	/home/fhu_thjen/projects/learning-java/17-annotation/anki/basic-extra.tsv	18
ok	200	official Java/Oracle documentation	https://docs.oracle.com/javase/8/docs/api/java/lang/reflect/Proxy.html	/home/fhu_thjen/projects/learning-java/17-annotation/anki/basic-extra.tsv	19
ok	200	official Java/Oracle documentation	https://docs.oracle.com/javase/tutorial/java/annotations/	/home/fhu_thjen/projects/learning-java/17-annotation/anki/basic.tsv	2
ok	200	official Java/Oracle documentation	https://docs.oracle.com/javase/tutorial/java/annotations/	/home/fhu_thjen/projects/learning-java/17-annotation/anki/basic.tsv	3
ok	200	official Java/Oracle documentation	https://docs.oracle.com/javase/tutorial/java/annotations/	/home/fhu_thjen/projects/learning-java/17-annotation/anki/basic.tsv	4
ok	200	official Java/Oracle documentation	https://docs.oracle.com/javase/tutorial/java/annotations/	/home/fhu_thjen/projects/learning-java/17-annotation/anki/basic.tsv	5
ok	200	official Java/Oracle documentation	https://docs.oracle.com/javase/tutorial/java/annotations/	/home/fhu_thjen/projects/learning-java/17-annotation/anki/basic.tsv	6
ok	200	official Java/Oracle documentation	https://docs.oracle.com/javase/tutorial/java/annotations/	/home/fhu_thjen/projects/learning-java/17-annotation/anki/basic.tsv	7
ok	200	official Java/Oracle documentation	https://docs.oracle.com/javase/tutorial/java/annotations/	/home/fhu_thjen/projects/learning-java/17-annotation/anki/basic.tsv	8
ok	200	official Java/Oracle documentation	https://docs.oracle.com/javase/tutorial/java/annotations/	/home/fhu_thjen/projects/learning-java/17-annotation/anki/basic.tsv	9
ok	200	official Java/Oracle documentation	https://docs.oracle.com/javase/tutorial/java/annotations/	/home/fhu_thjen/projects/learning-java/17-annotation/anki/basic.tsv	10
ok	200	official Java/Oracle documentation	https://docs.oracle.com/javase/tutorial/java/annotations/	/home/fhu_thjen/projects/learning-java/17-annotation/anki/basic.tsv	11
ok	200	official Java/Oracle documentation	https://docs.oracle.com/javase/tutorial/java/annotations/	/home/fhu_thjen/projects/learning-java/17-annotation/anki/basic.tsv	12
ok	200	official Java/Oracle documentation	https://docs.oracle.com/javase/tutorial/java/annotations/	/home/fhu_thjen/projects/learning-java/17-annotation/anki/basic.tsv	13
ok	200	official Java/Oracle documentation	https://docs.oracle.com/javase/tutorial/java/annotations/	/home/fhu_thjen/projects/learning-java/17-annotation/anki/basic.tsv	14
ok	200	official Java/Oracle documentation	https://docs.oracle.com/javase/tutorial/java/annotations/	/home/fhu_thjen/projects/learning-java/17-annotation/anki/basic.tsv	15
ok	200	official Java/Oracle documentation	https://docs.oracle.com/javase/tutorial/java/annotations/	/home/fhu_thjen/projects/learning-java/17-annotation/anki/basic.tsv	16
ok	200	official Java/Oracle documentation	https://docs.oracle.com/javase/tutorial/java/annotations/	/home/fhu_thjen/projects/learning-java/17-annotation/anki/basic.tsv	17
ok	200	official Java/Oracle documentation	https://docs.oracle.com/javase/tutorial/java/annotations/	/home/fhu_thjen/projects/learning-java/17-annotation/anki/basic.tsv	18
ok	200	official Java/Oracle documentation	https://docs.oracle.com/javase/tutorial/java/annotations/	/home/fhu_thjen/projects/learning-java/17-annotation/anki/basic.tsv	19
ok	200	official Java/Oracle documentation	https://docs.oracle.com/javase/tutorial/java/annotations/	/home/fhu_thjen/projects/learning-java/17-annotation/anki/basic.tsv	20
ok	200	official Java/Oracle documentation	https://docs.oracle.com/javase/tutorial/java/annotations/	/home/fhu_thjen/projects/learning-java/17-annotation/anki/basic.tsv	21
ok	200	official Java/Oracle documentation	https://docs.oracle.com/javase/tutorial/java/annotations/	/home/fhu_thjen/projects/learning-java/17-annotation/anki/basic.tsv	22
ok	200	official Java/Oracle documentation	https://docs.oracle.com/javase/tutorial/java/annotations/	/home/fhu_thjen/projects/learning-java/17-annotation/anki/basic.tsv	23
ok	200	official Java/Oracle documentation	https://docs.oracle.com/javase/tutorial/java/annotations/	/home/fhu_thjen/projects/learning-java/17-annotation/anki/basic.tsv	24
ok	200	official Java/Oracle documentation	https://docs.oracle.com/javase/tutorial/java/annotations/	/home/fhu_thjen/projects/learning-java/17-annotation/anki/basic.tsv	25
ok	200	official Java/Oracle documentation	https://docs.oracle.com/javase/tutorial/java/annotations/	/home/fhu_thjen/projects/learning-java/17-annotation/anki/basic.tsv	26
ok	200	official Java/Oracle documentation	https://docs.oracle.com/javase/tutorial/java/annotations/	/home/fhu_thjen/projects/learning-java/17-annotation/anki/basic.tsv	27
ok	200	official Java/Oracle documentation	https://docs.oracle.com/javase/tutorial/java/annotations/	/home/fhu_thjen/projects/learning-java/17-annotation/anki/basic.tsv	28
ok	200	official Java/Oracle documentation	https://docs.oracle.com/javase/tutorial/java/annotations/	/home/fhu_thjen/projects/learning-java/17-annotation/anki/basic.tsv	29
ok	200	official Java/Oracle documentation	https://docs.oracle.com/javase/tutorial/java/annotations/	/home/fhu_thjen/projects/learning-java/17-annotation/anki/basic.tsv	30
ok	200	official Java/Oracle documentation	https://docs.oracle.com/javase/tutorial/java/annotations/	/home/fhu_thjen/projects/learning-java/17-annotation/anki/basic.tsv	31
ok	200	official Java/Oracle documentation	https://docs.oracle.com/javase/tutorial/java/annotations/	/home/fhu_thjen/projects/learning-java/17-annotation/anki/basic.tsv	32
ok	200	official Java/Oracle documentation	https://docs.oracle.com/javase/tutorial/java/annotations/	/home/fhu_thjen/projects/learning-java/17-annotation/anki/basic.tsv	33
ok	200	official Java/Oracle documentation	https://docs.oracle.com/javase/tutorial/java/annotations/	/home/fhu_thjen/projects/learning-java/17-annotation/anki/basic.tsv	34
ok	200	official Java/Oracle documentation	https://docs.oracle.com/javase/8/docs/api/java/lang/reflect/Proxy.html	/home/fhu_thjen/projects/learning-java/17-annotation/anki/basic.tsv	35
ok	200	official Java/Oracle documentation	https://docs.oracle.com/javase/tutorial/java/annotations/	/home/fhu_thjen/projects/learning-java/17-annotation/anki/cloze.tsv	2
ok	200	official Java/Oracle documentation	https://docs.oracle.com/javase/tutorial/java/annotations/	/home/fhu_thjen/projects/learning-java/17-annotation/anki/cloze.tsv	3
ok	200	official Java/Oracle documentation	https://docs.oracle.com/javase/tutorial/java/annotations/	/home/fhu_thjen/projects/learning-java/17-annotation/anki/cloze.tsv	4
ok	200	official Java/Oracle documentation	https://docs.oracle.com/javase/tutorial/java/annotations/	/home/fhu_thjen/projects/learning-java/17-annotation/anki/cloze.tsv	5
ok	200	official Java/Oracle documentation	https://docs.oracle.com/javase/tutorial/java/annotations/	/home/fhu_thjen/projects/learning-java/17-annotation/anki/cloze.tsv	6
ok	200	official Java/Oracle documentation	https://docs.oracle.com/javase/tutorial/java/annotations/	/home/fhu_thjen/projects/learning-java/17-annotation/anki/cloze.tsv	7
ok	200	official Java/Oracle documentation	https://docs.oracle.com/javase/tutorial/java/annotations/	/home/fhu_thjen/projects/learning-java/17-annotation/anki/cloze.tsv	8
ok	200	official Java/Oracle documentation	https://docs.oracle.com/javase/tutorial/java/annotations/	/home/fhu_thjen/projects/learning-java/17-annotation/anki/cloze.tsv	9
ok	200	official Java/Oracle documentation	https://docs.oracle.com/javase/tutorial/java/annotations/	/home/fhu_thjen/projects/learning-java/17-annotation/anki/cloze.tsv	10
ok	200	official Java/Oracle documentation	https://docs.oracle.com/javase/tutorial/java/annotations/	/home/fhu_thjen/projects/learning-java/17-annotation/anki/cloze.tsv	11
ok	200	official Java/Oracle documentation	https://docs.oracle.com/javase/tutorial/java/annotations/	/home/fhu_thjen/projects/learning-java/17-annotation/anki/cloze.tsv	12
ok	200	official Java/Oracle documentation	https://docs.oracle.com/javase/tutorial/java/annotations/	/home/fhu_thjen/projects/learning-java/17-annotation/anki/cloze.tsv	13
ok	200	official Java/Oracle documentation	https://docs.oracle.com/javase/tutorial/java/annotations/	/home/fhu_thjen/projects/learning-java/17-annotation/anki/cloze.tsv	14
ok	200	official Java/Oracle documentation	https://docs.oracle.com/javase/tutorial/java/annotations/	/home/fhu_thjen/projects/learning-java/17-annotation/anki/cloze.tsv	15
ok	200	official Java/Oracle documentation	https://docs.oracle.com/javase/tutorial/java/annotations/	/home/fhu_thjen/projects/learning-java/17-annotation/anki/cloze.tsv	16
ok	200	official Java/Oracle documentation	https://docs.oracle.com/javase/tutorial/java/annotations/	/home/fhu_thjen/projects/learning-java/17-annotation/anki/cloze.tsv	17
ok	200	official Java/Oracle documentation	https://docs.oracle.com/javase/8/docs/api/java/lang/reflect/Proxy.html	/home/fhu_thjen/projects/learning-java/17-annotation/anki/cloze.tsv	18
ok	200	official Java/Oracle documentation	https://docs.oracle.com/javase/specs/jls/se21/html/jls-9.html#jls-9.6.4.1	/home/fhu_thjen/projects/learning-java/17-annotation/anki/cloze.tsv	19
ok	200	official Java/Oracle documentation	https://docs.oracle.com/javase/tutorial/java/annotations/	/home/fhu_thjen/projects/learning-java/17-annotation/anki/code-question.tsv	2
ok	200	official Java/Oracle documentation	https://docs.oracle.com/javase/tutorial/java/annotations/	/home/fhu_thjen/projects/learning-java/17-annotation/anki/code-question.tsv	3
ok	200	official Java/Oracle documentation	https://docs.oracle.com/javase/tutorial/java/annotations/	/home/fhu_thjen/projects/learning-java/17-annotation/anki/code-question.tsv	4
ok	200	official Java/Oracle documentation	https://docs.oracle.com/javase/tutorial/java/annotations/	/home/fhu_thjen/projects/learning-java/17-annotation/anki/code-question.tsv	5
ok	200	official Java/Oracle documentation	https://docs.oracle.com/javase/tutorial/java/annotations/	/home/fhu_thjen/projects/learning-java/17-annotation/anki/code-question.tsv	6
ok	200	official Java/Oracle documentation	https://docs.oracle.com/javase/tutorial/java/annotations/	/home/fhu_thjen/projects/learning-java/17-annotation/anki/code-question.tsv	7
ok	200	official Java/Oracle documentation	https://docs.oracle.com/javase/tutorial/java/annotations/	/home/fhu_thjen/projects/learning-java/17-annotation/anki/code-question.tsv	8
ok	200	official Java/Oracle documentation	https://docs.oracle.com/javase/tutorial/java/annotations/	/home/fhu_thjen/projects/learning-java/17-annotation/anki/code-question.tsv	9
ok	200	official Java/Oracle documentation	https://docs.oracle.com/javase/tutorial/java/annotations/	/home/fhu_thjen/projects/learning-java/17-annotation/anki/code-question.tsv	10
ok	200	official Java/Oracle documentation	https://docs.oracle.com/javase/tutorial/java/annotations/	/home/fhu_thjen/projects/learning-java/17-annotation/anki/code-question.tsv	11
ok	200	official Java/Oracle documentation	https://docs.oracle.com/javase/tutorial/java/annotations/	/home/fhu_thjen/projects/learning-java/17-annotation/anki/code-question.tsv	12
ok	200	official Java/Oracle documentation	https://docs.oracle.com/javase/tutorial/java/annotations/	/home/fhu_thjen/projects/learning-java/17-annotation/anki/code-question.tsv	13
ok	200	official Java/Oracle documentation	https://docs.oracle.com/javase/tutorial/java/annotations/	/home/fhu_thjen/projects/learning-java/17-annotation/anki/code-question.tsv	14
ok	200	official Java/Oracle documentation	https://docs.oracle.com/javase/tutorial/java/annotations/	/home/fhu_thjen/projects/learning-java/17-annotation/anki/code-question.tsv	15
ok	200	official Java/Oracle documentation	https://docs.oracle.com/javase/tutorial/java/annotations/	/home/fhu_thjen/projects/learning-java/17-annotation/anki/code-question.tsv	16
ok	200	official Java/Oracle documentation	https://docs.oracle.com/javase/tutorial/java/annotations/	/home/fhu_thjen/projects/learning-java/17-annotation/anki/code-question.tsv	17
ok	200	official Java/Oracle documentation	https://docs.oracle.com/javase/tutorial/java/annotations/	/home/fhu_thjen/projects/learning-java/17-annotation/anki/code-question.tsv	18
ok	200	official Java/Oracle documentation	https://docs.oracle.com/javase/tutorial/java/annotations/	/home/fhu_thjen/projects/learning-java/17-annotation/anki/code-question.tsv	19
ok	200	official Java/Oracle documentation	https://docs.oracle.com/javase/tutorial/java/annotations/	/home/fhu_thjen/projects/learning-java/17-annotation/anki/code-question.tsv	20
ok	200	official Java/Oracle documentation	https://docs.oracle.com/javase/tutorial/java/annotations/	/home/fhu_thjen/projects/learning-java/17-annotation/anki/code-question.tsv	21
ok	200	official Java/Oracle documentation	https://docs.oracle.com/javase/tutorial/java/annotations/	/home/fhu_thjen/projects/learning-java/17-annotation/anki/code-question.tsv	22
ok	200	official Java/Oracle documentation	https://docs.oracle.com/javase/tutorial/java/annotations/	/home/fhu_thjen/projects/learning-java/17-annotation/anki/code-question.tsv	23
ok	200	official Java/Oracle documentation	https://docs.oracle.com/javase/tutorial/java/annotations/	/home/fhu_thjen/projects/learning-java/17-annotation/anki/code-question.tsv	24
ok	200	official Java/Oracle documentation	https://docs.oracle.com/javase/tutorial/java/annotations/	/home/fhu_thjen/projects/learning-java/17-annotation/anki/code-question.tsv	25
ok	200	official Java/Oracle documentation	https://docs.oracle.com/javase/tutorial/java/annotations/	/home/fhu_thjen/projects/learning-java/17-annotation/anki/code-question.tsv	26
ok	200	official Java/Oracle documentation	https://docs.oracle.com/javase/8/docs/api/java/lang/reflect/Proxy.html	/home/fhu_thjen/projects/learning-java/17-annotation/anki/code-question.tsv	27
ok	200	official Java/Oracle documentation	https://docs.oracle.com/javase/specs/jls/se21/html/jls-9.html#jls-9.6	/home/fhu_thjen/projects/learning-java/17-annotation/anki/code-question.tsv	28
ok	200	official Java/Oracle documentation	https://docs.oracle.com/javase/tutorial/java/generics/types.html	/home/fhu_thjen/projects/learning-java/18-generics/anki/basic-extra.tsv	2
ok	200	official Java/Oracle documentation	https://docs.oracle.com/javase/tutorial/java/generics/methods.html	/home/fhu_thjen/projects/learning-java/18-generics/anki/basic-extra.tsv	3
ok	200	official Java/Oracle documentation	https://docs.oracle.com/javase/tutorial/java/generics/erasure.html	/home/fhu_thjen/projects/learning-java/18-generics/anki/basic-extra.tsv	4
ok	200	official Java/Oracle documentation	https://docs.oracle.com/javase/tutorial/java/generics/subtyping.html	/home/fhu_thjen/projects/learning-java/18-generics/anki/basic-extra.tsv	5
ok	200	official Java/Oracle documentation	https://docs.oracle.com/javase/tutorial/java/generics/upperBounded.html	/home/fhu_thjen/projects/learning-java/18-generics/anki/basic-extra.tsv	6
ok	200	official Java/Oracle documentation	https://docs.oracle.com/javase/tutorial/java/generics/lowerBounded.html	/home/fhu_thjen/projects/learning-java/18-generics/anki/basic-extra.tsv	7
ok	200	official Java/Oracle documentation	https://docs.oracle.com/javase/tutorial/java/generics/wildcardGuidelines.html	/home/fhu_thjen/projects/learning-java/18-generics/anki/basic-extra.tsv	8
ok	200	official Java/Oracle documentation	https://docs.oracle.com/javase/tutorial/java/generics/rawTypes.html	/home/fhu_thjen/projects/learning-java/18-generics/anki/basic-extra.tsv	9
ok	200	official Java/Oracle documentation	https://docs.oracle.com/javase/tutorial/java/generics/restrictions.html	/home/fhu_thjen/projects/learning-java/18-generics/anki/basic-extra.tsv	10
ok	200	official Java/Oracle documentation	https://docs.oracle.com/javase/tutorial/java/generics/restrictions.html	/home/fhu_thjen/projects/learning-java/18-generics/anki/basic-extra.tsv	11
ok	200	official Java/Oracle documentation	https://docs.oracle.com/javase/tutorial/java/generics/restrictions.html	/home/fhu_thjen/projects/learning-java/18-generics/anki/basic-extra.tsv	12
ok	200	official Java/Oracle documentation	https://docs.oracle.com/javase/tutorial/java/generics/erasure.html	/home/fhu_thjen/projects/learning-java/18-generics/anki/basic-extra.tsv	13
ok	200	official Java/Oracle documentation	https://docs.oracle.com/javase/tutorial/java/generics/wildcardGuidelines.html	/home/fhu_thjen/projects/learning-java/18-generics/anki/basic.tsv	2
ok	200	official Java/Oracle documentation	https://docs.oracle.com/javase/tutorial/java/generics/erasure.html	/home/fhu_thjen/projects/learning-java/18-generics/anki/basic.tsv	3
ok	200	official Java/Oracle documentation	https://docs.oracle.com/javase/tutorial/java/generics/erasure.html	/home/fhu_thjen/projects/learning-java/18-generics/anki/basic.tsv	4
ok	200	official Java/Oracle documentation	https://docs.oracle.com/javase/tutorial/java/generics/rawTypes.html	/home/fhu_thjen/projects/learning-java/18-generics/anki/basic.tsv	5
ok	200	official Java/Oracle documentation	https://docs.oracle.com/javase/tutorial/java/generics/restrictions.html	/home/fhu_thjen/projects/learning-java/18-generics/anki/basic.tsv	6
ok	200	official Java/Oracle documentation	https://docs.oracle.com/javase/tutorial/java/generics/restrictions.html	/home/fhu_thjen/projects/learning-java/18-generics/anki/basic.tsv	7
ok	200	official Java/Oracle documentation	https://docs.oracle.com/javase/tutorial/java/generics/restrictions.html	/home/fhu_thjen/projects/learning-java/18-generics/anki/basic.tsv	8
ok	200	official Java/Oracle documentation	https://docs.oracle.com/javase/tutorial/java/generics/methods.html	/home/fhu_thjen/projects/learning-java/18-generics/anki/basic.tsv	9
ok	200	official Java/Oracle documentation	https://docs.oracle.com/javase/tutorial/java/generics/rawTypes.html	/home/fhu_thjen/projects/learning-java/18-generics/anki/basic.tsv	10
ok	200	official Java/Oracle documentation	https://docs.oracle.com/javase/tutorial/java/generics/bounded.html	/home/fhu_thjen/projects/learning-java/18-generics/anki/basic.tsv	11
ok	200	official Java/Oracle documentation	https://docs.oracle.com/javase/tutorial/java/generics/wildcards.html	/home/fhu_thjen/projects/learning-java/18-generics/anki/basic.tsv	12
ok	200	official Java/Oracle documentation	https://docs.oracle.com/javase/tutorial/java/generics/subtyping.html	/home/fhu_thjen/projects/learning-java/18-generics/anki/basic.tsv	13
ok	200	official Java/Oracle documentation	https://docs.oracle.com/javase/tutorial/java/generics/wildcards.html	/home/fhu_thjen/projects/learning-java/18-generics/anki/basic.tsv	14
ok	200	official Java/Oracle documentation	https://docs.oracle.com/javase/tutorial/java/generics/upperBounded.html	/home/fhu_thjen/projects/learning-java/18-generics/anki/basic.tsv	15
ok	200	official Java/Oracle documentation	https://docs.oracle.com/javase/tutorial/java/generics/lowerBounded.html	/home/fhu_thjen/projects/learning-java/18-generics/anki/basic.tsv	16
ok	200	official Java/Oracle documentation	https://docs.oracle.com/javase/tutorial/java/generics/erasure.html	/home/fhu_thjen/projects/learning-java/18-generics/anki/basic.tsv	17
ok	200	official Java/Oracle documentation	https://docs.oracle.com/javase/tutorial/java/generics/restrictions.html	/home/fhu_thjen/projects/learning-java/18-generics/anki/basic.tsv	18
ok	200	official Java/Oracle documentation	https://docs.oracle.com/javase/tutorial/java/generics/restrictions.html	/home/fhu_thjen/projects/learning-java/18-generics/anki/basic.tsv	19
ok	200	official Java/Oracle documentation	https://docs.oracle.com/javase/tutorial/java/generics/erasure.html	/home/fhu_thjen/projects/learning-java/18-generics/anki/cloze.tsv	2
ok	200	official Java/Oracle documentation	https://docs.oracle.com/javase/tutorial/java/generics/subtyping.html	/home/fhu_thjen/projects/learning-java/18-generics/anki/cloze.tsv	3
ok	200	official Java/Oracle documentation	https://docs.oracle.com/javase/tutorial/java/generics/wildcardGuidelines.html	/home/fhu_thjen/projects/learning-java/18-generics/anki/cloze.tsv	4
ok	200	official Java/Oracle documentation	https://docs.oracle.com/javase/tutorial/java/generics/rawTypes.html	/home/fhu_thjen/projects/learning-java/18-generics/anki/cloze.tsv	5
ok	200	official Java/Oracle documentation	https://docs.oracle.com/javase/tutorial/java/generics/restrictions.html	/home/fhu_thjen/projects/learning-java/18-generics/anki/cloze.tsv	6
ok	200	official Java/Oracle documentation	https://docs.oracle.com/javase/tutorial/java/generics/restrictions.html	/home/fhu_thjen/projects/learning-java/18-generics/anki/cloze.tsv	7
ok	200	official Java/Oracle documentation	https://docs.oracle.com/javase/tutorial/java/generics/restrictions.html	/home/fhu_thjen/projects/learning-java/18-generics/anki/cloze.tsv	8
ok	200	official Java/Oracle documentation	https://docs.oracle.com/javase/tutorial/java/generics/bounded.html	/home/fhu_thjen/projects/learning-java/18-generics/anki/cloze.tsv	9
ok	200	official Java/Oracle documentation	https://docs.oracle.com/javase/tutorial/java/generics/restrictions.html	/home/fhu_thjen/projects/learning-java/18-generics/anki/cloze.tsv	10
ok	200	official Java/Oracle documentation	https://docs.oracle.com/javase/tutorial/java/generics/restrictions.html	/home/fhu_thjen/projects/learning-java/18-generics/anki/cloze.tsv	11
ok	200	official Java/Oracle documentation	https://docs.oracle.com/javase/tutorial/java/generics/upperBounded.html	/home/fhu_thjen/projects/learning-java/18-generics/anki/cloze.tsv	12
ok	200	official Java/Oracle documentation	https://docs.oracle.com/javase/tutorial/java/generics/restrictions.html	/home/fhu_thjen/projects/learning-java/18-generics/anki/cloze.tsv	13
ok	200	official Java/Oracle documentation	https://docs.oracle.com/javase/tutorial/java/generics/restrictions.html	/home/fhu_thjen/projects/learning-java/18-generics/anki/code-question.tsv	2
ok	200	official Java/Oracle documentation	https://docs.oracle.com/javase/tutorial/java/generics/rawTypes.html	/home/fhu_thjen/projects/learning-java/18-generics/anki/code-question.tsv	3
ok	200	official Java/Oracle documentation	https://docs.oracle.com/javase/tutorial/java/generics/restrictions.html	/home/fhu_thjen/projects/learning-java/18-generics/anki/code-question.tsv	4
ok	200	official Java/Oracle documentation	https://docs.oracle.com/javase/tutorial/java/generics/upperBounded.html	/home/fhu_thjen/projects/learning-java/18-generics/anki/code-question.tsv	5
ok	200	official Java/Oracle documentation	https://docs.oracle.com/javase/tutorial/java/generics/lowerBounded.html	/home/fhu_thjen/projects/learning-java/18-generics/anki/code-question.tsv	6
ok	200	official Java/Oracle documentation	https://docs.oracle.com/javase/tutorial/java/generics/restrictions.html	/home/fhu_thjen/projects/learning-java/18-generics/anki/code-question.tsv	7
ok	200	official Java/Oracle documentation	https://docs.oracle.com/javase/tutorial/java/generics/subtyping.html	/home/fhu_thjen/projects/learning-java/18-generics/anki/code-question.tsv	8
ok	200	official Java/Oracle documentation	https://docs.oracle.com/javase/tutorial/java/generics/restrictions.html	/home/fhu_thjen/projects/learning-java/18-generics/anki/code-question.tsv	9
ok	200	official Java/Oracle documentation	https://docs.oracle.com/javase/tutorial/java/generics/bounded.html	/home/fhu_thjen/projects/learning-java/18-generics/anki/code-question.tsv	10
ok	200	official Java/Oracle documentation	https://docs.oracle.com/javase/tutorial/java/generics/erasure.html	/home/fhu_thjen/projects/learning-java/18-generics/anki/code-question.tsv	11
ok	200	official Java/Oracle documentation	https://docs.oracle.com/javase/tutorial/java/generics/restrictions.html	/home/fhu_thjen/projects/learning-java/18-generics/anki/code-question.tsv	12
ok	200	official Java/Oracle documentation	https://docs.oracle.com/javase/tutorial/java/generics/wildcardGuidelines.html	/home/fhu_thjen/projects/learning-java/18-generics/anki/code-question.tsv	13
ok	200	official Java/Oracle documentation	https://docs.oracle.com/en/java/javase/21/docs/api/java.base/java/lang/Comparable.html	/home/fhu_thjen/projects/learning-java/20-comparable-comparator/anki/basic-extra.tsv	2
ok	200	official Java/Oracle documentation	https://docs.oracle.com/en/java/javase/21/docs/api/java.base/java/lang/Comparable.html	/home/fhu_thjen/projects/learning-java/20-comparable-comparator/anki/basic-extra.tsv	3
ok	200	official Java/Oracle documentation	https://docs.oracle.com/en/java/javase/21/docs/api/java.base/java/lang/Comparable.html	/home/fhu_thjen/projects/learning-java/20-comparable-comparator/anki/basic-extra.tsv	4
ok	200	official Java/Oracle documentation	https://docs.oracle.com/en/java/javase/21/docs/api/java.base/java/lang/Comparable.html	/home/fhu_thjen/projects/learning-java/20-comparable-comparator/anki/basic-extra.tsv	5
ok	200	official Java/Oracle documentation	https://docs.oracle.com/en/java/javase/21/docs/api/java.base/java/lang/Comparable.html	/home/fhu_thjen/projects/learning-java/20-comparable-comparator/anki/basic-extra.tsv	6
ok	200	official Java/Oracle documentation	https://docs.oracle.com/en/java/javase/21/docs/api/java.base/java/lang/Comparable.html	/home/fhu_thjen/projects/learning-java/20-comparable-comparator/anki/basic-extra.tsv	7
ok	200	official Java/Oracle documentation	https://docs.oracle.com/en/java/javase/21/docs/api/java.base/java/lang/Comparable.html	/home/fhu_thjen/projects/learning-java/20-comparable-comparator/anki/basic-extra.tsv	8
ok	200	official Java/Oracle documentation	https://docs.oracle.com/en/java/javase/21/docs/api/java.base/java/lang/Comparable.html	/home/fhu_thjen/projects/learning-java/20-comparable-comparator/anki/basic-extra.tsv	9
ok	200	official Java/Oracle documentation	https://docs.oracle.com/en/java/javase/21/docs/api/java.base/java/lang/Comparable.html	/home/fhu_thjen/projects/learning-java/20-comparable-comparator/anki/basic-extra.tsv	10
ok	200	official Java/Oracle documentation	https://docs.oracle.com/en/java/javase/21/docs/api/java.base/java/lang/Comparable.html	/home/fhu_thjen/projects/learning-java/20-comparable-comparator/anki/basic-extra.tsv	11
ok	200	official Java/Oracle documentation	https://docs.oracle.com/en/java/javase/21/docs/api/java.base/java/lang/Comparable.html	/home/fhu_thjen/projects/learning-java/20-comparable-comparator/anki/basic-extra.tsv	12
ok	200	official Java/Oracle documentation	https://docs.oracle.com/en/java/javase/21/docs/api/java.base/java/lang/Comparable.html	/home/fhu_thjen/projects/learning-java/20-comparable-comparator/anki/basic-extra.tsv	13
ok	200	official Java/Oracle documentation	https://docs.oracle.com/en/java/javase/21/docs/api/java.base/java/lang/Comparable.html	/home/fhu_thjen/projects/learning-java/20-comparable-comparator/anki/basic-extra.tsv	14
ok	200	official Java/Oracle documentation	https://docs.oracle.com/en/java/javase/21/docs/api/java.base/java/lang/Comparable.html	/home/fhu_thjen/projects/learning-java/20-comparable-comparator/anki/basic-extra.tsv	15
ok	200	official Java/Oracle documentation	https://docs.oracle.com/en/java/javase/21/docs/api/java.base/java/lang/Comparable.html	/home/fhu_thjen/projects/learning-java/20-comparable-comparator/anki/basic-extra.tsv	16
ok	200	official Java/Oracle documentation	https://docs.oracle.com/en/java/javase/21/docs/api/java.base/java/lang/Comparable.html	/home/fhu_thjen/projects/learning-java/20-comparable-comparator/anki/basic-extra.tsv	17
ok	200	official Java/Oracle documentation	https://docs.oracle.com/en/java/javase/21/docs/api/java.base/java/lang/Comparable.html	/home/fhu_thjen/projects/learning-java/20-comparable-comparator/anki/basic-extra.tsv	18
ok	200	official Java/Oracle documentation	https://docs.oracle.com/en/java/javase/21/docs/api/java.base/java/lang/Comparable.html	/home/fhu_thjen/projects/learning-java/20-comparable-comparator/anki/basic-extra.tsv	19
ok	200	official Java/Oracle documentation	https://docs.oracle.com/en/java/javase/21/docs/api/java.base/java/lang/Comparable.html	/home/fhu_thjen/projects/learning-java/20-comparable-comparator/anki/basic-extra.tsv	20
ok	200	official Java/Oracle documentation	https://docs.oracle.com/en/java/javase/21/docs/api/java.base/java/util/Arrays.html	/home/fhu_thjen/projects/learning-java/20-comparable-comparator/anki/basic-extra.tsv	21
ok	200	official Java/Oracle documentation	https://docs.oracle.com/en/java/javase/21/docs/api/java.base/java/lang/Comparable.html	/home/fhu_thjen/projects/learning-java/20-comparable-comparator/anki/basic.tsv	2
ok	200	official Java/Oracle documentation	https://docs.oracle.com/en/java/javase/21/docs/api/java.base/java/lang/Comparable.html	/home/fhu_thjen/projects/learning-java/20-comparable-comparator/anki/basic.tsv	3
ok	200	official Java/Oracle documentation	https://docs.oracle.com/en/java/javase/21/docs/api/java.base/java/lang/Comparable.html	/home/fhu_thjen/projects/learning-java/20-comparable-comparator/anki/basic.tsv	4
ok	200	official Java/Oracle documentation	https://docs.oracle.com/en/java/javase/21/docs/api/java.base/java/lang/Comparable.html	/home/fhu_thjen/projects/learning-java/20-comparable-comparator/anki/basic.tsv	5
ok	200	official Java/Oracle documentation	https://docs.oracle.com/en/java/javase/21/docs/api/java.base/java/lang/Comparable.html	/home/fhu_thjen/projects/learning-java/20-comparable-comparator/anki/basic.tsv	6
ok	200	official Java/Oracle documentation	https://docs.oracle.com/en/java/javase/21/docs/api/java.base/java/lang/Comparable.html	/home/fhu_thjen/projects/learning-java/20-comparable-comparator/anki/basic.tsv	7
ok	200	official Java/Oracle documentation	https://docs.oracle.com/en/java/javase/21/docs/api/java.base/java/lang/Comparable.html	/home/fhu_thjen/projects/learning-java/20-comparable-comparator/anki/basic.tsv	8
ok	200	official Java/Oracle documentation	https://docs.oracle.com/en/java/javase/21/docs/api/java.base/java/lang/Comparable.html	/home/fhu_thjen/projects/learning-java/20-comparable-comparator/anki/basic.tsv	9
ok	200	official Java/Oracle documentation	https://docs.oracle.com/en/java/javase/21/docs/api/java.base/java/lang/Comparable.html	/home/fhu_thjen/projects/learning-java/20-comparable-comparator/anki/basic.tsv	10
ok	200	official Java/Oracle documentation	https://docs.oracle.com/en/java/javase/21/docs/api/java.base/java/lang/Comparable.html	/home/fhu_thjen/projects/learning-java/20-comparable-comparator/anki/basic.tsv	11
ok	200	official Java/Oracle documentation	https://docs.oracle.com/en/java/javase/21/docs/api/java.base/java/lang/Comparable.html	/home/fhu_thjen/projects/learning-java/20-comparable-comparator/anki/basic.tsv	12
ok	200	official Java/Oracle documentation	https://docs.oracle.com/en/java/javase/21/docs/api/java.base/java/lang/Comparable.html	/home/fhu_thjen/projects/learning-java/20-comparable-comparator/anki/basic.tsv	13
ok	200	official Java/Oracle documentation	https://docs.oracle.com/en/java/javase/21/docs/api/java.base/java/lang/Comparable.html	/home/fhu_thjen/projects/learning-java/20-comparable-comparator/anki/basic.tsv	14
ok	200	official Java/Oracle documentation	https://docs.oracle.com/en/java/javase/21/docs/api/java.base/java/lang/Comparable.html	/home/fhu_thjen/projects/learning-java/20-comparable-comparator/anki/basic.tsv	15
ok	200	official Java/Oracle documentation	https://docs.oracle.com/en/java/javase/21/docs/api/java.base/java/lang/Comparable.html	/home/fhu_thjen/projects/learning-java/20-comparable-comparator/anki/basic.tsv	16
ok	200	official Java/Oracle documentation	https://docs.oracle.com/en/java/javase/21/docs/api/java.base/java/lang/Comparable.html	/home/fhu_thjen/projects/learning-java/20-comparable-comparator/anki/basic.tsv	17
ok	200	official Java/Oracle documentation	https://docs.oracle.com/en/java/javase/21/docs/api/java.base/java/lang/Comparable.html	/home/fhu_thjen/projects/learning-java/20-comparable-comparator/anki/basic.tsv	18
ok	200	official Java/Oracle documentation	https://docs.oracle.com/en/java/javase/21/docs/api/java.base/java/lang/Comparable.html	/home/fhu_thjen/projects/learning-java/20-comparable-comparator/anki/basic.tsv	19
ok	200	official Java/Oracle documentation	https://docs.oracle.com/en/java/javase/21/docs/api/java.base/java/lang/Comparable.html	/home/fhu_thjen/projects/learning-java/20-comparable-comparator/anki/basic.tsv	20
ok	200	official Java/Oracle documentation	https://docs.oracle.com/en/java/javase/21/docs/api/java.base/java/lang/Comparable.html	/home/fhu_thjen/projects/learning-java/20-comparable-comparator/anki/basic.tsv	21
ok	200	official Java/Oracle documentation	https://docs.oracle.com/en/java/javase/21/docs/api/java.base/java/lang/Comparable.html	/home/fhu_thjen/projects/learning-java/20-comparable-comparator/anki/basic.tsv	22
ok	200	official Java/Oracle documentation	https://docs.oracle.com/en/java/javase/21/docs/api/java.base/java/lang/Comparable.html	/home/fhu_thjen/projects/learning-java/20-comparable-comparator/anki/basic.tsv	23
ok	200	official Java/Oracle documentation	https://docs.oracle.com/en/java/javase/21/docs/api/java.base/java/lang/Comparable.html	/home/fhu_thjen/projects/learning-java/20-comparable-comparator/anki/basic.tsv	24
ok	200	official Java/Oracle documentation	https://docs.oracle.com/en/java/javase/21/docs/api/java.base/java/lang/Comparable.html	/home/fhu_thjen/projects/learning-java/20-comparable-comparator/anki/basic.tsv	25
ok	200	official Java/Oracle documentation	https://docs.oracle.com/en/java/javase/21/docs/api/java.base/java/lang/Comparable.html	/home/fhu_thjen/projects/learning-java/20-comparable-comparator/anki/basic.tsv	26
ok	200	official Java/Oracle documentation	https://docs.oracle.com/en/java/javase/21/docs/api/java.base/java/lang/Comparable.html	/home/fhu_thjen/projects/learning-java/20-comparable-comparator/anki/basic.tsv	27
ok	200	official Java/Oracle documentation	https://docs.oracle.com/en/java/javase/21/docs/api/java.base/java/lang/Comparable.html	/home/fhu_thjen/projects/learning-java/20-comparable-comparator/anki/basic.tsv	28
ok	200	official Java/Oracle documentation	https://docs.oracle.com/en/java/javase/21/docs/api/java.base/java/lang/Comparable.html	/home/fhu_thjen/projects/learning-java/20-comparable-comparator/anki/basic.tsv	29
ok	200	official Java/Oracle documentation	https://docs.oracle.com/en/java/javase/21/docs/api/java.base/java/lang/Comparable.html	/home/fhu_thjen/projects/learning-java/20-comparable-comparator/anki/basic.tsv	30
ok	200	official Java/Oracle documentation	https://docs.oracle.com/en/java/javase/21/docs/api/java.base/java/lang/Comparable.html	/home/fhu_thjen/projects/learning-java/20-comparable-comparator/anki/basic.tsv	31
ok	200	official Java/Oracle documentation	https://docs.oracle.com/en/java/javase/21/docs/api/java.base/java/lang/Comparable.html	/home/fhu_thjen/projects/learning-java/20-comparable-comparator/anki/basic.tsv	32
ok	200	official Java/Oracle documentation	https://docs.oracle.com/en/java/javase/21/docs/api/java.base/java/lang/Comparable.html	/home/fhu_thjen/projects/learning-java/20-comparable-comparator/anki/basic.tsv	33
ok	200	official Java/Oracle documentation	https://docs.oracle.com/en/java/javase/21/docs/api/java.base/java/util/Arrays.html	/home/fhu_thjen/projects/learning-java/20-comparable-comparator/anki/basic.tsv	34
ok	200	official Java/Oracle documentation	https://docs.oracle.com/en/java/javase/21/docs/api/java.base/java/lang/Comparable.html	/home/fhu_thjen/projects/learning-java/20-comparable-comparator/anki/cloze.tsv	2
ok	200	official Java/Oracle documentation	https://docs.oracle.com/en/java/javase/21/docs/api/java.base/java/lang/Comparable.html	/home/fhu_thjen/projects/learning-java/20-comparable-comparator/anki/cloze.tsv	3
ok	200	official Java/Oracle documentation	https://docs.oracle.com/en/java/javase/21/docs/api/java.base/java/lang/Comparable.html	/home/fhu_thjen/projects/learning-java/20-comparable-comparator/anki/cloze.tsv	4
ok	200	official Java/Oracle documentation	https://docs.oracle.com/en/java/javase/21/docs/api/java.base/java/lang/Comparable.html	/home/fhu_thjen/projects/learning-java/20-comparable-comparator/anki/cloze.tsv	5
ok	200	official Java/Oracle documentation	https://docs.oracle.com/en/java/javase/21/docs/api/java.base/java/lang/Comparable.html	/home/fhu_thjen/projects/learning-java/20-comparable-comparator/anki/cloze.tsv	6
ok	200	official Java/Oracle documentation	https://docs.oracle.com/en/java/javase/21/docs/api/java.base/java/lang/Comparable.html	/home/fhu_thjen/projects/learning-java/20-comparable-comparator/anki/cloze.tsv	7
ok	200	official Java/Oracle documentation	https://docs.oracle.com/en/java/javase/21/docs/api/java.base/java/lang/Comparable.html	/home/fhu_thjen/projects/learning-java/20-comparable-comparator/anki/cloze.tsv	8
ok	200	official Java/Oracle documentation	https://docs.oracle.com/en/java/javase/21/docs/api/java.base/java/lang/Comparable.html	/home/fhu_thjen/projects/learning-java/20-comparable-comparator/anki/cloze.tsv	9
ok	200	official Java/Oracle documentation	https://docs.oracle.com/en/java/javase/21/docs/api/java.base/java/lang/Comparable.html	/home/fhu_thjen/projects/learning-java/20-comparable-comparator/anki/cloze.tsv	10
ok	200	official Java/Oracle documentation	https://docs.oracle.com/en/java/javase/21/docs/api/java.base/java/lang/Comparable.html	/home/fhu_thjen/projects/learning-java/20-comparable-comparator/anki/cloze.tsv	11
ok	200	official Java/Oracle documentation	https://docs.oracle.com/en/java/javase/21/docs/api/java.base/java/lang/Comparable.html	/home/fhu_thjen/projects/learning-java/20-comparable-comparator/anki/cloze.tsv	12
ok	200	official Java/Oracle documentation	https://docs.oracle.com/en/java/javase/21/docs/api/java.base/java/lang/Comparable.html	/home/fhu_thjen/projects/learning-java/20-comparable-comparator/anki/cloze.tsv	13
ok	200	official Java/Oracle documentation	https://docs.oracle.com/en/java/javase/21/docs/api/java.base/java/lang/Comparable.html	/home/fhu_thjen/projects/learning-java/20-comparable-comparator/anki/cloze.tsv	14
ok	200	official Java/Oracle documentation	https://docs.oracle.com/en/java/javase/21/docs/api/java.base/java/lang/Comparable.html	/home/fhu_thjen/projects/learning-java/20-comparable-comparator/anki/cloze.tsv	15
ok	200	official Java/Oracle documentation	https://docs.oracle.com/en/java/javase/21/docs/api/java.base/java/lang/Comparable.html	/home/fhu_thjen/projects/learning-java/20-comparable-comparator/anki/cloze.tsv	16
ok	200	official Java/Oracle documentation	https://docs.oracle.com/en/java/javase/21/docs/api/java.base/java/lang/Comparable.html	/home/fhu_thjen/projects/learning-java/20-comparable-comparator/anki/cloze.tsv	17
ok	200	official Java/Oracle documentation	https://docs.oracle.com/en/java/javase/21/docs/api/java.base/java/lang/Comparable.html	/home/fhu_thjen/projects/learning-java/20-comparable-comparator/anki/cloze.tsv	18
ok	200	official Java/Oracle documentation	https://docs.oracle.com/en/java/javase/21/docs/api/java.base/java/util/Arrays.html	/home/fhu_thjen/projects/learning-java/20-comparable-comparator/anki/cloze.tsv	19
ok	200	official Java/Oracle documentation	https://docs.oracle.com/en/java/javase/21/docs/api/java.base/java/lang/Comparable.html	/home/fhu_thjen/projects/learning-java/20-comparable-comparator/anki/code-question.tsv	2
ok	200	official Java/Oracle documentation	https://docs.oracle.com/en/java/javase/21/docs/api/java.base/java/lang/Comparable.html	/home/fhu_thjen/projects/learning-java/20-comparable-comparator/anki/code-question.tsv	3
ok	200	official Java/Oracle documentation	https://docs.oracle.com/en/java/javase/21/docs/api/java.base/java/lang/Comparable.html	/home/fhu_thjen/projects/learning-java/20-comparable-comparator/anki/code-question.tsv	4
ok	200	official Java/Oracle documentation	https://docs.oracle.com/en/java/javase/21/docs/api/java.base/java/lang/Comparable.html	/home/fhu_thjen/projects/learning-java/20-comparable-comparator/anki/code-question.tsv	5
ok	200	official Java/Oracle documentation	https://docs.oracle.com/en/java/javase/21/docs/api/java.base/java/lang/Comparable.html	/home/fhu_thjen/projects/learning-java/20-comparable-comparator/anki/code-question.tsv	6
ok	200	official Java/Oracle documentation	https://docs.oracle.com/en/java/javase/21/docs/api/java.base/java/lang/Comparable.html	/home/fhu_thjen/projects/learning-java/20-comparable-comparator/anki/code-question.tsv	7
ok	200	official Java/Oracle documentation	https://docs.oracle.com/en/java/javase/21/docs/api/java.base/java/lang/Comparable.html	/home/fhu_thjen/projects/learning-java/20-comparable-comparator/anki/code-question.tsv	8
ok	200	official Java/Oracle documentation	https://docs.oracle.com/en/java/javase/21/docs/api/java.base/java/lang/Comparable.html	/home/fhu_thjen/projects/learning-java/20-comparable-comparator/anki/code-question.tsv	9
ok	200	official Java/Oracle documentation	https://docs.oracle.com/en/java/javase/21/docs/api/java.base/java/lang/Comparable.html	/home/fhu_thjen/projects/learning-java/20-comparable-comparator/anki/code-question.tsv	10
ok	200	official Java/Oracle documentation	https://docs.oracle.com/en/java/javase/21/docs/api/java.base/java/lang/Comparable.html	/home/fhu_thjen/projects/learning-java/20-comparable-comparator/anki/code-question.tsv	11
ok	200	official Java/Oracle documentation	https://docs.oracle.com/en/java/javase/21/docs/api/java.base/java/lang/Comparable.html	/home/fhu_thjen/projects/learning-java/20-comparable-comparator/anki/code-question.tsv	12
ok	200	official Java/Oracle documentation	https://docs.oracle.com/en/java/javase/21/docs/api/java.base/java/lang/Comparable.html	/home/fhu_thjen/projects/learning-java/20-comparable-comparator/anki/code-question.tsv	13
ok	200	official Java/Oracle documentation	https://docs.oracle.com/en/java/javase/21/docs/api/java.base/java/lang/Comparable.html	/home/fhu_thjen/projects/learning-java/20-comparable-comparator/anki/code-question.tsv	14
ok	200	official Java/Oracle documentation	https://docs.oracle.com/en/java/javase/21/docs/api/java.base/java/lang/Comparable.html	/home/fhu_thjen/projects/learning-java/20-comparable-comparator/anki/code-question.tsv	15
ok	200	official Java/Oracle documentation	https://docs.oracle.com/en/java/javase/21/docs/api/java.base/java/lang/Comparable.html	/home/fhu_thjen/projects/learning-java/20-comparable-comparator/anki/code-question.tsv	16
ok	200	official Java/Oracle documentation	https://docs.oracle.com/en/java/javase/21/docs/api/java.base/java/lang/Comparable.html	/home/fhu_thjen/projects/learning-java/20-comparable-comparator/anki/code-question.tsv	17
ok	200	official Java/Oracle documentation	https://docs.oracle.com/en/java/javase/21/docs/api/java.base/java/lang/Comparable.html	/home/fhu_thjen/projects/learning-java/20-comparable-comparator/anki/code-question.tsv	18
ok	200	official Java/Oracle documentation	https://docs.oracle.com/en/java/javase/21/docs/api/java.base/java/lang/Comparable.html	/home/fhu_thjen/projects/learning-java/20-comparable-comparator/anki/code-question.tsv	19
ok	200	official Java/Oracle documentation	https://docs.oracle.com/en/java/javase/21/docs/api/java.base/java/lang/Comparable.html	/home/fhu_thjen/projects/learning-java/20-comparable-comparator/anki/code-question.tsv	20
ok	200	official Java/Oracle documentation	https://docs.oracle.com/en/java/javase/21/docs/api/java.base/java/lang/Comparable.html	/home/fhu_thjen/projects/learning-java/20-comparable-comparator/anki/code-question.tsv	21
ok	200	official Java/Oracle documentation	https://docs.oracle.com/en/java/javase/21/docs/api/java.base/java/lang/Comparable.html	/home/fhu_thjen/projects/learning-java/20-comparable-comparator/anki/code-question.tsv	22
ok	200	official Java/Oracle documentation	https://docs.oracle.com/en/java/javase/21/docs/api/java.base/java/lang/Comparable.html	/home/fhu_thjen/projects/learning-java/20-comparable-comparator/anki/code-question.tsv	23
ok	200	official Java/Oracle documentation	https://docs.oracle.com/en/java/javase/21/docs/api/java.base/java/lang/Comparable.html	/home/fhu_thjen/projects/learning-java/20-comparable-comparator/anki/code-question.tsv	24
ok	200	official Java/Oracle documentation	https://docs.oracle.com/javase/tutorial/java/javaOO/lambdaexpressions.html	/home/fhu_thjen/projects/learning-java/21-lambda-expression/anki/basic-extra.tsv	2
ok	200	official Java/Oracle documentation	https://docs.oracle.com/javase/tutorial/java/javaOO/lambdaexpressions.html	/home/fhu_thjen/projects/learning-java/21-lambda-expression/anki/basic-extra.tsv	3
ok	200	official Java/Oracle documentation	https://docs.oracle.com/javase/tutorial/java/javaOO/lambdaexpressions.html	/home/fhu_thjen/projects/learning-java/21-lambda-expression/anki/basic-extra.tsv	4
ok	200	official Java/Oracle documentation	https://docs.oracle.com/javase/tutorial/java/javaOO/lambdaexpressions.html	/home/fhu_thjen/projects/learning-java/21-lambda-expression/anki/basic-extra.tsv	5
ok	200	official Java/Oracle documentation	https://docs.oracle.com/javase/tutorial/java/javaOO/lambdaexpressions.html	/home/fhu_thjen/projects/learning-java/21-lambda-expression/anki/basic-extra.tsv	6
ok	200	official Java/Oracle documentation	https://docs.oracle.com/javase/tutorial/java/javaOO/lambdaexpressions.html	/home/fhu_thjen/projects/learning-java/21-lambda-expression/anki/basic-extra.tsv	7
ok	200	official Java/Oracle documentation	https://docs.oracle.com/javase/tutorial/java/javaOO/lambdaexpressions.html	/home/fhu_thjen/projects/learning-java/21-lambda-expression/anki/basic-extra.tsv	8
ok	200	official Java/Oracle documentation	https://docs.oracle.com/javase/tutorial/java/javaOO/lambdaexpressions.html	/home/fhu_thjen/projects/learning-java/21-lambda-expression/anki/basic-extra.tsv	9
ok	200	official Java/Oracle documentation	https://docs.oracle.com/javase/tutorial/java/javaOO/lambdaexpressions.html	/home/fhu_thjen/projects/learning-java/21-lambda-expression/anki/basic-extra.tsv	10
ok	200	official Java/Oracle documentation	https://docs.oracle.com/javase/tutorial/java/javaOO/lambdaexpressions.html	/home/fhu_thjen/projects/learning-java/21-lambda-expression/anki/basic-extra.tsv	11
ok	200	official Java/Oracle documentation	https://docs.oracle.com/javase/tutorial/java/javaOO/lambdaexpressions.html	/home/fhu_thjen/projects/learning-java/21-lambda-expression/anki/basic-extra.tsv	12
ok	200	official Java/Oracle documentation	https://docs.oracle.com/javase/tutorial/java/javaOO/lambdaexpressions.html	/home/fhu_thjen/projects/learning-java/21-lambda-expression/anki/basic-extra.tsv	13
ok	200	official Java/Oracle documentation	https://docs.oracle.com/javase/tutorial/java/javaOO/lambdaexpressions.html	/home/fhu_thjen/projects/learning-java/21-lambda-expression/anki/basic-extra.tsv	14
ok	200	official Java/Oracle documentation	https://docs.oracle.com/javase/tutorial/java/javaOO/lambdaexpressions.html	/home/fhu_thjen/projects/learning-java/21-lambda-expression/anki/basic.tsv	2
ok	200	official Java/Oracle documentation	https://docs.oracle.com/javase/tutorial/java/javaOO/lambdaexpressions.html	/home/fhu_thjen/projects/learning-java/21-lambda-expression/anki/basic.tsv	3
ok	200	official Java/Oracle documentation	https://docs.oracle.com/javase/tutorial/java/javaOO/lambdaexpressions.html	/home/fhu_thjen/projects/learning-java/21-lambda-expression/anki/basic.tsv	4
ok	200	official Java/Oracle documentation	https://docs.oracle.com/javase/tutorial/java/javaOO/lambdaexpressions.html	/home/fhu_thjen/projects/learning-java/21-lambda-expression/anki/basic.tsv	5
ok	200	official Java/Oracle documentation	https://docs.oracle.com/javase/tutorial/java/javaOO/lambdaexpressions.html	/home/fhu_thjen/projects/learning-java/21-lambda-expression/anki/basic.tsv	6
ok	200	official Java/Oracle documentation	https://docs.oracle.com/javase/tutorial/java/javaOO/lambdaexpressions.html	/home/fhu_thjen/projects/learning-java/21-lambda-expression/anki/basic.tsv	7
ok	200	official Java/Oracle documentation	https://docs.oracle.com/javase/tutorial/java/javaOO/lambdaexpressions.html	/home/fhu_thjen/projects/learning-java/21-lambda-expression/anki/basic.tsv	8
ok	200	official Java/Oracle documentation	https://docs.oracle.com/javase/tutorial/java/javaOO/lambdaexpressions.html	/home/fhu_thjen/projects/learning-java/21-lambda-expression/anki/basic.tsv	9
ok	200	official Java/Oracle documentation	https://docs.oracle.com/javase/tutorial/java/javaOO/lambdaexpressions.html	/home/fhu_thjen/projects/learning-java/21-lambda-expression/anki/basic.tsv	10
ok	200	official Java/Oracle documentation	https://docs.oracle.com/javase/tutorial/java/javaOO/lambdaexpressions.html	/home/fhu_thjen/projects/learning-java/21-lambda-expression/anki/basic.tsv	11
ok	200	official Java/Oracle documentation	https://docs.oracle.com/javase/tutorial/java/javaOO/lambdaexpressions.html	/home/fhu_thjen/projects/learning-java/21-lambda-expression/anki/basic.tsv	12
ok	200	official Java/Oracle documentation	https://docs.oracle.com/javase/tutorial/java/javaOO/lambdaexpressions.html	/home/fhu_thjen/projects/learning-java/21-lambda-expression/anki/basic.tsv	13
ok	200	official Java/Oracle documentation	https://docs.oracle.com/javase/tutorial/java/javaOO/lambdaexpressions.html	/home/fhu_thjen/projects/learning-java/21-lambda-expression/anki/basic.tsv	14
ok	200	official Java/Oracle documentation	https://docs.oracle.com/javase/tutorial/java/javaOO/lambdaexpressions.html	/home/fhu_thjen/projects/learning-java/21-lambda-expression/anki/basic.tsv	15
ok	200	official Java/Oracle documentation	https://docs.oracle.com/javase/tutorial/java/javaOO/lambdaexpressions.html	/home/fhu_thjen/projects/learning-java/21-lambda-expression/anki/basic.tsv	16
ok	200	official Java/Oracle documentation	https://docs.oracle.com/javase/tutorial/java/javaOO/lambdaexpressions.html	/home/fhu_thjen/projects/learning-java/21-lambda-expression/anki/basic.tsv	17
ok	200	official Java/Oracle documentation	https://docs.oracle.com/javase/tutorial/java/javaOO/lambdaexpressions.html	/home/fhu_thjen/projects/learning-java/21-lambda-expression/anki/basic.tsv	18
ok	200	official Java/Oracle documentation	https://docs.oracle.com/javase/tutorial/java/javaOO/lambdaexpressions.html	/home/fhu_thjen/projects/learning-java/21-lambda-expression/anki/basic.tsv	19
ok	200	official Java/Oracle documentation	https://docs.oracle.com/javase/tutorial/java/javaOO/lambdaexpressions.html	/home/fhu_thjen/projects/learning-java/21-lambda-expression/anki/cloze.tsv	2
ok	200	official Java/Oracle documentation	https://docs.oracle.com/javase/tutorial/java/javaOO/lambdaexpressions.html	/home/fhu_thjen/projects/learning-java/21-lambda-expression/anki/cloze.tsv	3
ok	200	official Java/Oracle documentation	https://docs.oracle.com/javase/tutorial/java/javaOO/lambdaexpressions.html	/home/fhu_thjen/projects/learning-java/21-lambda-expression/anki/cloze.tsv	4
ok	200	official Java/Oracle documentation	https://docs.oracle.com/javase/tutorial/java/javaOO/lambdaexpressions.html	/home/fhu_thjen/projects/learning-java/21-lambda-expression/anki/cloze.tsv	5
ok	200	official Java/Oracle documentation	https://docs.oracle.com/javase/tutorial/java/javaOO/lambdaexpressions.html	/home/fhu_thjen/projects/learning-java/21-lambda-expression/anki/cloze.tsv	6
ok	200	official Java/Oracle documentation	https://docs.oracle.com/javase/tutorial/java/javaOO/lambdaexpressions.html	/home/fhu_thjen/projects/learning-java/21-lambda-expression/anki/cloze.tsv	7
ok	200	official Java/Oracle documentation	https://docs.oracle.com/javase/tutorial/java/javaOO/lambdaexpressions.html	/home/fhu_thjen/projects/learning-java/21-lambda-expression/anki/cloze.tsv	8
ok	200	official Java/Oracle documentation	https://docs.oracle.com/javase/tutorial/java/javaOO/lambdaexpressions.html	/home/fhu_thjen/projects/learning-java/21-lambda-expression/anki/cloze.tsv	9
ok	200	official Java/Oracle documentation	https://docs.oracle.com/javase/tutorial/java/javaOO/lambdaexpressions.html	/home/fhu_thjen/projects/learning-java/21-lambda-expression/anki/cloze.tsv	10
ok	200	official Java/Oracle documentation	https://docs.oracle.com/javase/tutorial/java/javaOO/lambdaexpressions.html	/home/fhu_thjen/projects/learning-java/21-lambda-expression/anki/cloze.tsv	11
ok	200	official Java/Oracle documentation	https://docs.oracle.com/javase/tutorial/java/javaOO/lambdaexpressions.html	/home/fhu_thjen/projects/learning-java/21-lambda-expression/anki/cloze.tsv	12
ok	200	official Java/Oracle documentation	https://docs.oracle.com/javase/tutorial/java/javaOO/lambdaexpressions.html	/home/fhu_thjen/projects/learning-java/21-lambda-expression/anki/cloze.tsv	13
ok	200	official Java/Oracle documentation	https://docs.oracle.com/javase/tutorial/java/javaOO/lambdaexpressions.html	/home/fhu_thjen/projects/learning-java/21-lambda-expression/anki/cloze.tsv	14
ok	200	official Java/Oracle documentation	https://docs.oracle.com/javase/tutorial/java/javaOO/lambdaexpressions.html	/home/fhu_thjen/projects/learning-java/21-lambda-expression/anki/code-question.tsv	2
ok	200	official Java/Oracle documentation	https://docs.oracle.com/javase/tutorial/java/javaOO/lambdaexpressions.html	/home/fhu_thjen/projects/learning-java/21-lambda-expression/anki/code-question.tsv	3
ok	200	official Java/Oracle documentation	https://docs.oracle.com/javase/tutorial/java/javaOO/lambdaexpressions.html	/home/fhu_thjen/projects/learning-java/21-lambda-expression/anki/code-question.tsv	4
ok	200	official Java/Oracle documentation	https://docs.oracle.com/javase/tutorial/java/javaOO/lambdaexpressions.html	/home/fhu_thjen/projects/learning-java/21-lambda-expression/anki/code-question.tsv	5
ok	200	official Java/Oracle documentation	https://docs.oracle.com/javase/tutorial/java/javaOO/lambdaexpressions.html	/home/fhu_thjen/projects/learning-java/21-lambda-expression/anki/code-question.tsv	6
ok	200	official Java/Oracle documentation	https://docs.oracle.com/javase/tutorial/java/javaOO/lambdaexpressions.html	/home/fhu_thjen/projects/learning-java/21-lambda-expression/anki/code-question.tsv	7
ok	200	official Java/Oracle documentation	https://docs.oracle.com/javase/tutorial/java/javaOO/lambdaexpressions.html	/home/fhu_thjen/projects/learning-java/21-lambda-expression/anki/code-question.tsv	8
ok	200	official Java/Oracle documentation	https://docs.oracle.com/javase/tutorial/java/javaOO/lambdaexpressions.html	/home/fhu_thjen/projects/learning-java/21-lambda-expression/anki/code-question.tsv	9
ok	200	official Java/Oracle documentation	https://docs.oracle.com/javase/tutorial/java/javaOO/lambdaexpressions.html	/home/fhu_thjen/projects/learning-java/21-lambda-expression/anki/code-question.tsv	10
ok	200	official Java/Oracle documentation	https://docs.oracle.com/javase/tutorial/java/javaOO/lambdaexpressions.html	/home/fhu_thjen/projects/learning-java/21-lambda-expression/anki/code-question.tsv	11
ok	200	official Java/Oracle documentation	https://docs.oracle.com/javase/tutorial/java/javaOO/lambdaexpressions.html	/home/fhu_thjen/projects/learning-java/21-lambda-expression/anki/code-question.tsv	12
ok	200	official Java/Oracle documentation	https://docs.oracle.com/javase/tutorial/java/javaOO/lambdaexpressions.html	/home/fhu_thjen/projects/learning-java/21-lambda-expression/anki/code-question.tsv	13
ok	200	official Java/Oracle documentation	https://docs.oracle.com/javase/tutorial/java/javaOO/lambdaexpressions.html	/home/fhu_thjen/projects/learning-java/21-lambda-expression/anki/code-question.tsv	14
ok	200	official Java/Oracle documentation	https://docs.oracle.com/javase/tutorial/java/javaOO/lambdaexpressions.html	/home/fhu_thjen/projects/learning-java/21-lambda-expression/anki/code-question.tsv	15
ok	200	official Java/Oracle documentation	https://docs.oracle.com/en/java/javase/21/docs/api/java.base/java/util/function/package-summary.html	/home/fhu_thjen/projects/learning-java/22-functional-interface/anki/basic-extra.tsv	2
ok	200	official Java/Oracle documentation	https://docs.oracle.com/en/java/javase/21/docs/api/java.base/java/util/function/package-summary.html	/home/fhu_thjen/projects/learning-java/22-functional-interface/anki/basic-extra.tsv	3
ok	200	official Java/Oracle documentation	https://docs.oracle.com/en/java/javase/21/docs/api/java.base/java/util/function/package-summary.html	/home/fhu_thjen/projects/learning-java/22-functional-interface/anki/basic-extra.tsv	4
ok	200	official Java/Oracle documentation	https://docs.oracle.com/en/java/javase/21/docs/api/java.base/java/util/function/package-summary.html	/home/fhu_thjen/projects/learning-java/22-functional-interface/anki/basic-extra.tsv	5
ok	200	official Java/Oracle documentation	https://docs.oracle.com/en/java/javase/21/docs/api/java.base/java/util/function/package-summary.html	/home/fhu_thjen/projects/learning-java/22-functional-interface/anki/basic-extra.tsv	6
ok	200	official Java/Oracle documentation	https://docs.oracle.com/en/java/javase/21/docs/api/java.base/java/util/function/package-summary.html	/home/fhu_thjen/projects/learning-java/22-functional-interface/anki/basic-extra.tsv	7
ok	200	official Java/Oracle documentation	https://docs.oracle.com/en/java/javase/21/docs/api/java.base/java/util/function/package-summary.html	/home/fhu_thjen/projects/learning-java/22-functional-interface/anki/basic-extra.tsv	8
ok	200	official Java/Oracle documentation	https://docs.oracle.com/en/java/javase/21/docs/api/java.base/java/util/function/package-summary.html	/home/fhu_thjen/projects/learning-java/22-functional-interface/anki/basic-extra.tsv	9
ok	200	official Java/Oracle documentation	https://docs.oracle.com/en/java/javase/21/docs/api/java.base/java/util/function/package-summary.html	/home/fhu_thjen/projects/learning-java/22-functional-interface/anki/basic-extra.tsv	10
ok	200	official Java/Oracle documentation	https://docs.oracle.com/en/java/javase/21/docs/api/java.base/java/util/function/package-summary.html	/home/fhu_thjen/projects/learning-java/22-functional-interface/anki/basic-extra.tsv	11
ok	200	official Java/Oracle documentation	https://docs.oracle.com/en/java/javase/21/docs/api/java.base/java/util/function/package-summary.html	/home/fhu_thjen/projects/learning-java/22-functional-interface/anki/basic-extra.tsv	12
ok	200	official Java/Oracle documentation	https://docs.oracle.com/en/java/javase/21/docs/api/java.base/java/util/function/package-summary.html	/home/fhu_thjen/projects/learning-java/22-functional-interface/anki/basic-extra.tsv	13
ok	200	official Java/Oracle documentation	https://docs.oracle.com/en/java/javase/21/docs/api/java.base/java/util/function/package-summary.html	/home/fhu_thjen/projects/learning-java/22-functional-interface/anki/basic.tsv	2
ok	200	official Java/Oracle documentation	https://docs.oracle.com/en/java/javase/21/docs/api/java.base/java/util/function/package-summary.html	/home/fhu_thjen/projects/learning-java/22-functional-interface/anki/basic.tsv	3
ok	200	official Java/Oracle documentation	https://docs.oracle.com/en/java/javase/21/docs/api/java.base/java/util/function/package-summary.html	/home/fhu_thjen/projects/learning-java/22-functional-interface/anki/basic.tsv	4
ok	200	official Java/Oracle documentation	https://docs.oracle.com/en/java/javase/21/docs/api/java.base/java/util/function/package-summary.html	/home/fhu_thjen/projects/learning-java/22-functional-interface/anki/basic.tsv	5
ok	200	official Java/Oracle documentation	https://docs.oracle.com/en/java/javase/21/docs/api/java.base/java/util/function/package-summary.html	/home/fhu_thjen/projects/learning-java/22-functional-interface/anki/basic.tsv	6
ok	200	official Java/Oracle documentation	https://docs.oracle.com/en/java/javase/21/docs/api/java.base/java/util/function/package-summary.html	/home/fhu_thjen/projects/learning-java/22-functional-interface/anki/basic.tsv	7
ok	200	official Java/Oracle documentation	https://docs.oracle.com/en/java/javase/21/docs/api/java.base/java/util/function/package-summary.html	/home/fhu_thjen/projects/learning-java/22-functional-interface/anki/basic.tsv	8
ok	200	official Java/Oracle documentation	https://docs.oracle.com/en/java/javase/21/docs/api/java.base/java/util/function/package-summary.html	/home/fhu_thjen/projects/learning-java/22-functional-interface/anki/basic.tsv	9
ok	200	official Java/Oracle documentation	https://docs.oracle.com/en/java/javase/21/docs/api/java.base/java/util/function/package-summary.html	/home/fhu_thjen/projects/learning-java/22-functional-interface/anki/basic.tsv	10
ok	200	official Java/Oracle documentation	https://docs.oracle.com/en/java/javase/21/docs/api/java.base/java/util/function/package-summary.html	/home/fhu_thjen/projects/learning-java/22-functional-interface/anki/basic.tsv	11
ok	200	official Java/Oracle documentation	https://docs.oracle.com/en/java/javase/21/docs/api/java.base/java/util/function/package-summary.html	/home/fhu_thjen/projects/learning-java/22-functional-interface/anki/basic.tsv	12
ok	200	official Java/Oracle documentation	https://docs.oracle.com/en/java/javase/21/docs/api/java.base/java/util/function/package-summary.html	/home/fhu_thjen/projects/learning-java/22-functional-interface/anki/basic.tsv	13
ok	200	official Java/Oracle documentation	https://docs.oracle.com/en/java/javase/21/docs/api/java.base/java/util/function/package-summary.html	/home/fhu_thjen/projects/learning-java/22-functional-interface/anki/basic.tsv	14
ok	200	official Java/Oracle documentation	https://docs.oracle.com/en/java/javase/21/docs/api/java.base/java/util/function/package-summary.html	/home/fhu_thjen/projects/learning-java/22-functional-interface/anki/basic.tsv	15
ok	200	official Java/Oracle documentation	https://docs.oracle.com/en/java/javase/21/docs/api/java.base/java/util/function/package-summary.html	/home/fhu_thjen/projects/learning-java/22-functional-interface/anki/basic.tsv	16
ok	200	official Java/Oracle documentation	https://docs.oracle.com/en/java/javase/21/docs/api/java.base/java/util/function/package-summary.html	/home/fhu_thjen/projects/learning-java/22-functional-interface/anki/basic.tsv	17
ok	200	official Java/Oracle documentation	https://docs.oracle.com/en/java/javase/21/docs/api/java.base/java/util/function/package-summary.html	/home/fhu_thjen/projects/learning-java/22-functional-interface/anki/basic.tsv	18
ok	200	official Java/Oracle documentation	https://docs.oracle.com/en/java/javase/21/docs/api/java.base/java/util/function/package-summary.html	/home/fhu_thjen/projects/learning-java/22-functional-interface/anki/basic.tsv	19
ok	200	official Java/Oracle documentation	https://docs.oracle.com/en/java/javase/21/docs/api/java.base/java/util/function/package-summary.html	/home/fhu_thjen/projects/learning-java/22-functional-interface/anki/basic.tsv	20
ok	200	official Java/Oracle documentation	https://docs.oracle.com/en/java/javase/21/docs/api/java.base/java/util/function/package-summary.html	/home/fhu_thjen/projects/learning-java/22-functional-interface/anki/basic.tsv	21
ok	200	official Java/Oracle documentation	https://docs.oracle.com/en/java/javase/21/docs/api/java.base/java/util/function/package-summary.html	/home/fhu_thjen/projects/learning-java/22-functional-interface/anki/basic.tsv	22
ok	200	official Java/Oracle documentation	https://docs.oracle.com/en/java/javase/21/docs/api/java.base/java/util/function/package-summary.html	/home/fhu_thjen/projects/learning-java/22-functional-interface/anki/basic.tsv	23
ok	200	official Java/Oracle documentation	https://docs.oracle.com/en/java/javase/21/docs/api/java.base/java/util/function/package-summary.html	/home/fhu_thjen/projects/learning-java/22-functional-interface/anki/basic.tsv	24
ok	200	official Java/Oracle documentation	https://docs.oracle.com/en/java/javase/21/docs/api/java.base/java/util/function/package-summary.html	/home/fhu_thjen/projects/learning-java/22-functional-interface/anki/basic.tsv	25
ok	200	official Java/Oracle documentation	https://docs.oracle.com/en/java/javase/21/docs/api/java.base/java/util/function/package-summary.html	/home/fhu_thjen/projects/learning-java/22-functional-interface/anki/cloze.tsv	2
ok	200	official Java/Oracle documentation	https://docs.oracle.com/en/java/javase/21/docs/api/java.base/java/util/function/package-summary.html	/home/fhu_thjen/projects/learning-java/22-functional-interface/anki/cloze.tsv	3
ok	200	official Java/Oracle documentation	https://docs.oracle.com/en/java/javase/21/docs/api/java.base/java/util/function/package-summary.html	/home/fhu_thjen/projects/learning-java/22-functional-interface/anki/cloze.tsv	4
ok	200	official Java/Oracle documentation	https://docs.oracle.com/en/java/javase/21/docs/api/java.base/java/util/function/package-summary.html	/home/fhu_thjen/projects/learning-java/22-functional-interface/anki/cloze.tsv	5
ok	200	official Java/Oracle documentation	https://docs.oracle.com/en/java/javase/21/docs/api/java.base/java/util/function/package-summary.html	/home/fhu_thjen/projects/learning-java/22-functional-interface/anki/cloze.tsv	6
ok	200	official Java/Oracle documentation	https://docs.oracle.com/en/java/javase/21/docs/api/java.base/java/util/function/package-summary.html	/home/fhu_thjen/projects/learning-java/22-functional-interface/anki/cloze.tsv	7
ok	200	official Java/Oracle documentation	https://docs.oracle.com/en/java/javase/21/docs/api/java.base/java/util/function/package-summary.html	/home/fhu_thjen/projects/learning-java/22-functional-interface/anki/cloze.tsv	8
ok	200	official Java/Oracle documentation	https://docs.oracle.com/en/java/javase/21/docs/api/java.base/java/util/function/package-summary.html	/home/fhu_thjen/projects/learning-java/22-functional-interface/anki/cloze.tsv	9
ok	200	official Java/Oracle documentation	https://docs.oracle.com/en/java/javase/21/docs/api/java.base/java/util/function/package-summary.html	/home/fhu_thjen/projects/learning-java/22-functional-interface/anki/cloze.tsv	10
ok	200	official Java/Oracle documentation	https://docs.oracle.com/en/java/javase/21/docs/api/java.base/java/util/function/package-summary.html	/home/fhu_thjen/projects/learning-java/22-functional-interface/anki/cloze.tsv	11
ok	200	official Java/Oracle documentation	https://docs.oracle.com/en/java/javase/21/docs/api/java.base/java/util/function/package-summary.html	/home/fhu_thjen/projects/learning-java/22-functional-interface/anki/cloze.tsv	12
ok	200	official Java/Oracle documentation	https://docs.oracle.com/en/java/javase/21/docs/api/java.base/java/util/function/package-summary.html	/home/fhu_thjen/projects/learning-java/22-functional-interface/anki/cloze.tsv	13
ok	200	official Java/Oracle documentation	https://docs.oracle.com/en/java/javase/21/docs/api/java.base/java/util/function/package-summary.html	/home/fhu_thjen/projects/learning-java/22-functional-interface/anki/code-question.tsv	2
ok	200	official Java/Oracle documentation	https://docs.oracle.com/en/java/javase/21/docs/api/java.base/java/util/function/package-summary.html	/home/fhu_thjen/projects/learning-java/22-functional-interface/anki/code-question.tsv	3
ok	200	official Java/Oracle documentation	https://docs.oracle.com/en/java/javase/21/docs/api/java.base/java/util/function/package-summary.html	/home/fhu_thjen/projects/learning-java/22-functional-interface/anki/code-question.tsv	4
ok	200	official Java/Oracle documentation	https://docs.oracle.com/en/java/javase/21/docs/api/java.base/java/util/function/package-summary.html	/home/fhu_thjen/projects/learning-java/22-functional-interface/anki/code-question.tsv	5
ok	200	official Java/Oracle documentation	https://docs.oracle.com/en/java/javase/21/docs/api/java.base/java/util/function/package-summary.html	/home/fhu_thjen/projects/learning-java/22-functional-interface/anki/code-question.tsv	6
ok	200	official Java/Oracle documentation	https://docs.oracle.com/en/java/javase/21/docs/api/java.base/java/util/function/package-summary.html	/home/fhu_thjen/projects/learning-java/22-functional-interface/anki/code-question.tsv	7
ok	200	official Java/Oracle documentation	https://docs.oracle.com/en/java/javase/21/docs/api/java.base/java/util/function/package-summary.html	/home/fhu_thjen/projects/learning-java/22-functional-interface/anki/code-question.tsv	8
ok	200	official Java/Oracle documentation	https://docs.oracle.com/en/java/javase/21/docs/api/java.base/java/util/function/package-summary.html	/home/fhu_thjen/projects/learning-java/22-functional-interface/anki/code-question.tsv	9
ok	200	official Java/Oracle documentation	https://docs.oracle.com/en/java/javase/21/docs/api/java.base/java/util/function/package-summary.html	/home/fhu_thjen/projects/learning-java/22-functional-interface/anki/code-question.tsv	10
ok	200	official Java/Oracle documentation	https://docs.oracle.com/en/java/javase/21/docs/api/java.base/java/util/function/package-summary.html	/home/fhu_thjen/projects/learning-java/22-functional-interface/anki/code-question.tsv	11
ok	200	official Java/Oracle documentation	https://docs.oracle.com/en/java/javase/21/docs/api/java.base/java/util/function/package-summary.html	/home/fhu_thjen/projects/learning-java/22-functional-interface/anki/code-question.tsv	12
ok	200	official Java/Oracle documentation	https://docs.oracle.com/en/java/javase/21/docs/api/java.base/java/util/function/package-summary.html	/home/fhu_thjen/projects/learning-java/22-functional-interface/anki/code-question.tsv	13
ok	200	official Java/Oracle documentation	https://docs.oracle.com/en/java/javase/21/docs/api/java.base/java/util/function/package-summary.html	/home/fhu_thjen/projects/learning-java/22-functional-interface/anki/code-question.tsv	14
ok	200	official Java/Oracle documentation	https://docs.oracle.com/en/java/javase/21/docs/api/java.base/java/lang/FunctionalInterface.html	/home/fhu_thjen/projects/learning-java/22-functional-interface/anki/code-question.tsv	15
ok	200	official Java/Oracle documentation	https://docs.oracle.com/en/java/javase/21/docs/api/java.base/java/lang/FunctionalInterface.html	/home/fhu_thjen/projects/learning-java/22-functional-interface/anki/code-question.tsv	16
ok	200	official Java/Oracle documentation	https://docs.oracle.com/en/java/javase/21/docs/api/java.base/java/util/function/package-summary.html	/home/fhu_thjen/projects/learning-java/22-functional-interface/anki/code-question.tsv	17
ok	200	official Java/Oracle documentation	https://docs.oracle.com/en/java/javase/21/docs/api/java.base/java/util/function/package-summary.html	/home/fhu_thjen/projects/learning-java/22-functional-interface/anki/code-question.tsv	18
ok	200	official Java/Oracle documentation	https://docs.oracle.com/en/java/javase/21/docs/api/java.base/java/util/function/package-summary.html	/home/fhu_thjen/projects/learning-java/22-functional-interface/anki/code-question.tsv	19
ok	200	official Java/Oracle documentation	https://docs.oracle.com/en/java/javase/21/docs/api/java.base/java/util/function/package-summary.html	/home/fhu_thjen/projects/learning-java/22-functional-interface/anki/code-question.tsv	20
ok	200	official Java/Oracle documentation	https://docs.oracle.com/en/java/javase/21/docs/api/java.base/java/util/stream/Stream.html#peek(java.util.function.Consumer	/home/fhu_thjen/projects/learning-java/23-stream-api/anki/basic-extra.tsv	2
ok	200	official Java/Oracle documentation	https://docs.oracle.com/en/java/javase/21/docs/api/java.base/java/util/stream/package-summary.html	/home/fhu_thjen/projects/learning-java/23-stream-api/anki/basic-extra.tsv	3
ok	200	official Java/Oracle documentation	https://docs.oracle.com/en/java/javase/21/docs/api/java.base/java/util/stream/Stream.html#flatMap(java.util.function.Function	/home/fhu_thjen/projects/learning-java/23-stream-api/anki/basic-extra.tsv	4
ok	200	official Java/Oracle documentation	https://docs.oracle.com/en/java/javase/21/docs/api/java.base/java/util/stream/package-summary.html	/home/fhu_thjen/projects/learning-java/23-stream-api/anki/basic-extra.tsv	5
ok	200	official Java/Oracle documentation	https://docs.oracle.com/en/java/javase/21/docs/api/java.base/java/util/stream/IntStream.html	/home/fhu_thjen/projects/learning-java/23-stream-api/anki/basic-extra.tsv	6
ok	200	official Java/Oracle documentation	https://docs.oracle.com/en/java/javase/21/docs/api/java.base/java/util/stream/Collectors.html#partitioningBy(java.util.function.Predicate	/home/fhu_thjen/projects/learning-java/23-stream-api/anki/basic-extra.tsv	7
ok	200	official Java/Oracle documentation	https://docs.oracle.com/en/java/javase/21/docs/api/java.base/java/util/concurrent/ForkJoinPool.html	/home/fhu_thjen/projects/learning-java/23-stream-api/anki/basic-extra.tsv	8
ok	200	official Java/Oracle documentation	https://docs.oracle.com/en/java/javase/21/docs/api/java.base/java/util/stream/Collectors.html#groupingBy(java.util.function.Function	/home/fhu_thjen/projects/learning-java/23-stream-api/anki/basic-extra.tsv	9
ok	200	official Java/Oracle documentation	https://docs.oracle.com/en/java/javase/21/docs/api/java.base/java/util/stream/Stream.html#anyMatch(java.util.function.Predicate	/home/fhu_thjen/projects/learning-java/23-stream-api/anki/basic-extra.tsv	10
ok	200	official Java/Oracle documentation	https://docs.oracle.com/en/java/javase/21/docs/api/java.base/java/util/stream/Collectors.html#toMap(java.util.function.Function,java.util.function.Function	/home/fhu_thjen/projects/learning-java/23-stream-api/anki/basic-extra.tsv	11
ok	200	official Java/Oracle documentation	https://docs.oracle.com/en/java/javase/21/docs/api/java.base/java/util/stream/Stream.html#sorted(	/home/fhu_thjen/projects/learning-java/23-stream-api/anki/basic-extra.tsv	12
ok	200	official Java/Oracle documentation	https://docs.oracle.com/en/java/javase/21/docs/api/java.base/java/util/Arrays.html#stream(int%5B%5D	/home/fhu_thjen/projects/learning-java/23-stream-api/anki/basic-extra.tsv	13
ok	200	official Java/Oracle documentation	https://docs.oracle.com/en/java/javase/21/docs/api/java.base/java/util/stream/package-summary.html	/home/fhu_thjen/projects/learning-java/23-stream-api/anki/basic.tsv	2
ok	200	official Java/Oracle documentation	https://docs.oracle.com/en/java/javase/21/docs/api/java.base/java/util/stream/package-summary.html	/home/fhu_thjen/projects/learning-java/23-stream-api/anki/basic.tsv	3
ok	200	official Java/Oracle documentation	https://docs.oracle.com/en/java/javase/21/docs/api/java.base/java/util/stream/package-summary.html	/home/fhu_thjen/projects/learning-java/23-stream-api/anki/basic.tsv	4
ok	200	official Java/Oracle documentation	https://docs.oracle.com/en/java/javase/21/docs/api/java.base/java/util/stream/package-summary.html	/home/fhu_thjen/projects/learning-java/23-stream-api/anki/basic.tsv	5
ok	200	official Java/Oracle documentation	https://docs.oracle.com/en/java/javase/21/docs/api/java.base/java/util/stream/Stream.html#flatMap(java.util.function.Function	/home/fhu_thjen/projects/learning-java/23-stream-api/anki/basic.tsv	6
ok	200	official Java/Oracle documentation	https://docs.oracle.com/en/java/javase/21/docs/api/java.base/java/util/stream/Stream.html#sorted(	/home/fhu_thjen/projects/learning-java/23-stream-api/anki/basic.tsv	7
ok	200	official Java/Oracle documentation	https://docs.oracle.com/en/java/javase/21/docs/api/java.base/java/util/stream/Stream.html#peek(java.util.function.Consumer	/home/fhu_thjen/projects/learning-java/23-stream-api/anki/basic.tsv	8
ok	200	official Java/Oracle documentation	https://docs.oracle.com/en/java/javase/21/docs/api/java.base/java/util/stream/Stream.html#peek(java.util.function.Consumer	/home/fhu_thjen/projects/learning-java/23-stream-api/anki/basic.tsv	9
ok	200	official Java/Oracle documentation	https://docs.oracle.com/en/java/javase/21/docs/api/java.base/java/util/stream/IntStream.html	/home/fhu_thjen/projects/learning-java/23-stream-api/anki/basic.tsv	10
ok	200	official Java/Oracle documentation	https://docs.oracle.com/en/java/javase/21/docs/api/java.base/java/util/stream/package-summary.html	/home/fhu_thjen/projects/learning-java/23-stream-api/anki/basic.tsv	11
ok	200	official Java/Oracle documentation	https://docs.oracle.com/en/java/javase/21/docs/api/java.base/java/util/stream/package-summary.html	/home/fhu_thjen/projects/learning-java/23-stream-api/anki/basic.tsv	12
ok	200	official Java/Oracle documentation	https://docs.oracle.com/en/java/javase/21/docs/api/java.base/java/util/stream/package-summary.html	/home/fhu_thjen/projects/learning-java/23-stream-api/anki/basic.tsv	13
ok	200	official Java/Oracle documentation	https://docs.oracle.com/en/java/javase/21/docs/api/java.base/java/util/stream/Collectors.html#partitioningBy(java.util.function.Predicate	/home/fhu_thjen/projects/learning-java/23-stream-api/anki/basic.tsv	14
ok	200	official Java/Oracle documentation	https://docs.oracle.com/en/java/javase/21/docs/api/java.base/java/util/stream/Collectors.html#partitioningBy(java.util.function.Predicate	/home/fhu_thjen/projects/learning-java/23-stream-api/anki/basic.tsv	15
ok	200	official Java/Oracle documentation	https://docs.oracle.com/en/java/javase/21/docs/api/java.base/java/util/stream/Collectors.html#toMap(java.util.function.Function,java.util.function.Function	/home/fhu_thjen/projects/learning-java/23-stream-api/anki/basic.tsv	16
ok	200	official Java/Oracle documentation	https://docs.oracle.com/en/java/javase/21/docs/api/java.base/java/util/stream/Stream.html#toList(	/home/fhu_thjen/projects/learning-java/23-stream-api/anki/basic.tsv	17
ok	200	official Java/Oracle documentation	https://docs.oracle.com/en/java/javase/21/docs/api/java.base/java/util/stream/package-summary.html	/home/fhu_thjen/projects/learning-java/23-stream-api/anki/cloze.tsv	2
ok	200	official Java/Oracle documentation	https://docs.oracle.com/en/java/javase/21/docs/api/java.base/java/util/stream/Stream.html#peek(java.util.function.Consumer	/home/fhu_thjen/projects/learning-java/23-stream-api/anki/cloze.tsv	3
ok	200	official Java/Oracle documentation	https://docs.oracle.com/en/java/javase/21/docs/api/java.base/java/util/stream/Stream.html#flatMap(java.util.function.Function	/home/fhu_thjen/projects/learning-java/23-stream-api/anki/cloze.tsv	4
ok	200	official Java/Oracle documentation	https://docs.oracle.com/en/java/javase/21/docs/api/java.base/java/util/stream/IntStream.html	/home/fhu_thjen/projects/learning-java/23-stream-api/anki/cloze.tsv	5
ok	200	official Java/Oracle documentation	https://docs.oracle.com/en/java/javase/21/docs/api/java.base/java/util/concurrent/ForkJoinPool.html	/home/fhu_thjen/projects/learning-java/23-stream-api/anki/cloze.tsv	6
ok	200	official Java/Oracle documentation	https://docs.oracle.com/en/java/javase/21/docs/api/java.base/java/util/stream/Collectors.html#partitioningBy(java.util.function.Predicate	/home/fhu_thjen/projects/learning-java/23-stream-api/anki/cloze.tsv	7
ok	200	official Java/Oracle documentation	https://docs.oracle.com/en/java/javase/21/docs/api/java.base/java/util/stream/package-summary.html	/home/fhu_thjen/projects/learning-java/23-stream-api/anki/cloze.tsv	8
ok	200	official Java/Oracle documentation	https://docs.oracle.com/en/java/javase/21/docs/api/java.base/java/util/stream/Stream.html#sorted(	/home/fhu_thjen/projects/learning-java/23-stream-api/anki/cloze.tsv	9
ok	200	official Java/Oracle documentation	https://docs.oracle.com/en/java/javase/21/docs/api/java.base/java/util/stream/package-summary.html	/home/fhu_thjen/projects/learning-java/23-stream-api/anki/cloze.tsv	10
ok	200	official Java/Oracle documentation	https://docs.oracle.com/en/java/javase/21/docs/api/java.base/java/util/stream/Collectors.html#toMap(java.util.function.Function,java.util.function.Function	/home/fhu_thjen/projects/learning-java/23-stream-api/anki/cloze.tsv	11
ok	200	official Java/Oracle documentation	https://docs.oracle.com/en/java/javase/21/docs/api/java.base/java/util/stream/package-summary.html	/home/fhu_thjen/projects/learning-java/23-stream-api/anki/cloze.tsv	12
ok	200	official Java/Oracle documentation	https://docs.oracle.com/en/java/javase/21/docs/api/java.base/java/util/stream/IntStream.html	/home/fhu_thjen/projects/learning-java/23-stream-api/anki/cloze.tsv	13
ok	200	official Java/Oracle documentation	https://docs.oracle.com/en/java/javase/21/docs/api/java.base/java/util/stream/Stream.html#peek(java.util.function.Consumer	/home/fhu_thjen/projects/learning-java/23-stream-api/anki/code-question.tsv	2
ok	200	official Java/Oracle documentation	https://docs.oracle.com/en/java/javase/21/docs/api/java.base/java/util/stream/package-summary.html	/home/fhu_thjen/projects/learning-java/23-stream-api/anki/code-question.tsv	3
ok	200	official Java/Oracle documentation	https://docs.oracle.com/en/java/javase/21/docs/api/java.base/java/util/stream/Stream.html#of(T	/home/fhu_thjen/projects/learning-java/23-stream-api/anki/code-question.tsv	4
ok	200	official Java/Oracle documentation	https://docs.oracle.com/en/java/javase/21/docs/api/java.base/java/util/stream/Stream.html#flatMap(java.util.function.Function	/home/fhu_thjen/projects/learning-java/23-stream-api/anki/code-question.tsv	5
ok	200	official Java/Oracle documentation	https://docs.oracle.com/en/java/javase/21/docs/api/java.base/java/util/stream/Collectors.html#toMap(java.util.function.Function,java.util.function.Function	/home/fhu_thjen/projects/learning-java/23-stream-api/anki/code-question.tsv	6
ok	200	official Java/Oracle documentation	https://docs.oracle.com/en/java/javase/21/docs/api/java.base/java/util/stream/Collectors.html#partitioningBy(java.util.function.Predicate	/home/fhu_thjen/projects/learning-java/23-stream-api/anki/code-question.tsv	7
ok	200	official Java/Oracle documentation	https://docs.oracle.com/en/java/javase/21/docs/api/java.base/java/util/stream/Stream.html#anyMatch(java.util.function.Predicate	/home/fhu_thjen/projects/learning-java/23-stream-api/anki/code-question.tsv	8
ok	200	official Java/Oracle documentation	https://docs.oracle.com/en/java/javase/21/docs/api/java.base/java/util/stream/Stream.html#count(	/home/fhu_thjen/projects/learning-java/23-stream-api/anki/code-question.tsv	9
ok	200	official Java/Oracle documentation	https://docs.oracle.com/en/java/javase/21/docs/api/java.base/java/util/stream/package-summary.html	/home/fhu_thjen/projects/learning-java/23-stream-api/anki/code-question.tsv	10
ok	200	official Java/Oracle documentation	https://docs.oracle.com/en/java/javase/21/docs/api/java.base/java/util/stream/Stream.html#toList(	/home/fhu_thjen/projects/learning-java/23-stream-api/anki/code-question.tsv	11
ok	200	official Java/Oracle documentation	https://docs.oracle.com/en/java/javase/21/docs/api/java.base/java/util/stream/IntStream.html	/home/fhu_thjen/projects/learning-java/23-stream-api/anki/code-question.tsv	12
ok	200	official Java/Oracle documentation	https://docs.oracle.com/en/java/javase/21/docs/api/java.base/java/util/stream/Collectors.html#groupingBy(java.util.function.Function	/home/fhu_thjen/projects/learning-java/23-stream-api/anki/code-question.tsv	13
ok	200	official Java/Oracle documentation	https://docs.oracle.com/en/java/javase/21/docs/api/java.base/java/util/Optional.html	/home/fhu_thjen/projects/learning-java/24-optional/anki/basic-extra.tsv	2
ok	200	official Java/Oracle documentation	https://docs.oracle.com/en/java/javase/21/docs/api/java.base/java/util/Optional.html	/home/fhu_thjen/projects/learning-java/24-optional/anki/basic-extra.tsv	3
ok	200	official Java/Oracle documentation	https://docs.oracle.com/en/java/javase/21/docs/api/java.base/java/util/Optional.html	/home/fhu_thjen/projects/learning-java/24-optional/anki/basic-extra.tsv	4
ok	200	official Java/Oracle documentation	https://docs.oracle.com/en/java/javase/21/docs/api/java.base/java/util/Optional.html	/home/fhu_thjen/projects/learning-java/24-optional/anki/basic-extra.tsv	5
ok	200	official Java/Oracle documentation	https://docs.oracle.com/en/java/javase/21/docs/api/java.base/java/util/Optional.html	/home/fhu_thjen/projects/learning-java/24-optional/anki/basic-extra.tsv	6
ok	200	official Java/Oracle documentation	https://docs.oracle.com/en/java/javase/21/docs/api/java.base/java/util/Optional.html	/home/fhu_thjen/projects/learning-java/24-optional/anki/basic-extra.tsv	7
ok	200	official Java/Oracle documentation	https://docs.oracle.com/en/java/javase/21/docs/api/java.base/java/util/Optional.html	/home/fhu_thjen/projects/learning-java/24-optional/anki/basic-extra.tsv	8
ok	200	official Java/Oracle documentation	https://docs.oracle.com/en/java/javase/21/docs/api/java.base/java/util/Optional.html	/home/fhu_thjen/projects/learning-java/24-optional/anki/basic-extra.tsv	9
ok	200	official Java/Oracle documentation	https://docs.oracle.com/en/java/javase/21/docs/api/java.base/java/util/Optional.html	/home/fhu_thjen/projects/learning-java/24-optional/anki/basic-extra.tsv	10
ok	200	official Java/Oracle documentation	https://docs.oracle.com/en/java/javase/21/docs/api/java.base/java/util/Optional.html	/home/fhu_thjen/projects/learning-java/24-optional/anki/basic-extra.tsv	11
ok	200	official Java/Oracle documentation	https://docs.oracle.com/en/java/javase/21/docs/api/java.base/java/util/Optional.html	/home/fhu_thjen/projects/learning-java/24-optional/anki/basic-extra.tsv	12
ok	200	official Java/Oracle documentation	https://docs.oracle.com/en/java/javase/21/docs/api/java.base/java/util/Optional.html	/home/fhu_thjen/projects/learning-java/24-optional/anki/basic-extra.tsv	13
ok	200	official Java/Oracle documentation	https://docs.oracle.com/en/java/javase/21/docs/api/java.base/java/util/Optional.html	/home/fhu_thjen/projects/learning-java/24-optional/anki/basic-extra.tsv	14
ok	200	official Java/Oracle documentation	https://docs.oracle.com/en/java/javase/21/docs/api/java.base/java/util/Optional.html	/home/fhu_thjen/projects/learning-java/24-optional/anki/basic-extra.tsv	15
ok	200	official Java/Oracle documentation	https://docs.oracle.com/en/java/javase/21/docs/api/java.base/java/util/Optional.html	/home/fhu_thjen/projects/learning-java/24-optional/anki/basic-extra.tsv	16
ok	200	official Java/Oracle documentation	https://docs.oracle.com/en/java/javase/21/docs/api/java.base/java/util/Optional.html	/home/fhu_thjen/projects/learning-java/24-optional/anki/basic-extra.tsv	17
ok	200	official Java/Oracle documentation	https://docs.oracle.com/en/java/javase/21/docs/api/java.base/java/util/Optional.html	/home/fhu_thjen/projects/learning-java/24-optional/anki/basic-extra.tsv	18
ok	200	official Java/Oracle documentation	https://docs.oracle.com/en/java/javase/21/docs/api/java.base/java/util/Optional.html	/home/fhu_thjen/projects/learning-java/24-optional/anki/basic-extra.tsv	19
ok	200	official Java/Oracle documentation	https://docs.oracle.com/en/java/javase/21/docs/api/java.base/java/util/Optional.html#orElseGet(java.util.function.Supplier	/home/fhu_thjen/projects/learning-java/24-optional/anki/basic-extra.tsv	20
ok	200	official Java/Oracle documentation	https://docs.oracle.com/en/java/javase/21/docs/api/java.base/java/util/Optional.html#flatMap(java.util.function.Function	/home/fhu_thjen/projects/learning-java/24-optional/anki/basic-extra.tsv	21
ok	200	official Java/Oracle documentation	https://docs.oracle.com/en/java/javase/21/docs/api/java.base/java/util/Optional.html	/home/fhu_thjen/projects/learning-java/24-optional/anki/basic.tsv	2
ok	200	official Java/Oracle documentation	https://docs.oracle.com/en/java/javase/21/docs/api/java.base/java/util/Optional.html	/home/fhu_thjen/projects/learning-java/24-optional/anki/basic.tsv	3
ok	200	official Java/Oracle documentation	https://docs.oracle.com/en/java/javase/21/docs/api/java.base/java/util/Optional.html	/home/fhu_thjen/projects/learning-java/24-optional/anki/basic.tsv	4
ok	200	official Java/Oracle documentation	https://docs.oracle.com/en/java/javase/21/docs/api/java.base/java/util/Optional.html	/home/fhu_thjen/projects/learning-java/24-optional/anki/basic.tsv	5
ok	200	official Java/Oracle documentation	https://docs.oracle.com/en/java/javase/21/docs/api/java.base/java/util/Optional.html	/home/fhu_thjen/projects/learning-java/24-optional/anki/basic.tsv	6
ok	200	official Java/Oracle documentation	https://docs.oracle.com/en/java/javase/21/docs/api/java.base/java/util/Optional.html	/home/fhu_thjen/projects/learning-java/24-optional/anki/basic.tsv	7
ok	200	official Java/Oracle documentation	https://docs.oracle.com/en/java/javase/21/docs/api/java.base/java/util/Optional.html	/home/fhu_thjen/projects/learning-java/24-optional/anki/basic.tsv	8
ok	200	official Java/Oracle documentation	https://docs.oracle.com/en/java/javase/21/docs/api/java.base/java/util/Optional.html	/home/fhu_thjen/projects/learning-java/24-optional/anki/basic.tsv	9
ok	200	official Java/Oracle documentation	https://docs.oracle.com/en/java/javase/21/docs/api/java.base/java/util/Optional.html	/home/fhu_thjen/projects/learning-java/24-optional/anki/basic.tsv	10
ok	200	official Java/Oracle documentation	https://docs.oracle.com/en/java/javase/21/docs/api/java.base/java/util/Optional.html	/home/fhu_thjen/projects/learning-java/24-optional/anki/basic.tsv	11
ok	200	official Java/Oracle documentation	https://docs.oracle.com/en/java/javase/21/docs/api/java.base/java/util/Optional.html	/home/fhu_thjen/projects/learning-java/24-optional/anki/basic.tsv	12
ok	200	official Java/Oracle documentation	https://docs.oracle.com/en/java/javase/21/docs/api/java.base/java/util/Optional.html	/home/fhu_thjen/projects/learning-java/24-optional/anki/basic.tsv	13
ok	200	official Java/Oracle documentation	https://docs.oracle.com/en/java/javase/21/docs/api/java.base/java/util/Optional.html	/home/fhu_thjen/projects/learning-java/24-optional/anki/basic.tsv	14
ok	200	official Java/Oracle documentation	https://docs.oracle.com/en/java/javase/21/docs/api/java.base/java/util/Optional.html	/home/fhu_thjen/projects/learning-java/24-optional/anki/basic.tsv	15
ok	200	official Java/Oracle documentation	https://docs.oracle.com/en/java/javase/21/docs/api/java.base/java/util/Optional.html	/home/fhu_thjen/projects/learning-java/24-optional/anki/basic.tsv	16
ok	200	official Java/Oracle documentation	https://docs.oracle.com/en/java/javase/21/docs/api/java.base/java/util/Optional.html	/home/fhu_thjen/projects/learning-java/24-optional/anki/basic.tsv	17
ok	200	official Java/Oracle documentation	https://docs.oracle.com/en/java/javase/21/docs/api/java.base/java/util/Optional.html	/home/fhu_thjen/projects/learning-java/24-optional/anki/basic.tsv	18
ok	200	official Java/Oracle documentation	https://docs.oracle.com/en/java/javase/21/docs/api/java.base/java/util/Optional.html	/home/fhu_thjen/projects/learning-java/24-optional/anki/basic.tsv	19
ok	200	official Java/Oracle documentation	https://docs.oracle.com/en/java/javase/21/docs/api/java.base/java/util/Optional.html	/home/fhu_thjen/projects/learning-java/24-optional/anki/basic.tsv	20
ok	200	official Java/Oracle documentation	https://docs.oracle.com/en/java/javase/21/docs/api/java.base/java/util/Optional.html	/home/fhu_thjen/projects/learning-java/24-optional/anki/basic.tsv	21
ok	200	official Java/Oracle documentation	https://docs.oracle.com/en/java/javase/21/docs/api/java.base/java/util/Optional.html	/home/fhu_thjen/projects/learning-java/24-optional/anki/basic.tsv	22
ok	200	official Java/Oracle documentation	https://docs.oracle.com/en/java/javase/21/docs/api/java.base/java/util/Optional.html	/home/fhu_thjen/projects/learning-java/24-optional/anki/basic.tsv	23
ok	200	official Java/Oracle documentation	https://docs.oracle.com/en/java/javase/21/docs/api/java.base/java/util/Optional.html	/home/fhu_thjen/projects/learning-java/24-optional/anki/basic.tsv	24
ok	200	official Java/Oracle documentation	https://docs.oracle.com/en/java/javase/21/docs/api/java.base/java/util/Optional.html	/home/fhu_thjen/projects/learning-java/24-optional/anki/basic.tsv	25
ok	200	official Java/Oracle documentation	https://docs.oracle.com/en/java/javase/21/docs/api/java.base/java/util/Optional.html	/home/fhu_thjen/projects/learning-java/24-optional/anki/basic.tsv	26
ok	200	official Java/Oracle documentation	https://docs.oracle.com/en/java/javase/21/docs/api/java.base/java/util/Optional.html	/home/fhu_thjen/projects/learning-java/24-optional/anki/basic.tsv	27
ok	200	official Java/Oracle documentation	https://docs.oracle.com/en/java/javase/21/docs/api/java.base/java/util/Optional.html	/home/fhu_thjen/projects/learning-java/24-optional/anki/basic.tsv	28
ok	200	official Java/Oracle documentation	https://docs.oracle.com/en/java/javase/21/docs/api/java.base/java/util/Optional.html	/home/fhu_thjen/projects/learning-java/24-optional/anki/basic.tsv	29
ok	200	official Java/Oracle documentation	https://docs.oracle.com/en/java/javase/21/docs/api/java.base/java/util/Optional.html	/home/fhu_thjen/projects/learning-java/24-optional/anki/basic.tsv	30
ok	200	official Java/Oracle documentation	https://docs.oracle.com/en/java/javase/21/docs/api/java.base/java/util/Optional.html	/home/fhu_thjen/projects/learning-java/24-optional/anki/basic.tsv	31
ok	200	official Java/Oracle documentation	https://docs.oracle.com/en/java/javase/21/docs/api/java.base/java/util/Optional.html#orElse(T	/home/fhu_thjen/projects/learning-java/24-optional/anki/basic.tsv	32
ok	200	official Java/Oracle documentation	https://docs.oracle.com/en/java/javase/21/docs/api/java.base/java/util/Optional.html#flatMap(java.util.function.Function	/home/fhu_thjen/projects/learning-java/24-optional/anki/basic.tsv	33
ok	200	official Java/Oracle documentation	https://docs.oracle.com/en/java/javase/21/docs/api/java.base/java/util/Optional.html	/home/fhu_thjen/projects/learning-java/24-optional/anki/basic.tsv	34
ok	200	official Java/Oracle documentation	https://docs.oracle.com/en/java/javase/21/docs/api/java.base/java/util/Optional.html	/home/fhu_thjen/projects/learning-java/24-optional/anki/basic.tsv	35
ok	200	official Java/Oracle documentation	https://docs.oracle.com/en/java/javase/21/docs/api/java.base/java/util/Optional.html	/home/fhu_thjen/projects/learning-java/24-optional/anki/cloze.tsv	2
ok	200	official Java/Oracle documentation	https://docs.oracle.com/en/java/javase/21/docs/api/java.base/java/util/Optional.html	/home/fhu_thjen/projects/learning-java/24-optional/anki/cloze.tsv	3
ok	200	official Java/Oracle documentation	https://docs.oracle.com/en/java/javase/21/docs/api/java.base/java/util/Optional.html	/home/fhu_thjen/projects/learning-java/24-optional/anki/cloze.tsv	4
ok	200	official Java/Oracle documentation	https://docs.oracle.com/en/java/javase/21/docs/api/java.base/java/util/Optional.html	/home/fhu_thjen/projects/learning-java/24-optional/anki/cloze.tsv	5
ok	200	official Java/Oracle documentation	https://docs.oracle.com/en/java/javase/21/docs/api/java.base/java/util/Optional.html	/home/fhu_thjen/projects/learning-java/24-optional/anki/cloze.tsv	6
ok	200	official Java/Oracle documentation	https://docs.oracle.com/en/java/javase/21/docs/api/java.base/java/util/Optional.html	/home/fhu_thjen/projects/learning-java/24-optional/anki/cloze.tsv	7
ok	200	official Java/Oracle documentation	https://docs.oracle.com/en/java/javase/21/docs/api/java.base/java/util/Optional.html	/home/fhu_thjen/projects/learning-java/24-optional/anki/cloze.tsv	8
ok	200	official Java/Oracle documentation	https://docs.oracle.com/en/java/javase/21/docs/api/java.base/java/util/Optional.html	/home/fhu_thjen/projects/learning-java/24-optional/anki/cloze.tsv	9
ok	200	official Java/Oracle documentation	https://docs.oracle.com/en/java/javase/21/docs/api/java.base/java/util/Optional.html	/home/fhu_thjen/projects/learning-java/24-optional/anki/cloze.tsv	10
ok	200	official Java/Oracle documentation	https://docs.oracle.com/en/java/javase/21/docs/api/java.base/java/util/Optional.html	/home/fhu_thjen/projects/learning-java/24-optional/anki/cloze.tsv	11
ok	200	official Java/Oracle documentation	https://docs.oracle.com/en/java/javase/21/docs/api/java.base/java/util/Optional.html	/home/fhu_thjen/projects/learning-java/24-optional/anki/cloze.tsv	12
ok	200	official Java/Oracle documentation	https://docs.oracle.com/en/java/javase/21/docs/api/java.base/java/util/Optional.html	/home/fhu_thjen/projects/learning-java/24-optional/anki/cloze.tsv	13
ok	200	official Java/Oracle documentation	https://docs.oracle.com/en/java/javase/21/docs/api/java.base/java/util/Optional.html	/home/fhu_thjen/projects/learning-java/24-optional/anki/cloze.tsv	14
ok	200	official Java/Oracle documentation	https://docs.oracle.com/en/java/javase/21/docs/api/java.base/java/util/Optional.html	/home/fhu_thjen/projects/learning-java/24-optional/anki/cloze.tsv	15
ok	200	official Java/Oracle documentation	https://docs.oracle.com/en/java/javase/21/docs/api/java.base/java/util/Optional.html	/home/fhu_thjen/projects/learning-java/24-optional/anki/cloze.tsv	16
ok	200	official Java/Oracle documentation	https://docs.oracle.com/en/java/javase/21/docs/api/java.base/java/util/Optional.html	/home/fhu_thjen/projects/learning-java/24-optional/anki/cloze.tsv	17
ok	200	official Java/Oracle documentation	https://docs.oracle.com/en/java/javase/21/docs/api/java.base/java/util/Optional.html	/home/fhu_thjen/projects/learning-java/24-optional/anki/cloze.tsv	18
ok	200	official Java/Oracle documentation	https://docs.oracle.com/en/java/javase/21/docs/api/java.base/java/util/Optional.html#orElse(T	/home/fhu_thjen/projects/learning-java/24-optional/anki/cloze.tsv	19
ok	200	official Java/Oracle documentation	https://docs.oracle.com/en/java/javase/21/docs/api/java.base/java/util/Optional.html	/home/fhu_thjen/projects/learning-java/24-optional/anki/code-question.tsv	2
ok	200	official Java/Oracle documentation	https://docs.oracle.com/en/java/javase/21/docs/api/java.base/java/util/Optional.html	/home/fhu_thjen/projects/learning-java/24-optional/anki/code-question.tsv	3
ok	200	official Java/Oracle documentation	https://docs.oracle.com/en/java/javase/21/docs/api/java.base/java/util/Optional.html	/home/fhu_thjen/projects/learning-java/24-optional/anki/code-question.tsv	4
ok	200	official Java/Oracle documentation	https://docs.oracle.com/en/java/javase/21/docs/api/java.base/java/util/Optional.html	/home/fhu_thjen/projects/learning-java/24-optional/anki/code-question.tsv	5
ok	200	official Java/Oracle documentation	https://docs.oracle.com/en/java/javase/21/docs/api/java.base/java/util/Optional.html	/home/fhu_thjen/projects/learning-java/24-optional/anki/code-question.tsv	6
ok	200	official Java/Oracle documentation	https://docs.oracle.com/en/java/javase/21/docs/api/java.base/java/util/Optional.html	/home/fhu_thjen/projects/learning-java/24-optional/anki/code-question.tsv	7
ok	200	official Java/Oracle documentation	https://docs.oracle.com/en/java/javase/21/docs/api/java.base/java/util/Optional.html	/home/fhu_thjen/projects/learning-java/24-optional/anki/code-question.tsv	8
ok	200	official Java/Oracle documentation	https://docs.oracle.com/en/java/javase/21/docs/api/java.base/java/util/Optional.html	/home/fhu_thjen/projects/learning-java/24-optional/anki/code-question.tsv	9
ok	200	official Java/Oracle documentation	https://docs.oracle.com/en/java/javase/21/docs/api/java.base/java/util/Optional.html	/home/fhu_thjen/projects/learning-java/24-optional/anki/code-question.tsv	10
ok	200	official Java/Oracle documentation	https://docs.oracle.com/en/java/javase/21/docs/api/java.base/java/util/Optional.html	/home/fhu_thjen/projects/learning-java/24-optional/anki/code-question.tsv	11
ok	200	official Java/Oracle documentation	https://docs.oracle.com/en/java/javase/21/docs/api/java.base/java/util/Optional.html	/home/fhu_thjen/projects/learning-java/24-optional/anki/code-question.tsv	12
ok	200	official Java/Oracle documentation	https://docs.oracle.com/en/java/javase/21/docs/api/java.base/java/util/Optional.html	/home/fhu_thjen/projects/learning-java/24-optional/anki/code-question.tsv	13
ok	200	official Java/Oracle documentation	https://docs.oracle.com/en/java/javase/21/docs/api/java.base/java/util/Optional.html	/home/fhu_thjen/projects/learning-java/24-optional/anki/code-question.tsv	14
ok	200	official Java/Oracle documentation	https://docs.oracle.com/en/java/javase/21/docs/api/java.base/java/util/Optional.html	/home/fhu_thjen/projects/learning-java/24-optional/anki/code-question.tsv	15
ok	200	official Java/Oracle documentation	https://docs.oracle.com/en/java/javase/21/docs/api/java.base/java/util/Optional.html	/home/fhu_thjen/projects/learning-java/24-optional/anki/code-question.tsv	16
ok	200	official Java/Oracle documentation	https://docs.oracle.com/en/java/javase/21/docs/api/java.base/java/util/Optional.html	/home/fhu_thjen/projects/learning-java/24-optional/anki/code-question.tsv	17
ok	200	official Java/Oracle documentation	https://docs.oracle.com/en/java/javase/21/docs/api/java.base/java/util/Optional.html	/home/fhu_thjen/projects/learning-java/24-optional/anki/code-question.tsv	18
ok	200	official Java/Oracle documentation	https://docs.oracle.com/en/java/javase/21/docs/api/java.base/java/util/Optional.html	/home/fhu_thjen/projects/learning-java/24-optional/anki/code-question.tsv	19
ok	200	official Java/Oracle documentation	https://docs.oracle.com/en/java/javase/21/docs/api/java.base/java/util/Optional.html	/home/fhu_thjen/projects/learning-java/24-optional/anki/code-question.tsv	20
ok	200	official Java/Oracle documentation	https://docs.oracle.com/en/java/javase/21/docs/api/java.base/java/util/Optional.html	/home/fhu_thjen/projects/learning-java/24-optional/anki/code-question.tsv	21
ok	200	official Java/Oracle documentation	https://docs.oracle.com/en/java/javase/21/docs/api/java.base/java/util/Optional.html	/home/fhu_thjen/projects/learning-java/24-optional/anki/code-question.tsv	22
ok	200	official Java/Oracle documentation	https://docs.oracle.com/en/java/javase/21/docs/api/java.base/java/util/Optional.html	/home/fhu_thjen/projects/learning-java/24-optional/anki/code-question.tsv	23
ok	200	official Java/Oracle documentation	https://docs.oracle.com/en/java/javase/21/docs/api/java.base/java/util/Optional.html	/home/fhu_thjen/projects/learning-java/24-optional/anki/code-question.tsv	24
ok	200	official Java/Oracle documentation	https://docs.oracle.com/javase/tutorial/datetime/	/home/fhu_thjen/projects/learning-java/25-date-time-api/anki/basic-extra.tsv	2
ok	200	official Java/Oracle documentation	https://docs.oracle.com/javase/tutorial/datetime/	/home/fhu_thjen/projects/learning-java/25-date-time-api/anki/basic-extra.tsv	3
ok	200	official Java/Oracle documentation	https://docs.oracle.com/javase/tutorial/datetime/	/home/fhu_thjen/projects/learning-java/25-date-time-api/anki/basic-extra.tsv	4
ok	200	official Java/Oracle documentation	https://docs.oracle.com/javase/tutorial/datetime/	/home/fhu_thjen/projects/learning-java/25-date-time-api/anki/basic-extra.tsv	5
ok	200	official Java/Oracle documentation	https://docs.oracle.com/javase/tutorial/datetime/	/home/fhu_thjen/projects/learning-java/25-date-time-api/anki/basic-extra.tsv	6
ok	200	official Java/Oracle documentation	https://docs.oracle.com/javase/tutorial/datetime/	/home/fhu_thjen/projects/learning-java/25-date-time-api/anki/basic-extra.tsv	7
ok	200	official Java/Oracle documentation	https://docs.oracle.com/javase/tutorial/datetime/	/home/fhu_thjen/projects/learning-java/25-date-time-api/anki/basic-extra.tsv	8
ok	200	official Java/Oracle documentation	https://docs.oracle.com/javase/tutorial/datetime/	/home/fhu_thjen/projects/learning-java/25-date-time-api/anki/basic-extra.tsv	9
ok	200	official Java/Oracle documentation	https://docs.oracle.com/javase/tutorial/datetime/	/home/fhu_thjen/projects/learning-java/25-date-time-api/anki/basic-extra.tsv	10
ok	200	official Java/Oracle documentation	https://docs.oracle.com/javase/tutorial/datetime/	/home/fhu_thjen/projects/learning-java/25-date-time-api/anki/basic-extra.tsv	11
ok	200	official Java/Oracle documentation	https://docs.oracle.com/javase/tutorial/datetime/	/home/fhu_thjen/projects/learning-java/25-date-time-api/anki/basic-extra.tsv	12
ok	200	official Java/Oracle documentation	https://docs.oracle.com/javase/tutorial/datetime/	/home/fhu_thjen/projects/learning-java/25-date-time-api/anki/basic-extra.tsv	13
ok	200	official Java/Oracle documentation	https://docs.oracle.com/javase/tutorial/datetime/	/home/fhu_thjen/projects/learning-java/25-date-time-api/anki/basic-extra.tsv	14
ok	200	official Java/Oracle documentation	https://docs.oracle.com/javase/tutorial/datetime/	/home/fhu_thjen/projects/learning-java/25-date-time-api/anki/basic-extra.tsv	15
ok	200	official Java/Oracle documentation	https://docs.oracle.com/javase/tutorial/datetime/	/home/fhu_thjen/projects/learning-java/25-date-time-api/anki/basic-extra.tsv	16
ok	200	official Java/Oracle documentation	https://docs.oracle.com/javase/tutorial/datetime/	/home/fhu_thjen/projects/learning-java/25-date-time-api/anki/basic-extra.tsv	17
ok	200	official Java/Oracle documentation	https://docs.oracle.com/javase/tutorial/datetime/	/home/fhu_thjen/projects/learning-java/25-date-time-api/anki/basic-extra.tsv	18
ok	200	official Java/Oracle documentation	https://docs.oracle.com/javase/tutorial/datetime/	/home/fhu_thjen/projects/learning-java/25-date-time-api/anki/basic-extra.tsv	19
ok	200	official Java/Oracle documentation	https://docs.oracle.com/javase/tutorial/datetime/	/home/fhu_thjen/projects/learning-java/25-date-time-api/anki/basic-extra.tsv	20
ok	200	official Java/Oracle documentation	https://docs.oracle.com/javase/tutorial/datetime/	/home/fhu_thjen/projects/learning-java/25-date-time-api/anki/basic-extra.tsv	21
ok	200	official Java/Oracle documentation	https://docs.oracle.com/javase/tutorial/datetime/	/home/fhu_thjen/projects/learning-java/25-date-time-api/anki/basic-extra.tsv	22
ok	200	official Java/Oracle documentation	https://docs.oracle.com/javase/tutorial/datetime/	/home/fhu_thjen/projects/learning-java/25-date-time-api/anki/basic-extra.tsv	23
ok	200	official Java/Oracle documentation	https://docs.oracle.com/javase/tutorial/datetime/	/home/fhu_thjen/projects/learning-java/25-date-time-api/anki/basic-extra.tsv	24
ok	200	official Java/Oracle documentation	https://docs.oracle.com/javase/tutorial/datetime/	/home/fhu_thjen/projects/learning-java/25-date-time-api/anki/basic-extra.tsv	25
ok	200	official Java/Oracle documentation	https://docs.oracle.com/javase/tutorial/datetime/	/home/fhu_thjen/projects/learning-java/25-date-time-api/anki/basic-extra.tsv	26
ok	200	official Java/Oracle documentation	https://docs.oracle.com/javase/tutorial/datetime/	/home/fhu_thjen/projects/learning-java/25-date-time-api/anki/basic-extra.tsv	27
ok	200	official Java/Oracle documentation	https://docs.oracle.com/javase/tutorial/datetime/	/home/fhu_thjen/projects/learning-java/25-date-time-api/anki/basic-extra.tsv	28
ok	200	official Java/Oracle documentation	https://docs.oracle.com/javase/tutorial/datetime/	/home/fhu_thjen/projects/learning-java/25-date-time-api/anki/basic.tsv	2
ok	200	official Java/Oracle documentation	https://docs.oracle.com/javase/tutorial/datetime/	/home/fhu_thjen/projects/learning-java/25-date-time-api/anki/basic.tsv	3
ok	200	official Java/Oracle documentation	https://docs.oracle.com/javase/tutorial/datetime/	/home/fhu_thjen/projects/learning-java/25-date-time-api/anki/basic.tsv	4
ok	200	official Java/Oracle documentation	https://docs.oracle.com/javase/tutorial/datetime/	/home/fhu_thjen/projects/learning-java/25-date-time-api/anki/basic.tsv	5
ok	200	official Java/Oracle documentation	https://docs.oracle.com/javase/tutorial/datetime/	/home/fhu_thjen/projects/learning-java/25-date-time-api/anki/basic.tsv	6
ok	200	official Java/Oracle documentation	https://docs.oracle.com/javase/tutorial/datetime/	/home/fhu_thjen/projects/learning-java/25-date-time-api/anki/basic.tsv	7
ok	200	official Java/Oracle documentation	https://docs.oracle.com/javase/tutorial/datetime/	/home/fhu_thjen/projects/learning-java/25-date-time-api/anki/basic.tsv	8
ok	200	official Java/Oracle documentation	https://docs.oracle.com/javase/tutorial/datetime/	/home/fhu_thjen/projects/learning-java/25-date-time-api/anki/basic.tsv	9
ok	200	official Java/Oracle documentation	https://docs.oracle.com/javase/tutorial/datetime/	/home/fhu_thjen/projects/learning-java/25-date-time-api/anki/basic.tsv	10
ok	200	official Java/Oracle documentation	https://docs.oracle.com/javase/tutorial/datetime/	/home/fhu_thjen/projects/learning-java/25-date-time-api/anki/basic.tsv	11
ok	200	official Java/Oracle documentation	https://docs.oracle.com/javase/tutorial/datetime/	/home/fhu_thjen/projects/learning-java/25-date-time-api/anki/basic.tsv	12
ok	200	official Java/Oracle documentation	https://docs.oracle.com/javase/tutorial/datetime/	/home/fhu_thjen/projects/learning-java/25-date-time-api/anki/basic.tsv	13
ok	200	official Java/Oracle documentation	https://docs.oracle.com/javase/tutorial/datetime/	/home/fhu_thjen/projects/learning-java/25-date-time-api/anki/basic.tsv	14
ok	200	official Java/Oracle documentation	https://docs.oracle.com/javase/tutorial/datetime/	/home/fhu_thjen/projects/learning-java/25-date-time-api/anki/basic.tsv	15
ok	200	official Java/Oracle documentation	https://docs.oracle.com/javase/tutorial/datetime/	/home/fhu_thjen/projects/learning-java/25-date-time-api/anki/basic.tsv	16
ok	200	official Java/Oracle documentation	https://docs.oracle.com/javase/tutorial/datetime/	/home/fhu_thjen/projects/learning-java/25-date-time-api/anki/basic.tsv	17
ok	200	official Java/Oracle documentation	https://docs.oracle.com/javase/tutorial/datetime/	/home/fhu_thjen/projects/learning-java/25-date-time-api/anki/basic.tsv	18
ok	200	official Java/Oracle documentation	https://docs.oracle.com/javase/tutorial/datetime/	/home/fhu_thjen/projects/learning-java/25-date-time-api/anki/basic.tsv	19
ok	200	official Java/Oracle documentation	https://docs.oracle.com/javase/tutorial/datetime/	/home/fhu_thjen/projects/learning-java/25-date-time-api/anki/basic.tsv	20
ok	200	official Java/Oracle documentation	https://docs.oracle.com/javase/tutorial/datetime/	/home/fhu_thjen/projects/learning-java/25-date-time-api/anki/basic.tsv	21
ok	200	official Java/Oracle documentation	https://docs.oracle.com/javase/tutorial/datetime/	/home/fhu_thjen/projects/learning-java/25-date-time-api/anki/basic.tsv	22
ok	200	official Java/Oracle documentation	https://docs.oracle.com/javase/tutorial/datetime/	/home/fhu_thjen/projects/learning-java/25-date-time-api/anki/basic.tsv	23
ok	200	official Java/Oracle documentation	https://docs.oracle.com/javase/tutorial/datetime/	/home/fhu_thjen/projects/learning-java/25-date-time-api/anki/basic.tsv	24
ok	200	official Java/Oracle documentation	https://docs.oracle.com/javase/tutorial/datetime/	/home/fhu_thjen/projects/learning-java/25-date-time-api/anki/basic.tsv	25
ok	200	official Java/Oracle documentation	https://docs.oracle.com/javase/tutorial/datetime/	/home/fhu_thjen/projects/learning-java/25-date-time-api/anki/basic.tsv	26
ok	200	official Java/Oracle documentation	https://docs.oracle.com/javase/tutorial/datetime/	/home/fhu_thjen/projects/learning-java/25-date-time-api/anki/basic.tsv	27
ok	200	official Java/Oracle documentation	https://docs.oracle.com/javase/tutorial/datetime/	/home/fhu_thjen/projects/learning-java/25-date-time-api/anki/basic.tsv	28
ok	200	official Java/Oracle documentation	https://docs.oracle.com/javase/tutorial/datetime/	/home/fhu_thjen/projects/learning-java/25-date-time-api/anki/basic.tsv	29
ok	200	official Java/Oracle documentation	https://docs.oracle.com/javase/tutorial/datetime/	/home/fhu_thjen/projects/learning-java/25-date-time-api/anki/basic.tsv	30
ok	200	official Java/Oracle documentation	https://docs.oracle.com/javase/tutorial/datetime/	/home/fhu_thjen/projects/learning-java/25-date-time-api/anki/basic.tsv	31
ok	200	official Java/Oracle documentation	https://docs.oracle.com/javase/tutorial/datetime/	/home/fhu_thjen/projects/learning-java/25-date-time-api/anki/basic.tsv	32
ok	200	official Java/Oracle documentation	https://docs.oracle.com/javase/tutorial/datetime/	/home/fhu_thjen/projects/learning-java/25-date-time-api/anki/basic.tsv	33
ok	200	official Java/Oracle documentation	https://docs.oracle.com/javase/tutorial/datetime/	/home/fhu_thjen/projects/learning-java/25-date-time-api/anki/basic.tsv	34
ok	200	official Java/Oracle documentation	https://docs.oracle.com/javase/tutorial/datetime/	/home/fhu_thjen/projects/learning-java/25-date-time-api/anki/basic.tsv	35
ok	200	official Java/Oracle documentation	https://docs.oracle.com/javase/tutorial/datetime/	/home/fhu_thjen/projects/learning-java/25-date-time-api/anki/basic.tsv	36
ok	200	official Java/Oracle documentation	https://docs.oracle.com/javase/tutorial/datetime/	/home/fhu_thjen/projects/learning-java/25-date-time-api/anki/basic.tsv	37
ok	200	official Java/Oracle documentation	https://docs.oracle.com/javase/tutorial/datetime/	/home/fhu_thjen/projects/learning-java/25-date-time-api/anki/basic.tsv	38
ok	200	official Java/Oracle documentation	https://docs.oracle.com/javase/tutorial/datetime/	/home/fhu_thjen/projects/learning-java/25-date-time-api/anki/basic.tsv	39
ok	200	official Java/Oracle documentation	https://docs.oracle.com/javase/tutorial/datetime/	/home/fhu_thjen/projects/learning-java/25-date-time-api/anki/basic.tsv	40
ok	200	official Java/Oracle documentation	https://docs.oracle.com/javase/tutorial/datetime/	/home/fhu_thjen/projects/learning-java/25-date-time-api/anki/basic.tsv	41
ok	200	official Java/Oracle documentation	https://docs.oracle.com/javase/tutorial/datetime/	/home/fhu_thjen/projects/learning-java/25-date-time-api/anki/cloze.tsv	2
ok	200	official Java/Oracle documentation	https://docs.oracle.com/javase/tutorial/datetime/	/home/fhu_thjen/projects/learning-java/25-date-time-api/anki/cloze.tsv	3
ok	200	official Java/Oracle documentation	https://docs.oracle.com/javase/tutorial/datetime/	/home/fhu_thjen/projects/learning-java/25-date-time-api/anki/cloze.tsv	4
ok	200	official Java/Oracle documentation	https://docs.oracle.com/javase/tutorial/datetime/	/home/fhu_thjen/projects/learning-java/25-date-time-api/anki/cloze.tsv	5
ok	200	official Java/Oracle documentation	https://docs.oracle.com/javase/tutorial/datetime/	/home/fhu_thjen/projects/learning-java/25-date-time-api/anki/cloze.tsv	6
ok	200	official Java/Oracle documentation	https://docs.oracle.com/javase/tutorial/datetime/	/home/fhu_thjen/projects/learning-java/25-date-time-api/anki/cloze.tsv	7
ok	200	official Java/Oracle documentation	https://docs.oracle.com/javase/tutorial/datetime/	/home/fhu_thjen/projects/learning-java/25-date-time-api/anki/cloze.tsv	8
ok	200	official Java/Oracle documentation	https://docs.oracle.com/javase/tutorial/datetime/	/home/fhu_thjen/projects/learning-java/25-date-time-api/anki/cloze.tsv	9
ok	200	official Java/Oracle documentation	https://docs.oracle.com/javase/tutorial/datetime/	/home/fhu_thjen/projects/learning-java/25-date-time-api/anki/cloze.tsv	10
ok	200	official Java/Oracle documentation	https://docs.oracle.com/javase/tutorial/datetime/	/home/fhu_thjen/projects/learning-java/25-date-time-api/anki/cloze.tsv	11
ok	200	official Java/Oracle documentation	https://docs.oracle.com/javase/tutorial/datetime/	/home/fhu_thjen/projects/learning-java/25-date-time-api/anki/cloze.tsv	12
ok	200	official Java/Oracle documentation	https://docs.oracle.com/javase/tutorial/datetime/	/home/fhu_thjen/projects/learning-java/25-date-time-api/anki/cloze.tsv	13
ok	200	official Java/Oracle documentation	https://docs.oracle.com/javase/tutorial/datetime/	/home/fhu_thjen/projects/learning-java/25-date-time-api/anki/cloze.tsv	14
ok	200	official Java/Oracle documentation	https://docs.oracle.com/javase/tutorial/datetime/	/home/fhu_thjen/projects/learning-java/25-date-time-api/anki/cloze.tsv	15
ok	200	official Java/Oracle documentation	https://docs.oracle.com/javase/tutorial/datetime/	/home/fhu_thjen/projects/learning-java/25-date-time-api/anki/cloze.tsv	16
ok	200	official Java/Oracle documentation	https://docs.oracle.com/javase/tutorial/datetime/	/home/fhu_thjen/projects/learning-java/25-date-time-api/anki/cloze.tsv	17
ok	200	official Java/Oracle documentation	https://docs.oracle.com/javase/tutorial/datetime/	/home/fhu_thjen/projects/learning-java/25-date-time-api/anki/cloze.tsv	18
ok	200	official Java/Oracle documentation	https://docs.oracle.com/javase/tutorial/datetime/	/home/fhu_thjen/projects/learning-java/25-date-time-api/anki/cloze.tsv	19
ok	200	official Java/Oracle documentation	https://docs.oracle.com/javase/tutorial/datetime/	/home/fhu_thjen/projects/learning-java/25-date-time-api/anki/cloze.tsv	20
ok	200	official Java/Oracle documentation	https://docs.oracle.com/javase/tutorial/datetime/	/home/fhu_thjen/projects/learning-java/25-date-time-api/anki/cloze.tsv	21
ok	200	official Java/Oracle documentation	https://docs.oracle.com/javase/tutorial/datetime/	/home/fhu_thjen/projects/learning-java/25-date-time-api/anki/cloze.tsv	22
ok	200	official Java/Oracle documentation	https://docs.oracle.com/javase/tutorial/datetime/	/home/fhu_thjen/projects/learning-java/25-date-time-api/anki/code-question.tsv	2
ok	200	official Java/Oracle documentation	https://docs.oracle.com/javase/tutorial/datetime/	/home/fhu_thjen/projects/learning-java/25-date-time-api/anki/code-question.tsv	3
ok	200	official Java/Oracle documentation	https://docs.oracle.com/javase/tutorial/datetime/	/home/fhu_thjen/projects/learning-java/25-date-time-api/anki/code-question.tsv	4
ok	200	official Java/Oracle documentation	https://docs.oracle.com/javase/tutorial/datetime/	/home/fhu_thjen/projects/learning-java/25-date-time-api/anki/code-question.tsv	5
ok	200	official Java/Oracle documentation	https://docs.oracle.com/javase/tutorial/datetime/	/home/fhu_thjen/projects/learning-java/25-date-time-api/anki/code-question.tsv	6
ok	200	official Java/Oracle documentation	https://docs.oracle.com/javase/tutorial/datetime/	/home/fhu_thjen/projects/learning-java/25-date-time-api/anki/code-question.tsv	7
ok	200	official Java/Oracle documentation	https://docs.oracle.com/javase/tutorial/datetime/	/home/fhu_thjen/projects/learning-java/25-date-time-api/anki/code-question.tsv	8
ok	200	official Java/Oracle documentation	https://docs.oracle.com/javase/tutorial/datetime/	/home/fhu_thjen/projects/learning-java/25-date-time-api/anki/code-question.tsv	9
ok	200	official Java/Oracle documentation	https://docs.oracle.com/javase/tutorial/datetime/	/home/fhu_thjen/projects/learning-java/25-date-time-api/anki/code-question.tsv	10
ok	200	official Java/Oracle documentation	https://docs.oracle.com/javase/tutorial/datetime/	/home/fhu_thjen/projects/learning-java/25-date-time-api/anki/code-question.tsv	11
ok	200	official Java/Oracle documentation	https://docs.oracle.com/javase/tutorial/datetime/	/home/fhu_thjen/projects/learning-java/25-date-time-api/anki/code-question.tsv	12
ok	200	official Java/Oracle documentation	https://docs.oracle.com/javase/tutorial/datetime/	/home/fhu_thjen/projects/learning-java/25-date-time-api/anki/code-question.tsv	13
ok	200	official Java/Oracle documentation	https://docs.oracle.com/javase/tutorial/datetime/	/home/fhu_thjen/projects/learning-java/25-date-time-api/anki/code-question.tsv	14
ok	200	official Java/Oracle documentation	https://docs.oracle.com/javase/tutorial/datetime/	/home/fhu_thjen/projects/learning-java/25-date-time-api/anki/code-question.tsv	15
ok	200	official Java/Oracle documentation	https://docs.oracle.com/javase/tutorial/datetime/	/home/fhu_thjen/projects/learning-java/25-date-time-api/anki/code-question.tsv	16
ok	200	official Java/Oracle documentation	https://docs.oracle.com/javase/tutorial/datetime/	/home/fhu_thjen/projects/learning-java/25-date-time-api/anki/code-question.tsv	17
ok	200	official Java/Oracle documentation	https://docs.oracle.com/javase/tutorial/datetime/	/home/fhu_thjen/projects/learning-java/25-date-time-api/anki/code-question.tsv	18
ok	200	official Java/Oracle documentation	https://docs.oracle.com/javase/tutorial/datetime/	/home/fhu_thjen/projects/learning-java/25-date-time-api/anki/code-question.tsv	19
ok	200	official Java/Oracle documentation	https://docs.oracle.com/javase/tutorial/datetime/	/home/fhu_thjen/projects/learning-java/25-date-time-api/anki/code-question.tsv	20
ok	200	official Java/Oracle documentation	https://docs.oracle.com/javase/tutorial/datetime/	/home/fhu_thjen/projects/learning-java/25-date-time-api/anki/code-question.tsv	21
ok	200	official Java/Oracle documentation	https://docs.oracle.com/javase/tutorial/datetime/	/home/fhu_thjen/projects/learning-java/25-date-time-api/anki/code-question.tsv	22
ok	200	official Java/Oracle documentation	https://docs.oracle.com/javase/tutorial/datetime/	/home/fhu_thjen/projects/learning-java/25-date-time-api/anki/code-question.tsv	23
ok	200	official Java/Oracle documentation	https://docs.oracle.com/javase/tutorial/datetime/	/home/fhu_thjen/projects/learning-java/25-date-time-api/anki/code-question.tsv	24
ok	200	official Java/Oracle documentation	https://docs.oracle.com/javase/tutorial/datetime/	/home/fhu_thjen/projects/learning-java/25-date-time-api/anki/code-question.tsv	25
ok	200	official Java/Oracle documentation	https://docs.oracle.com/javase/tutorial/datetime/	/home/fhu_thjen/projects/learning-java/25-date-time-api/anki/code-question.tsv	26
ok	200	official Java/Oracle documentation	https://docs.oracle.com/javase/tutorial/datetime/	/home/fhu_thjen/projects/learning-java/25-date-time-api/anki/code-question.tsv	27
ok	200	official Java/Oracle documentation	https://docs.oracle.com/javase/tutorial/datetime/	/home/fhu_thjen/projects/learning-java/25-date-time-api/anki/code-question.tsv	28
ok	200	official Java/Oracle documentation	https://docs.oracle.com/javase/tutorial/datetime/	/home/fhu_thjen/projects/learning-java/25-date-time-api/anki/code-question.tsv	29
ok	200	official Java/Oracle documentation	https://docs.oracle.com/javase/tutorial/datetime/	/home/fhu_thjen/projects/learning-java/25-date-time-api/anki/code-question.tsv	30
ok	200	official Java/Oracle documentation	https://docs.oracle.com/javase/tutorial/essential/io/	/home/fhu_thjen/projects/learning-java/26-io/anki/code-question.tsv	2
ok	200	official Java/Oracle documentation	https://docs.oracle.com/en/java/javase/21/docs/api/java.base/java/nio/package-summary.html	/home/fhu_thjen/projects/learning-java/27-nio/anki/basic-extra.tsv	2
ok	200	official Java/Oracle documentation	https://docs.oracle.com/en/java/javase/21/docs/api/java.base/java/nio/package-summary.html	/home/fhu_thjen/projects/learning-java/27-nio/anki/basic-extra.tsv	3
ok	200	official Java/Oracle documentation	https://docs.oracle.com/en/java/javase/21/docs/api/java.base/java/nio/package-summary.html	/home/fhu_thjen/projects/learning-java/27-nio/anki/basic-extra.tsv	4
ok	200	official Java/Oracle documentation	https://docs.oracle.com/en/java/javase/21/docs/api/java.base/java/nio/package-summary.html	/home/fhu_thjen/projects/learning-java/27-nio/anki/basic-extra.tsv	5
ok	200	official Java/Oracle documentation	https://docs.oracle.com/en/java/javase/21/docs/api/java.base/java/nio/package-summary.html	/home/fhu_thjen/projects/learning-java/27-nio/anki/basic-extra.tsv	6
ok	200	official Java/Oracle documentation	https://docs.oracle.com/en/java/javase/21/docs/api/java.base/java/nio/package-summary.html	/home/fhu_thjen/projects/learning-java/27-nio/anki/basic-extra.tsv	7
ok	200	official Java/Oracle documentation	https://docs.oracle.com/en/java/javase/21/docs/api/java.base/java/nio/package-summary.html	/home/fhu_thjen/projects/learning-java/27-nio/anki/basic-extra.tsv	8
ok	200	official Java/Oracle documentation	https://docs.oracle.com/en/java/javase/21/docs/api/java.base/java/nio/package-summary.html	/home/fhu_thjen/projects/learning-java/27-nio/anki/basic-extra.tsv	9
ok	200	official Java/Oracle documentation	https://docs.oracle.com/en/java/javase/21/docs/api/java.base/java/nio/package-summary.html	/home/fhu_thjen/projects/learning-java/27-nio/anki/basic-extra.tsv	10
ok	200	official Java/Oracle documentation	https://docs.oracle.com/en/java/javase/21/docs/api/java.base/java/nio/package-summary.html	/home/fhu_thjen/projects/learning-java/27-nio/anki/basic-extra.tsv	11
ok	200	official Java/Oracle documentation	https://docs.oracle.com/en/java/javase/21/docs/api/java.base/java/nio/package-summary.html	/home/fhu_thjen/projects/learning-java/27-nio/anki/basic-extra.tsv	12
ok	200	official Java/Oracle documentation	https://docs.oracle.com/en/java/javase/21/docs/api/java.base/java/nio/package-summary.html	/home/fhu_thjen/projects/learning-java/27-nio/anki/basic-extra.tsv	13
ok	200	official Java/Oracle documentation	https://docs.oracle.com/en/java/javase/21/docs/api/java.base/java/nio/package-summary.html	/home/fhu_thjen/projects/learning-java/27-nio/anki/basic-extra.tsv	14
ok	200	official Java/Oracle documentation	https://docs.oracle.com/en/java/javase/21/docs/api/java.base/java/nio/package-summary.html	/home/fhu_thjen/projects/learning-java/27-nio/anki/basic-extra.tsv	15
ok	200	official Java/Oracle documentation	https://docs.oracle.com/en/java/javase/21/docs/api/java.base/java/nio/package-summary.html	/home/fhu_thjen/projects/learning-java/27-nio/anki/basic-extra.tsv	16
ok	200	official Java/Oracle documentation	https://docs.oracle.com/en/java/javase/21/docs/api/java.base/java/nio/package-summary.html	/home/fhu_thjen/projects/learning-java/27-nio/anki/basic-extra.tsv	17
ok	200	official Java/Oracle documentation	https://docs.oracle.com/en/java/javase/21/docs/api/java.base/java/nio/package-summary.html	/home/fhu_thjen/projects/learning-java/27-nio/anki/basic-extra.tsv	18
ok	200	official Java/Oracle documentation	https://docs.oracle.com/en/java/javase/21/docs/api/java.base/java/nio/package-summary.html	/home/fhu_thjen/projects/learning-java/27-nio/anki/basic.tsv	2
ok	200	official Java/Oracle documentation	https://docs.oracle.com/en/java/javase/21/docs/api/java.base/java/nio/package-summary.html	/home/fhu_thjen/projects/learning-java/27-nio/anki/basic.tsv	3
ok	200	official Java/Oracle documentation	https://docs.oracle.com/en/java/javase/21/docs/api/java.base/java/nio/package-summary.html	/home/fhu_thjen/projects/learning-java/27-nio/anki/basic.tsv	4
ok	200	official Java/Oracle documentation	https://docs.oracle.com/en/java/javase/21/docs/api/java.base/java/nio/package-summary.html	/home/fhu_thjen/projects/learning-java/27-nio/anki/basic.tsv	5
ok	200	official Java/Oracle documentation	https://docs.oracle.com/en/java/javase/21/docs/api/java.base/java/nio/package-summary.html	/home/fhu_thjen/projects/learning-java/27-nio/anki/basic.tsv	6
ok	200	official Java/Oracle documentation	https://docs.oracle.com/en/java/javase/21/docs/api/java.base/java/nio/package-summary.html	/home/fhu_thjen/projects/learning-java/27-nio/anki/basic.tsv	7
ok	200	official Java/Oracle documentation	https://docs.oracle.com/en/java/javase/21/docs/api/java.base/java/nio/package-summary.html	/home/fhu_thjen/projects/learning-java/27-nio/anki/basic.tsv	8
ok	200	official Java/Oracle documentation	https://docs.oracle.com/en/java/javase/21/docs/api/java.base/java/nio/package-summary.html	/home/fhu_thjen/projects/learning-java/27-nio/anki/basic.tsv	9
ok	200	official Java/Oracle documentation	https://docs.oracle.com/en/java/javase/21/docs/api/java.base/java/nio/package-summary.html	/home/fhu_thjen/projects/learning-java/27-nio/anki/basic.tsv	10
ok	200	official Java/Oracle documentation	https://docs.oracle.com/en/java/javase/21/docs/api/java.base/java/nio/package-summary.html	/home/fhu_thjen/projects/learning-java/27-nio/anki/basic.tsv	11
ok	200	official Java/Oracle documentation	https://docs.oracle.com/en/java/javase/21/docs/api/java.base/java/nio/package-summary.html	/home/fhu_thjen/projects/learning-java/27-nio/anki/basic.tsv	12
ok	200	official Java/Oracle documentation	https://docs.oracle.com/en/java/javase/21/docs/api/java.base/java/nio/package-summary.html	/home/fhu_thjen/projects/learning-java/27-nio/anki/basic.tsv	13
ok	200	official Java/Oracle documentation	https://docs.oracle.com/en/java/javase/21/docs/api/java.base/java/nio/package-summary.html	/home/fhu_thjen/projects/learning-java/27-nio/anki/basic.tsv	14
ok	200	official Java/Oracle documentation	https://docs.oracle.com/en/java/javase/21/docs/api/java.base/java/nio/package-summary.html	/home/fhu_thjen/projects/learning-java/27-nio/anki/basic.tsv	15
ok	200	official Java/Oracle documentation	https://docs.oracle.com/en/java/javase/21/docs/api/java.base/java/nio/package-summary.html	/home/fhu_thjen/projects/learning-java/27-nio/anki/basic.tsv	16
ok	200	official Java/Oracle documentation	https://docs.oracle.com/en/java/javase/21/docs/api/java.base/java/nio/package-summary.html	/home/fhu_thjen/projects/learning-java/27-nio/anki/basic.tsv	17
ok	200	official Java/Oracle documentation	https://docs.oracle.com/en/java/javase/21/docs/api/java.base/java/nio/package-summary.html	/home/fhu_thjen/projects/learning-java/27-nio/anki/basic.tsv	18
ok	200	official Java/Oracle documentation	https://docs.oracle.com/en/java/javase/21/docs/api/java.base/java/nio/package-summary.html	/home/fhu_thjen/projects/learning-java/27-nio/anki/basic.tsv	19
ok	200	official Java/Oracle documentation	https://docs.oracle.com/en/java/javase/21/docs/api/java.base/java/nio/package-summary.html	/home/fhu_thjen/projects/learning-java/27-nio/anki/basic.tsv	20
ok	200	official Java/Oracle documentation	https://docs.oracle.com/en/java/javase/21/docs/api/java.base/java/nio/package-summary.html	/home/fhu_thjen/projects/learning-java/27-nio/anki/basic.tsv	21
ok	200	official Java/Oracle documentation	https://docs.oracle.com/en/java/javase/21/docs/api/java.base/java/nio/package-summary.html	/home/fhu_thjen/projects/learning-java/27-nio/anki/basic.tsv	22
ok	200	official Java/Oracle documentation	https://docs.oracle.com/en/java/javase/21/docs/api/java.base/java/nio/package-summary.html	/home/fhu_thjen/projects/learning-java/27-nio/anki/basic.tsv	23
ok	200	official Java/Oracle documentation	https://docs.oracle.com/en/java/javase/21/docs/api/java.base/java/nio/package-summary.html	/home/fhu_thjen/projects/learning-java/27-nio/anki/basic.tsv	24
ok	200	official Java/Oracle documentation	https://docs.oracle.com/en/java/javase/21/docs/api/java.base/java/nio/package-summary.html	/home/fhu_thjen/projects/learning-java/27-nio/anki/basic.tsv	25
ok	200	official Java/Oracle documentation	https://docs.oracle.com/en/java/javase/21/docs/api/java.base/java/nio/package-summary.html	/home/fhu_thjen/projects/learning-java/27-nio/anki/basic.tsv	26
ok	200	official Java/Oracle documentation	https://docs.oracle.com/en/java/javase/21/docs/api/java.base/java/nio/package-summary.html	/home/fhu_thjen/projects/learning-java/27-nio/anki/basic.tsv	27
ok	200	official Java/Oracle documentation	https://docs.oracle.com/en/java/javase/21/docs/api/java.base/java/nio/package-summary.html	/home/fhu_thjen/projects/learning-java/27-nio/anki/cloze.tsv	2
ok	200	official Java/Oracle documentation	https://docs.oracle.com/en/java/javase/21/docs/api/java.base/java/nio/package-summary.html	/home/fhu_thjen/projects/learning-java/27-nio/anki/cloze.tsv	3
ok	200	official Java/Oracle documentation	https://docs.oracle.com/en/java/javase/21/docs/api/java.base/java/nio/package-summary.html	/home/fhu_thjen/projects/learning-java/27-nio/anki/cloze.tsv	4
ok	200	official Java/Oracle documentation	https://docs.oracle.com/en/java/javase/21/docs/api/java.base/java/nio/package-summary.html	/home/fhu_thjen/projects/learning-java/27-nio/anki/cloze.tsv	5
ok	200	official Java/Oracle documentation	https://docs.oracle.com/en/java/javase/21/docs/api/java.base/java/nio/package-summary.html	/home/fhu_thjen/projects/learning-java/27-nio/anki/cloze.tsv	6
ok	200	official Java/Oracle documentation	https://docs.oracle.com/en/java/javase/21/docs/api/java.base/java/nio/package-summary.html	/home/fhu_thjen/projects/learning-java/27-nio/anki/cloze.tsv	7
ok	200	official Java/Oracle documentation	https://docs.oracle.com/en/java/javase/21/docs/api/java.base/java/nio/package-summary.html	/home/fhu_thjen/projects/learning-java/27-nio/anki/cloze.tsv	8
ok	200	official Java/Oracle documentation	https://docs.oracle.com/en/java/javase/21/docs/api/java.base/java/nio/package-summary.html	/home/fhu_thjen/projects/learning-java/27-nio/anki/cloze.tsv	9
ok	200	official Java/Oracle documentation	https://docs.oracle.com/en/java/javase/21/docs/api/java.base/java/nio/package-summary.html	/home/fhu_thjen/projects/learning-java/27-nio/anki/cloze.tsv	10
ok	200	official Java/Oracle documentation	https://docs.oracle.com/en/java/javase/21/docs/api/java.base/java/nio/package-summary.html	/home/fhu_thjen/projects/learning-java/27-nio/anki/cloze.tsv	11
ok	200	official Java/Oracle documentation	https://docs.oracle.com/en/java/javase/21/docs/api/java.base/java/nio/package-summary.html	/home/fhu_thjen/projects/learning-java/27-nio/anki/cloze.tsv	12
ok	200	official Java/Oracle documentation	https://docs.oracle.com/en/java/javase/21/docs/api/java.base/java/nio/package-summary.html	/home/fhu_thjen/projects/learning-java/27-nio/anki/cloze.tsv	13
ok	200	official Java/Oracle documentation	https://docs.oracle.com/en/java/javase/21/docs/api/java.base/java/nio/package-summary.html	/home/fhu_thjen/projects/learning-java/27-nio/anki/cloze.tsv	14
ok	200	official Java/Oracle documentation	https://docs.oracle.com/en/java/javase/21/docs/api/java.base/java/nio/package-summary.html	/home/fhu_thjen/projects/learning-java/27-nio/anki/code-question.tsv	2
ok	200	official Java/Oracle documentation	https://docs.oracle.com/en/java/javase/21/docs/api/java.base/java/nio/package-summary.html	/home/fhu_thjen/projects/learning-java/27-nio/anki/code-question.tsv	3
ok	200	official Java/Oracle documentation	https://docs.oracle.com/en/java/javase/21/docs/api/java.base/java/nio/package-summary.html	/home/fhu_thjen/projects/learning-java/27-nio/anki/code-question.tsv	4
ok	200	official Java/Oracle documentation	https://docs.oracle.com/en/java/javase/21/docs/api/java.base/java/nio/package-summary.html	/home/fhu_thjen/projects/learning-java/27-nio/anki/code-question.tsv	5
ok	200	official Java/Oracle documentation	https://docs.oracle.com/en/java/javase/21/docs/api/java.base/java/nio/package-summary.html	/home/fhu_thjen/projects/learning-java/27-nio/anki/code-question.tsv	6
ok	200	official Java/Oracle documentation	https://docs.oracle.com/en/java/javase/21/docs/api/java.base/java/nio/package-summary.html	/home/fhu_thjen/projects/learning-java/27-nio/anki/code-question.tsv	7
ok	200	official Java/Oracle documentation	https://docs.oracle.com/en/java/javase/21/docs/api/java.base/java/nio/package-summary.html	/home/fhu_thjen/projects/learning-java/27-nio/anki/code-question.tsv	8
ok	200	official Java/Oracle documentation	https://docs.oracle.com/en/java/javase/21/docs/api/java.base/java/nio/package-summary.html	/home/fhu_thjen/projects/learning-java/27-nio/anki/code-question.tsv	9
ok	200	official Java/Oracle documentation	https://docs.oracle.com/en/java/javase/21/docs/api/java.base/java/nio/package-summary.html	/home/fhu_thjen/projects/learning-java/27-nio/anki/code-question.tsv	10
ok	200	official Java/Oracle documentation	https://docs.oracle.com/en/java/javase/21/docs/api/java.base/java/nio/package-summary.html	/home/fhu_thjen/projects/learning-java/27-nio/anki/code-question.tsv	11
ok	200	official Java/Oracle documentation	https://docs.oracle.com/en/java/javase/21/docs/api/java.base/java/nio/package-summary.html	/home/fhu_thjen/projects/learning-java/27-nio/anki/code-question.tsv	12
ok	200	official Java/Oracle documentation	https://docs.oracle.com/en/java/javase/21/docs/api/java.base/java/nio/package-summary.html	/home/fhu_thjen/projects/learning-java/27-nio/anki/code-question.tsv	13
ok	200	official Java/Oracle documentation	https://docs.oracle.com/en/java/javase/21/docs/api/java.base/java/nio/package-summary.html	/home/fhu_thjen/projects/learning-java/27-nio/anki/code-question.tsv	14
ok	200	official Java/Oracle documentation	https://docs.oracle.com/en/java/javase/21/docs/api/java.base/java/nio/package-summary.html	/home/fhu_thjen/projects/learning-java/27-nio/anki/code-question.tsv	15
ok	200	official Java/Oracle documentation	https://docs.oracle.com/en/java/javase/21/docs/api/java.base/java/nio/package-summary.html	/home/fhu_thjen/projects/learning-java/27-nio/anki/code-question.tsv	16
ok	200	official Java/Oracle documentation	https://docs.oracle.com/en/java/javase/21/docs/api/java.base/java/nio/package-summary.html	/home/fhu_thjen/projects/learning-java/27-nio/anki/code-question.tsv	17
ok	200	official Java/Oracle documentation	https://docs.oracle.com/en/java/javase/21/docs/api/java.base/java/nio/package-summary.html	/home/fhu_thjen/projects/learning-java/27-nio/anki/code-question.tsv	18
ok	200	official Java/Oracle documentation	https://docs.oracle.com/en/java/javase/21/docs/api/java.base/java/nio/package-summary.html	/home/fhu_thjen/projects/learning-java/27-nio/anki/code-question.tsv	19
ok	200	official Java/Oracle documentation	https://docs.oracle.com/en/java/javase/21/docs/api/java.base/java/nio/package-summary.html	/home/fhu_thjen/projects/learning-java/27-nio/anki/code-question.tsv	20
ok	200	official Java/Oracle documentation	https://docs.oracle.com/en/java/javase/21/docs/api/java.base/java/nio/package-summary.html	/home/fhu_thjen/projects/learning-java/27-nio/anki/code-question.tsv	21
ok	200	official Java/Oracle documentation	https://docs.oracle.com/javase/tutorial/essential/regex/	/home/fhu_thjen/projects/learning-java/30-regex/anki/basic-extra.tsv	2
ok	200	official Java/Oracle documentation	https://docs.oracle.com/javase/tutorial/essential/regex/	/home/fhu_thjen/projects/learning-java/30-regex/anki/basic-extra.tsv	3
ok	200	official Java/Oracle documentation	https://docs.oracle.com/javase/tutorial/essential/regex/	/home/fhu_thjen/projects/learning-java/30-regex/anki/basic-extra.tsv	4
ok	200	official Java/Oracle documentation	https://docs.oracle.com/javase/tutorial/essential/regex/	/home/fhu_thjen/projects/learning-java/30-regex/anki/basic-extra.tsv	5
ok	200	official Java/Oracle documentation	https://docs.oracle.com/javase/tutorial/essential/regex/	/home/fhu_thjen/projects/learning-java/30-regex/anki/basic-extra.tsv	6
ok	200	official Java/Oracle documentation	https://docs.oracle.com/javase/tutorial/essential/regex/	/home/fhu_thjen/projects/learning-java/30-regex/anki/basic-extra.tsv	7
ok	200	official Java/Oracle documentation	https://docs.oracle.com/javase/tutorial/essential/regex/	/home/fhu_thjen/projects/learning-java/30-regex/anki/basic-extra.tsv	8
ok	200	official Java/Oracle documentation	https://docs.oracle.com/javase/tutorial/essential/regex/	/home/fhu_thjen/projects/learning-java/30-regex/anki/basic-extra.tsv	9
ok	200	official Java/Oracle documentation	https://docs.oracle.com/javase/tutorial/essential/regex/	/home/fhu_thjen/projects/learning-java/30-regex/anki/basic-extra.tsv	10
ok	200	official Java/Oracle documentation	https://docs.oracle.com/javase/tutorial/essential/regex/	/home/fhu_thjen/projects/learning-java/30-regex/anki/basic-extra.tsv	11
ok	200	official Java/Oracle documentation	https://docs.oracle.com/javase/tutorial/essential/regex/	/home/fhu_thjen/projects/learning-java/30-regex/anki/basic-extra.tsv	12
ok	200	official Java/Oracle documentation	https://docs.oracle.com/javase/tutorial/essential/regex/	/home/fhu_thjen/projects/learning-java/30-regex/anki/basic-extra.tsv	13
ok	200	official Java/Oracle documentation	https://docs.oracle.com/javase/tutorial/essential/regex/	/home/fhu_thjen/projects/learning-java/30-regex/anki/basic-extra.tsv	14
ok	200	official Java/Oracle documentation	https://docs.oracle.com/javase/tutorial/essential/regex/	/home/fhu_thjen/projects/learning-java/30-regex/anki/basic-extra.tsv	15
ok	200	official Java/Oracle documentation	https://docs.oracle.com/javase/tutorial/essential/regex/	/home/fhu_thjen/projects/learning-java/30-regex/anki/basic-extra.tsv	16
ok	200	official Java/Oracle documentation	https://docs.oracle.com/javase/tutorial/essential/regex/	/home/fhu_thjen/projects/learning-java/30-regex/anki/basic-extra.tsv	17
ok	200	official Java/Oracle documentation	https://docs.oracle.com/en/java/javase/21/docs/api/java.base/java/util/regex/Pattern.html	/home/fhu_thjen/projects/learning-java/30-regex/anki/basic-extra.tsv	18
ok	200	official Java/Oracle documentation	https://docs.oracle.com/en/java/javase/21/docs/api/java.base/java/util/regex/Pattern.html	/home/fhu_thjen/projects/learning-java/30-regex/anki/basic-extra.tsv	19
ok	200	official Java/Oracle documentation	https://docs.oracle.com/javase/tutorial/essential/regex/bounds.html	/home/fhu_thjen/projects/learning-java/30-regex/anki/basic-extra.tsv	20
ok	200	official Java/Oracle documentation	https://docs.oracle.com/en/java/javase/21/docs/api/java.base/java/lang/String.html#split(java.lang.String,int	/home/fhu_thjen/projects/learning-java/30-regex/anki/basic-extra.tsv	21
ok	200	official Java/Oracle documentation	https://docs.oracle.com/javase/tutorial/essential/regex/	/home/fhu_thjen/projects/learning-java/30-regex/anki/basic.tsv	2
ok	200	official Java/Oracle documentation	https://docs.oracle.com/javase/tutorial/essential/regex/	/home/fhu_thjen/projects/learning-java/30-regex/anki/basic.tsv	3
ok	200	official Java/Oracle documentation	https://docs.oracle.com/javase/tutorial/essential/regex/	/home/fhu_thjen/projects/learning-java/30-regex/anki/basic.tsv	4
ok	200	official Java/Oracle documentation	https://docs.oracle.com/javase/tutorial/essential/regex/	/home/fhu_thjen/projects/learning-java/30-regex/anki/basic.tsv	5
ok	200	official Java/Oracle documentation	https://docs.oracle.com/javase/tutorial/essential/regex/	/home/fhu_thjen/projects/learning-java/30-regex/anki/basic.tsv	6
ok	200	official Java/Oracle documentation	https://docs.oracle.com/javase/tutorial/essential/regex/	/home/fhu_thjen/projects/learning-java/30-regex/anki/basic.tsv	7
ok	200	official Java/Oracle documentation	https://docs.oracle.com/javase/tutorial/essential/regex/	/home/fhu_thjen/projects/learning-java/30-regex/anki/basic.tsv	8
ok	200	official Java/Oracle documentation	https://docs.oracle.com/javase/tutorial/essential/regex/	/home/fhu_thjen/projects/learning-java/30-regex/anki/basic.tsv	9
ok	200	official Java/Oracle documentation	https://docs.oracle.com/javase/tutorial/essential/regex/	/home/fhu_thjen/projects/learning-java/30-regex/anki/basic.tsv	10
ok	200	official Java/Oracle documentation	https://docs.oracle.com/javase/tutorial/essential/regex/	/home/fhu_thjen/projects/learning-java/30-regex/anki/basic.tsv	11
ok	200	official Java/Oracle documentation	https://docs.oracle.com/javase/tutorial/essential/regex/	/home/fhu_thjen/projects/learning-java/30-regex/anki/basic.tsv	12
ok	200	official Java/Oracle documentation	https://docs.oracle.com/javase/tutorial/essential/regex/	/home/fhu_thjen/projects/learning-java/30-regex/anki/basic.tsv	13
ok	200	official Java/Oracle documentation	https://docs.oracle.com/javase/tutorial/essential/regex/	/home/fhu_thjen/projects/learning-java/30-regex/anki/basic.tsv	14
ok	200	official Java/Oracle documentation	https://docs.oracle.com/javase/tutorial/essential/regex/	/home/fhu_thjen/projects/learning-java/30-regex/anki/basic.tsv	15
ok	200	official Java/Oracle documentation	https://docs.oracle.com/javase/tutorial/essential/regex/	/home/fhu_thjen/projects/learning-java/30-regex/anki/basic.tsv	16
ok	200	official Java/Oracle documentation	https://docs.oracle.com/javase/tutorial/essential/regex/	/home/fhu_thjen/projects/learning-java/30-regex/anki/basic.tsv	17
ok	200	official Java/Oracle documentation	https://docs.oracle.com/javase/tutorial/essential/regex/	/home/fhu_thjen/projects/learning-java/30-regex/anki/basic.tsv	18
ok	200	official Java/Oracle documentation	https://docs.oracle.com/javase/tutorial/essential/regex/	/home/fhu_thjen/projects/learning-java/30-regex/anki/basic.tsv	19
ok	200	official Java/Oracle documentation	https://docs.oracle.com/javase/tutorial/essential/regex/	/home/fhu_thjen/projects/learning-java/30-regex/anki/basic.tsv	20
ok	200	official Java/Oracle documentation	https://docs.oracle.com/javase/tutorial/essential/regex/	/home/fhu_thjen/projects/learning-java/30-regex/anki/basic.tsv	21
ok	200	official Java/Oracle documentation	https://docs.oracle.com/javase/tutorial/essential/regex/	/home/fhu_thjen/projects/learning-java/30-regex/anki/basic.tsv	22
ok	200	official Java/Oracle documentation	https://docs.oracle.com/javase/tutorial/essential/regex/	/home/fhu_thjen/projects/learning-java/30-regex/anki/basic.tsv	23
ok	200	official Java/Oracle documentation	https://docs.oracle.com/javase/tutorial/essential/regex/	/home/fhu_thjen/projects/learning-java/30-regex/anki/basic.tsv	24
ok	200	official Java/Oracle documentation	https://docs.oracle.com/javase/tutorial/essential/regex/	/home/fhu_thjen/projects/learning-java/30-regex/anki/basic.tsv	25
ok	200	official Java/Oracle documentation	https://docs.oracle.com/javase/tutorial/essential/regex/	/home/fhu_thjen/projects/learning-java/30-regex/anki/basic.tsv	26
ok	200	official Java/Oracle documentation	https://docs.oracle.com/javase/tutorial/essential/regex/	/home/fhu_thjen/projects/learning-java/30-regex/anki/basic.tsv	27
ok	200	official Java/Oracle documentation	https://docs.oracle.com/javase/tutorial/essential/regex/	/home/fhu_thjen/projects/learning-java/30-regex/anki/basic.tsv	28
ok	200	official Java/Oracle documentation	https://docs.oracle.com/javase/tutorial/essential/regex/	/home/fhu_thjen/projects/learning-java/30-regex/anki/basic.tsv	29
ok	200	official Java/Oracle documentation	https://docs.oracle.com/en/java/javase/21/docs/api/java.base/java/util/regex/Pattern.html	/home/fhu_thjen/projects/learning-java/30-regex/anki/basic.tsv	30
ok	200	official Java/Oracle documentation	https://docs.oracle.com/en/java/javase/21/docs/api/java.base/java/util/regex/Pattern.html	/home/fhu_thjen/projects/learning-java/30-regex/anki/basic.tsv	31
ok	200	official Java/Oracle documentation	https://docs.oracle.com/javase/tutorial/essential/regex/bounds.html	/home/fhu_thjen/projects/learning-java/30-regex/anki/basic.tsv	32
ok	200	official Java/Oracle documentation	https://docs.oracle.com/en/java/javase/21/docs/api/java.base/java/lang/String.html#split(java.lang.String,int	/home/fhu_thjen/projects/learning-java/30-regex/anki/basic.tsv	33
ok	200	official Java/Oracle documentation	https://docs.oracle.com/javase/tutorial/essential/regex/	/home/fhu_thjen/projects/learning-java/30-regex/anki/cloze.tsv	2
ok	200	official Java/Oracle documentation	https://docs.oracle.com/javase/tutorial/essential/regex/	/home/fhu_thjen/projects/learning-java/30-regex/anki/cloze.tsv	3
ok	200	official Java/Oracle documentation	https://docs.oracle.com/javase/tutorial/essential/regex/	/home/fhu_thjen/projects/learning-java/30-regex/anki/cloze.tsv	4
ok	200	official Java/Oracle documentation	https://docs.oracle.com/javase/tutorial/essential/regex/	/home/fhu_thjen/projects/learning-java/30-regex/anki/cloze.tsv	5
ok	200	official Java/Oracle documentation	https://docs.oracle.com/javase/tutorial/essential/regex/	/home/fhu_thjen/projects/learning-java/30-regex/anki/cloze.tsv	6
ok	200	official Java/Oracle documentation	https://docs.oracle.com/javase/tutorial/essential/regex/	/home/fhu_thjen/projects/learning-java/30-regex/anki/cloze.tsv	7
ok	200	official Java/Oracle documentation	https://docs.oracle.com/javase/tutorial/essential/regex/	/home/fhu_thjen/projects/learning-java/30-regex/anki/cloze.tsv	8
ok	200	official Java/Oracle documentation	https://docs.oracle.com/javase/tutorial/essential/regex/	/home/fhu_thjen/projects/learning-java/30-regex/anki/cloze.tsv	9
ok	200	official Java/Oracle documentation	https://docs.oracle.com/javase/tutorial/essential/regex/	/home/fhu_thjen/projects/learning-java/30-regex/anki/cloze.tsv	10
ok	200	official Java/Oracle documentation	https://docs.oracle.com/javase/tutorial/essential/regex/	/home/fhu_thjen/projects/learning-java/30-regex/anki/cloze.tsv	11
ok	200	official Java/Oracle documentation	https://docs.oracle.com/javase/tutorial/essential/regex/	/home/fhu_thjen/projects/learning-java/30-regex/anki/cloze.tsv	12
ok	200	official Java/Oracle documentation	https://docs.oracle.com/javase/tutorial/essential/regex/	/home/fhu_thjen/projects/learning-java/30-regex/anki/cloze.tsv	13
ok	200	official Java/Oracle documentation	https://docs.oracle.com/javase/tutorial/essential/regex/	/home/fhu_thjen/projects/learning-java/30-regex/anki/cloze.tsv	14
ok	200	official Java/Oracle documentation	https://docs.oracle.com/javase/tutorial/essential/regex/	/home/fhu_thjen/projects/learning-java/30-regex/anki/cloze.tsv	15
ok	200	official Java/Oracle documentation	https://docs.oracle.com/en/java/javase/21/docs/api/java.base/java/util/regex/Pattern.html	/home/fhu_thjen/projects/learning-java/30-regex/anki/cloze.tsv	16
ok	200	official Java/Oracle documentation	https://docs.oracle.com/en/java/javase/21/docs/api/java.base/java/util/regex/Pattern.html	/home/fhu_thjen/projects/learning-java/30-regex/anki/cloze.tsv	17
ok	200	official Java/Oracle documentation	https://docs.oracle.com/javase/tutorial/essential/regex/bounds.html	/home/fhu_thjen/projects/learning-java/30-regex/anki/cloze.tsv	18
ok	200	official Java/Oracle documentation	https://docs.oracle.com/en/java/javase/21/docs/api/java.base/java/lang/String.html#split(java.lang.String,int	/home/fhu_thjen/projects/learning-java/30-regex/anki/cloze.tsv	19
ok	200	official Java/Oracle documentation	https://docs.oracle.com/javase/tutorial/essential/regex/	/home/fhu_thjen/projects/learning-java/30-regex/anki/code-question.tsv	2
ok	200	official Java/Oracle documentation	https://docs.oracle.com/javase/tutorial/essential/regex/	/home/fhu_thjen/projects/learning-java/30-regex/anki/code-question.tsv	3
ok	200	official Java/Oracle documentation	https://docs.oracle.com/javase/tutorial/essential/regex/	/home/fhu_thjen/projects/learning-java/30-regex/anki/code-question.tsv	4
ok	200	official Java/Oracle documentation	https://docs.oracle.com/javase/tutorial/essential/regex/	/home/fhu_thjen/projects/learning-java/30-regex/anki/code-question.tsv	5
ok	200	official Java/Oracle documentation	https://docs.oracle.com/javase/tutorial/essential/regex/	/home/fhu_thjen/projects/learning-java/30-regex/anki/code-question.tsv	6
ok	200	official Java/Oracle documentation	https://docs.oracle.com/javase/tutorial/essential/regex/	/home/fhu_thjen/projects/learning-java/30-regex/anki/code-question.tsv	7
ok	200	official Java/Oracle documentation	https://docs.oracle.com/javase/tutorial/essential/regex/	/home/fhu_thjen/projects/learning-java/30-regex/anki/code-question.tsv	8
ok	200	official Java/Oracle documentation	https://docs.oracle.com/javase/tutorial/essential/regex/	/home/fhu_thjen/projects/learning-java/30-regex/anki/code-question.tsv	9
ok	200	official Java/Oracle documentation	https://docs.oracle.com/javase/tutorial/essential/regex/	/home/fhu_thjen/projects/learning-java/30-regex/anki/code-question.tsv	10
ok	200	official Java/Oracle documentation	https://docs.oracle.com/javase/tutorial/essential/regex/	/home/fhu_thjen/projects/learning-java/30-regex/anki/code-question.tsv	11
ok	200	official Java/Oracle documentation	https://docs.oracle.com/javase/tutorial/essential/regex/	/home/fhu_thjen/projects/learning-java/30-regex/anki/code-question.tsv	12
ok	200	official Java/Oracle documentation	https://docs.oracle.com/javase/tutorial/essential/regex/	/home/fhu_thjen/projects/learning-java/30-regex/anki/code-question.tsv	13
ok	200	official Java/Oracle documentation	https://docs.oracle.com/javase/tutorial/essential/regex/	/home/fhu_thjen/projects/learning-java/30-regex/anki/code-question.tsv	14
ok	200	official Java/Oracle documentation	https://docs.oracle.com/javase/tutorial/essential/regex/	/home/fhu_thjen/projects/learning-java/30-regex/anki/code-question.tsv	15
ok	200	official Java/Oracle documentation	https://docs.oracle.com/javase/tutorial/essential/regex/	/home/fhu_thjen/projects/learning-java/30-regex/anki/code-question.tsv	16
ok	200	official Java/Oracle documentation	https://docs.oracle.com/javase/tutorial/essential/regex/	/home/fhu_thjen/projects/learning-java/30-regex/anki/code-question.tsv	17
ok	200	official Java/Oracle documentation	https://docs.oracle.com/javase/tutorial/essential/regex/	/home/fhu_thjen/projects/learning-java/30-regex/anki/code-question.tsv	18
ok	200	official Java/Oracle documentation	https://docs.oracle.com/javase/tutorial/essential/regex/	/home/fhu_thjen/projects/learning-java/30-regex/anki/code-question.tsv	19
ok	200	official Java/Oracle documentation	https://docs.oracle.com/javase/tutorial/essential/regex/	/home/fhu_thjen/projects/learning-java/30-regex/anki/code-question.tsv	20
ok	200	official Java/Oracle documentation	https://docs.oracle.com/javase/tutorial/essential/regex/	/home/fhu_thjen/projects/learning-java/30-regex/anki/code-question.tsv	21
ok	200	official Java/Oracle documentation	https://docs.oracle.com/javase/tutorial/essential/regex/	/home/fhu_thjen/projects/learning-java/30-regex/anki/code-question.tsv	22
ok	200	official Java/Oracle documentation	https://docs.oracle.com/javase/tutorial/essential/regex/	/home/fhu_thjen/projects/learning-java/30-regex/anki/code-question.tsv	23
ok	200	official Java/Oracle documentation	https://docs.oracle.com/javase/tutorial/essential/regex/	/home/fhu_thjen/projects/learning-java/30-regex/anki/code-question.tsv	24
ok	200	official Java/Oracle documentation	https://docs.oracle.com/javase/tutorial/essential/regex/	/home/fhu_thjen/projects/learning-java/30-regex/anki/code-question.tsv	25
ok	200	official Java/Oracle documentation	https://docs.oracle.com/javase/tutorial/essential/regex/	/home/fhu_thjen/projects/learning-java/30-regex/anki/code-question.tsv	26
ok	200	official Java/Oracle documentation	https://docs.oracle.com/en/java/javase/21/docs/api/java.base/java/util/regex/Pattern.html	/home/fhu_thjen/projects/learning-java/30-regex/anki/code-question.tsv	27
ok	200	official Java/Oracle documentation	https://docs.oracle.com/en/java/javase/21/docs/api/java.base/java/util/regex/Pattern.html	/home/fhu_thjen/projects/learning-java/30-regex/anki/code-question.tsv	28
ok	200	official Java/Oracle documentation	https://docs.oracle.com/javase/tutorial/essential/regex/bounds.html	/home/fhu_thjen/projects/learning-java/30-regex/anki/code-question.tsv	29
ok	200	official Java/Oracle documentation	https://docs.oracle.com/en/java/javase/21/docs/api/java.base/java/lang/String.html#split(java.lang.String,int	/home/fhu_thjen/projects/learning-java/30-regex/anki/code-question.tsv	30
ok	200	official Java/Oracle documentation	https://docs.oracle.com/javase/tutorial/reflect/	/home/fhu_thjen/projects/learning-java/31-reflection/anki/basic-extra.tsv	2
ok	200	official Java/Oracle documentation	https://docs.oracle.com/javase/tutorial/reflect/	/home/fhu_thjen/projects/learning-java/31-reflection/anki/basic-extra.tsv	3
ok	200	official Java/Oracle documentation	https://docs.oracle.com/javase/tutorial/reflect/	/home/fhu_thjen/projects/learning-java/31-reflection/anki/basic-extra.tsv	4
ok	200	official Java/Oracle documentation	https://docs.oracle.com/javase/tutorial/reflect/	/home/fhu_thjen/projects/learning-java/31-reflection/anki/basic-extra.tsv	5
ok	200	official Java/Oracle documentation	https://docs.oracle.com/javase/tutorial/reflect/	/home/fhu_thjen/projects/learning-java/31-reflection/anki/basic-extra.tsv	6
ok	200	official Java/Oracle documentation	https://docs.oracle.com/javase/tutorial/reflect/	/home/fhu_thjen/projects/learning-java/31-reflection/anki/basic-extra.tsv	7
ok	200	official Java/Oracle documentation	https://docs.oracle.com/javase/tutorial/reflect/	/home/fhu_thjen/projects/learning-java/31-reflection/anki/basic-extra.tsv	8
ok	200	official Java/Oracle documentation	https://docs.oracle.com/javase/tutorial/reflect/	/home/fhu_thjen/projects/learning-java/31-reflection/anki/basic-extra.tsv	9
ok	200	official Java/Oracle documentation	https://docs.oracle.com/javase/tutorial/reflect/	/home/fhu_thjen/projects/learning-java/31-reflection/anki/basic-extra.tsv	10
ok	200	official Java/Oracle documentation	https://docs.oracle.com/javase/tutorial/reflect/	/home/fhu_thjen/projects/learning-java/31-reflection/anki/basic-extra.tsv	11
ok	200	official Java/Oracle documentation	https://docs.oracle.com/javase/tutorial/reflect/	/home/fhu_thjen/projects/learning-java/31-reflection/anki/basic-extra.tsv	12
ok	200	official Java/Oracle documentation	https://docs.oracle.com/javase/tutorial/reflect/	/home/fhu_thjen/projects/learning-java/31-reflection/anki/basic-extra.tsv	13
ok	200	official Java/Oracle documentation	https://docs.oracle.com/en/java/javase/21/docs/api/java.base/java/lang/invoke/MethodHandles.html	/home/fhu_thjen/projects/learning-java/31-reflection/anki/basic-extra.tsv	14
ok	200	official Java/Oracle documentation	https://docs.oracle.com/javase/specs/jls/se21/html/jls-12.html#jls-12.2	/home/fhu_thjen/projects/learning-java/31-reflection/anki/basic-extra.tsv	15
ok	200	official Java/Oracle documentation	https://docs.oracle.com/javase/tutorial/reflect/	/home/fhu_thjen/projects/learning-java/31-reflection/anki/basic.tsv	2
ok	200	official Java/Oracle documentation	https://docs.oracle.com/javase/tutorial/reflect/	/home/fhu_thjen/projects/learning-java/31-reflection/anki/basic.tsv	3
ok	200	official Java/Oracle documentation	https://docs.oracle.com/javase/tutorial/reflect/	/home/fhu_thjen/projects/learning-java/31-reflection/anki/basic.tsv	4
ok	200	official Java/Oracle documentation	https://docs.oracle.com/javase/tutorial/reflect/	/home/fhu_thjen/projects/learning-java/31-reflection/anki/basic.tsv	5
ok	200	official Java/Oracle documentation	https://docs.oracle.com/javase/tutorial/reflect/	/home/fhu_thjen/projects/learning-java/31-reflection/anki/basic.tsv	6
ok	200	official Java/Oracle documentation	https://docs.oracle.com/javase/tutorial/reflect/	/home/fhu_thjen/projects/learning-java/31-reflection/anki/basic.tsv	7
ok	200	official Java/Oracle documentation	https://docs.oracle.com/javase/tutorial/reflect/	/home/fhu_thjen/projects/learning-java/31-reflection/anki/basic.tsv	8
ok	200	official Java/Oracle documentation	https://docs.oracle.com/javase/tutorial/reflect/	/home/fhu_thjen/projects/learning-java/31-reflection/anki/basic.tsv	9
ok	200	official Java/Oracle documentation	https://docs.oracle.com/javase/tutorial/reflect/	/home/fhu_thjen/projects/learning-java/31-reflection/anki/basic.tsv	10
ok	200	official Java/Oracle documentation	https://docs.oracle.com/javase/tutorial/reflect/	/home/fhu_thjen/projects/learning-java/31-reflection/anki/basic.tsv	11
ok	200	official Java/Oracle documentation	https://docs.oracle.com/javase/tutorial/reflect/	/home/fhu_thjen/projects/learning-java/31-reflection/anki/basic.tsv	12
ok	200	official Java/Oracle documentation	https://docs.oracle.com/javase/tutorial/reflect/	/home/fhu_thjen/projects/learning-java/31-reflection/anki/basic.tsv	13
ok	200	official Java/Oracle documentation	https://docs.oracle.com/javase/tutorial/reflect/	/home/fhu_thjen/projects/learning-java/31-reflection/anki/basic.tsv	14
ok	200	official Java/Oracle documentation	https://docs.oracle.com/javase/tutorial/reflect/	/home/fhu_thjen/projects/learning-java/31-reflection/anki/basic.tsv	15
ok	200	official Java/Oracle documentation	https://docs.oracle.com/javase/tutorial/reflect/	/home/fhu_thjen/projects/learning-java/31-reflection/anki/basic.tsv	16
ok	200	official Java/Oracle documentation	https://docs.oracle.com/javase/tutorial/reflect/	/home/fhu_thjen/projects/learning-java/31-reflection/anki/basic.tsv	17
ok	200	official Java/Oracle documentation	https://docs.oracle.com/javase/tutorial/reflect/	/home/fhu_thjen/projects/learning-java/31-reflection/anki/basic.tsv	18
ok	200	official Java/Oracle documentation	https://docs.oracle.com/javase/tutorial/reflect/	/home/fhu_thjen/projects/learning-java/31-reflection/anki/basic.tsv	19
ok	200	official Java/Oracle documentation	https://docs.oracle.com/javase/tutorial/reflect/	/home/fhu_thjen/projects/learning-java/31-reflection/anki/basic.tsv	20
ok	200	official Java/Oracle documentation	https://docs.oracle.com/javase/tutorial/reflect/	/home/fhu_thjen/projects/learning-java/31-reflection/anki/basic.tsv	21
ok	200	official Java/Oracle documentation	https://docs.oracle.com/javase/tutorial/reflect/	/home/fhu_thjen/projects/learning-java/31-reflection/anki/basic.tsv	22
ok	200	official Java/Oracle documentation	https://docs.oracle.com/javase/tutorial/reflect/	/home/fhu_thjen/projects/learning-java/31-reflection/anki/basic.tsv	23
ok	200	official Java/Oracle documentation	https://docs.oracle.com/javase/tutorial/reflect/	/home/fhu_thjen/projects/learning-java/31-reflection/anki/basic.tsv	24
ok	200	official Java/Oracle documentation	https://docs.oracle.com/javase/tutorial/reflect/	/home/fhu_thjen/projects/learning-java/31-reflection/anki/basic.tsv	25
ok	200	official Java/Oracle documentation	https://docs.oracle.com/en/java/javase/21/docs/api/java.base/java/lang/invoke/MethodHandles.html	/home/fhu_thjen/projects/learning-java/31-reflection/anki/basic.tsv	26
ok	200	official Java/Oracle documentation	https://docs.oracle.com/en/java/javase/21/docs/api/java.base/java/lang/invoke/MethodHandles.html	/home/fhu_thjen/projects/learning-java/31-reflection/anki/basic.tsv	27
ok	200	official Java/Oracle documentation	https://docs.oracle.com/javase/specs/jls/se21/html/jls-12.html#jls-12.2	/home/fhu_thjen/projects/learning-java/31-reflection/anki/basic.tsv	28
ok	200	official Java/Oracle documentation	https://docs.oracle.com/javase/tutorial/reflect/	/home/fhu_thjen/projects/learning-java/31-reflection/anki/cloze.tsv	2
ok	200	official Java/Oracle documentation	https://docs.oracle.com/javase/tutorial/reflect/	/home/fhu_thjen/projects/learning-java/31-reflection/anki/cloze.tsv	3
ok	200	official Java/Oracle documentation	https://docs.oracle.com/javase/tutorial/reflect/	/home/fhu_thjen/projects/learning-java/31-reflection/anki/cloze.tsv	4
ok	200	official Java/Oracle documentation	https://docs.oracle.com/javase/tutorial/reflect/	/home/fhu_thjen/projects/learning-java/31-reflection/anki/cloze.tsv	5
ok	200	official Java/Oracle documentation	https://docs.oracle.com/javase/tutorial/reflect/	/home/fhu_thjen/projects/learning-java/31-reflection/anki/cloze.tsv	6
ok	200	official Java/Oracle documentation	https://docs.oracle.com/javase/tutorial/reflect/	/home/fhu_thjen/projects/learning-java/31-reflection/anki/cloze.tsv	7
ok	200	official Java/Oracle documentation	https://docs.oracle.com/javase/tutorial/reflect/	/home/fhu_thjen/projects/learning-java/31-reflection/anki/cloze.tsv	8
ok	200	official Java/Oracle documentation	https://docs.oracle.com/javase/tutorial/reflect/	/home/fhu_thjen/projects/learning-java/31-reflection/anki/cloze.tsv	9
ok	200	official Java/Oracle documentation	https://docs.oracle.com/javase/tutorial/reflect/	/home/fhu_thjen/projects/learning-java/31-reflection/anki/cloze.tsv	10
ok	200	official Java/Oracle documentation	https://docs.oracle.com/javase/tutorial/reflect/	/home/fhu_thjen/projects/learning-java/31-reflection/anki/cloze.tsv	11
ok	200	official Java/Oracle documentation	https://docs.oracle.com/javase/tutorial/reflect/	/home/fhu_thjen/projects/learning-java/31-reflection/anki/cloze.tsv	12
ok	200	official Java/Oracle documentation	https://docs.oracle.com/javase/tutorial/reflect/	/home/fhu_thjen/projects/learning-java/31-reflection/anki/cloze.tsv	13
ok	200	official Java/Oracle documentation	https://docs.oracle.com/javase/tutorial/reflect/	/home/fhu_thjen/projects/learning-java/31-reflection/anki/code-question.tsv	2
ok	200	official Java/Oracle documentation	https://docs.oracle.com/javase/tutorial/reflect/	/home/fhu_thjen/projects/learning-java/31-reflection/anki/code-question.tsv	3
ok	200	official Java/Oracle documentation	https://docs.oracle.com/javase/tutorial/reflect/	/home/fhu_thjen/projects/learning-java/31-reflection/anki/code-question.tsv	4
ok	200	official Java/Oracle documentation	https://docs.oracle.com/javase/tutorial/reflect/	/home/fhu_thjen/projects/learning-java/31-reflection/anki/code-question.tsv	5
ok	200	official Java/Oracle documentation	https://docs.oracle.com/javase/tutorial/reflect/	/home/fhu_thjen/projects/learning-java/31-reflection/anki/code-question.tsv	6
ok	200	official Java/Oracle documentation	https://docs.oracle.com/javase/tutorial/reflect/	/home/fhu_thjen/projects/learning-java/31-reflection/anki/code-question.tsv	7
ok	200	official Java/Oracle documentation	https://docs.oracle.com/javase/tutorial/reflect/	/home/fhu_thjen/projects/learning-java/31-reflection/anki/code-question.tsv	8
ok	200	official Java/Oracle documentation	https://docs.oracle.com/javase/tutorial/reflect/	/home/fhu_thjen/projects/learning-java/31-reflection/anki/code-question.tsv	9
ok	200	official Java/Oracle documentation	https://docs.oracle.com/javase/tutorial/reflect/	/home/fhu_thjen/projects/learning-java/31-reflection/anki/code-question.tsv	10
ok	200	official Java/Oracle documentation	https://docs.oracle.com/javase/tutorial/reflect/	/home/fhu_thjen/projects/learning-java/31-reflection/anki/code-question.tsv	11
ok	200	official Java/Oracle documentation	https://docs.oracle.com/javase/tutorial/reflect/	/home/fhu_thjen/projects/learning-java/31-reflection/anki/code-question.tsv	12
ok	200	official Java/Oracle documentation	https://docs.oracle.com/javase/tutorial/reflect/	/home/fhu_thjen/projects/learning-java/31-reflection/anki/code-question.tsv	13
ok	200	official Java/Oracle documentation	https://docs.oracle.com/javase/tutorial/reflect/	/home/fhu_thjen/projects/learning-java/31-reflection/anki/code-question.tsv	14
ok	200	official Java/Oracle documentation	https://docs.oracle.com/javase/tutorial/reflect/	/home/fhu_thjen/projects/learning-java/31-reflection/anki/code-question.tsv	15
ok	200	official Java/Oracle documentation	https://docs.oracle.com/javase/tutorial/reflect/	/home/fhu_thjen/projects/learning-java/31-reflection/anki/code-question.tsv	16
ok	200	official Java/Oracle documentation	https://docs.oracle.com/javase/tutorial/reflect/	/home/fhu_thjen/projects/learning-java/31-reflection/anki/code-question.tsv	17
ok	200	official Java/Oracle documentation	https://docs.oracle.com/javase/tutorial/reflect/	/home/fhu_thjen/projects/learning-java/31-reflection/anki/code-question.tsv	18
ok	200	official Java/Oracle documentation	https://docs.oracle.com/javase/tutorial/reflect/	/home/fhu_thjen/projects/learning-java/31-reflection/anki/code-question.tsv	19
ok	200	official Java/Oracle documentation	https://docs.oracle.com/javase/tutorial/reflect/	/home/fhu_thjen/projects/learning-java/31-reflection/anki/code-question.tsv	20
ok	200	official Java/Oracle documentation	https://docs.oracle.com/javase/tutorial/reflect/	/home/fhu_thjen/projects/learning-java/31-reflection/anki/code-question.tsv	21
ok	200	official Java/Oracle documentation	https://docs.oracle.com/javase/tutorial/reflect/	/home/fhu_thjen/projects/learning-java/31-reflection/anki/code-question.tsv	22
ok	200	official Java/Oracle documentation	https://docs.oracle.com/javase/tutorial/reflect/	/home/fhu_thjen/projects/learning-java/31-reflection/anki/code-question.tsv	23
ok	200	official Java/Oracle documentation	https://docs.oracle.com/javase/tutorial/reflect/	/home/fhu_thjen/projects/learning-java/31-reflection/anki/code-question.tsv	24
ok	200	official Java/Oracle documentation	https://docs.oracle.com/javase/specs/jvms/se21/html/jvms-5.html	/home/fhu_thjen/projects/learning-java/32-classloader/anki/basic-extra.tsv	2
ok	200	official Java/Oracle documentation	https://docs.oracle.com/en/java/javase/21/docs/api/java.base/java/lang/ClassLoader.html	/home/fhu_thjen/projects/learning-java/32-classloader/anki/basic-extra.tsv	3
ok	200	official Java/Oracle documentation	https://docs.oracle.com/javase/specs/jvms/se21/html/jvms-5.html	/home/fhu_thjen/projects/learning-java/32-classloader/anki/basic-extra.tsv	4
ok	200	official Java/Oracle documentation	https://docs.oracle.com/en/java/javase/21/docs/api/java.base/java/lang/ClassLoader.html	/home/fhu_thjen/projects/learning-java/32-classloader/anki/basic-extra.tsv	5
ok	200	needs manual trust review	https://tomcat.apache.org/tomcat-11.0-doc/class-loader-howto.html	/home/fhu_thjen/projects/learning-java/32-classloader/anki/basic-extra.tsv	6
ok	200	official Java/Oracle documentation	https://docs.oracle.com/en/java/javase/21/docs/api/java.base/java/lang/ClassLoader.html	/home/fhu_thjen/projects/learning-java/32-classloader/anki/basic-extra.tsv	7
ok	200	official Java/Oracle documentation	https://docs.oracle.com/en/java/javase/21/docs/api/java.base/java/lang/ClassLoader.html	/home/fhu_thjen/projects/learning-java/32-classloader/anki/basic-extra.tsv	8
ok	200	official Java/Oracle documentation	https://docs.oracle.com/javase/specs/jvms/se21/html/jvms-5.html	/home/fhu_thjen/projects/learning-java/32-classloader/anki/basic-extra.tsv	9
ok	200	official Java/Oracle documentation	https://docs.oracle.com/en/java/javase/21/docs/api/java.base/java/lang/ClassLoader.html	/home/fhu_thjen/projects/learning-java/32-classloader/anki/basic-extra.tsv	10
ok	200	official Java/Oracle documentation	https://docs.oracle.com/javase/specs/jvms/se21/html/jvms-5.html	/home/fhu_thjen/projects/learning-java/32-classloader/anki/basic-extra.tsv	11
ok	200	official Java/Oracle documentation	https://docs.oracle.com/javase/specs/jvms/se21/html/jvms-5.html	/home/fhu_thjen/projects/learning-java/32-classloader/anki/basic.tsv	2
ok	200	official Java/Oracle documentation	https://docs.oracle.com/javase/specs/jvms/se21/html/jvms-5.html	/home/fhu_thjen/projects/learning-java/32-classloader/anki/basic.tsv	3
ok	200	official Java/Oracle documentation	https://docs.oracle.com/javase/specs/jvms/se21/html/jvms-5.html	/home/fhu_thjen/projects/learning-java/32-classloader/anki/basic.tsv	4
ok	200	official Java/Oracle documentation	https://docs.oracle.com/javase/specs/jvms/se21/html/jvms-5.html	/home/fhu_thjen/projects/learning-java/32-classloader/anki/basic.tsv	5
ok	200	official Java/Oracle documentation	https://docs.oracle.com/en/java/javase/21/docs/api/java.base/java/lang/ClassLoader.html	/home/fhu_thjen/projects/learning-java/32-classloader/anki/basic.tsv	6
ok	200	official Java/Oracle documentation	https://docs.oracle.com/en/java/javase/21/docs/api/java.base/java/lang/ClassLoader.html	/home/fhu_thjen/projects/learning-java/32-classloader/anki/basic.tsv	7
ok	200	official Java/Oracle documentation	https://docs.oracle.com/en/java/javase/21/docs/api/java.base/java/lang/ClassLoader.html	/home/fhu_thjen/projects/learning-java/32-classloader/anki/basic.tsv	8
ok	200	official Java/Oracle documentation	https://docs.oracle.com/en/java/javase/21/docs/api/java.base/java/lang/ClassLoader.html	/home/fhu_thjen/projects/learning-java/32-classloader/anki/basic.tsv	9
ok	200	official Java/Oracle documentation	https://docs.oracle.com/en/java/javase/21/docs/api/java.base/java/lang/ClassLoader.html	/home/fhu_thjen/projects/learning-java/32-classloader/anki/basic.tsv	10
ok	200	official Java/Oracle documentation	https://docs.oracle.com/en/java/javase/21/docs/api/java.base/java/lang/ClassLoader.html	/home/fhu_thjen/projects/learning-java/32-classloader/anki/basic.tsv	11
ok	200	official Java/Oracle documentation	https://docs.oracle.com/en/java/javase/21/docs/api/java.base/java/lang/ClassLoader.html	/home/fhu_thjen/projects/learning-java/32-classloader/anki/basic.tsv	12
ok	200	official Java/Oracle documentation	https://docs.oracle.com/javase/specs/jvms/se21/html/jvms-5.html	/home/fhu_thjen/projects/learning-java/32-classloader/anki/basic.tsv	13
ok	200	official Java/Oracle documentation	https://docs.oracle.com/en/java/javase/21/docs/api/java.base/java/lang/ClassLoader.html	/home/fhu_thjen/projects/learning-java/32-classloader/anki/basic.tsv	14
ok	200	needs manual trust review	https://tomcat.apache.org/tomcat-11.0-doc/class-loader-howto.html	/home/fhu_thjen/projects/learning-java/32-classloader/anki/basic.tsv	15
ok	200	official Java/Oracle documentation	https://docs.oracle.com/javase/specs/jvms/se21/html/jvms-5.html	/home/fhu_thjen/projects/learning-java/32-classloader/anki/basic.tsv	16
ok	200	official Java/Oracle documentation	https://docs.oracle.com/javase/specs/jvms/se21/html/jvms-5.html	/home/fhu_thjen/projects/learning-java/32-classloader/anki/cloze.tsv	2
ok	200	official Java/Oracle documentation	https://docs.oracle.com/javase/specs/jvms/se21/html/jvms-5.html	/home/fhu_thjen/projects/learning-java/32-classloader/anki/cloze.tsv	3
ok	200	official Java/Oracle documentation	https://docs.oracle.com/en/java/javase/21/docs/api/java.base/java/lang/ClassLoader.html	/home/fhu_thjen/projects/learning-java/32-classloader/anki/cloze.tsv	4
ok	200	official Java/Oracle documentation	https://docs.oracle.com/en/java/javase/21/docs/api/java.base/java/lang/ClassLoader.html	/home/fhu_thjen/projects/learning-java/32-classloader/anki/cloze.tsv	5
ok	200	official Java/Oracle documentation	https://docs.oracle.com/en/java/javase/21/docs/api/java.base/java/lang/ClassLoader.html	/home/fhu_thjen/projects/learning-java/32-classloader/anki/cloze.tsv	6
ok	200	official Java/Oracle documentation	https://docs.oracle.com/javase/specs/jvms/se21/html/jvms-5.html	/home/fhu_thjen/projects/learning-java/32-classloader/anki/cloze.tsv	7
ok	200	official Java/Oracle documentation	https://docs.oracle.com/en/java/javase/21/docs/api/java.base/java/lang/ClassLoader.html	/home/fhu_thjen/projects/learning-java/32-classloader/anki/cloze.tsv	8
ok	200	official Java/Oracle documentation	https://docs.oracle.com/javase/specs/jvms/se21/html/jvms-5.html	/home/fhu_thjen/projects/learning-java/32-classloader/anki/cloze.tsv	9
ok	200	official Java/Oracle documentation	https://docs.oracle.com/javase/specs/jvms/se21/html/jvms-5.html	/home/fhu_thjen/projects/learning-java/32-classloader/anki/code-question.tsv	2
ok	200	official Java/Oracle documentation	https://docs.oracle.com/javase/specs/jvms/se21/html/jvms-5.html	/home/fhu_thjen/projects/learning-java/32-classloader/anki/code-question.tsv	3
ok	200	official Java/Oracle documentation	https://docs.oracle.com/en/java/javase/21/docs/api/java.base/java/lang/ClassLoader.html	/home/fhu_thjen/projects/learning-java/32-classloader/anki/code-question.tsv	4
ok	200	official Java/Oracle documentation	https://docs.oracle.com/en/java/javase/21/docs/api/java.base/java/lang/ClassLoader.html	/home/fhu_thjen/projects/learning-java/32-classloader/anki/code-question.tsv	5
ok	200	official Java/Oracle documentation	https://docs.oracle.com/javase/specs/jvms/se21/html/jvms-5.html	/home/fhu_thjen/projects/learning-java/32-classloader/anki/code-question.tsv	6
ok	200	official Java/Oracle documentation	https://docs.oracle.com/en/java/javase/21/docs/api/java.base/java/lang/ClassLoader.html	/home/fhu_thjen/projects/learning-java/32-classloader/anki/code-question.tsv	7
ok	200	official Java/Oracle documentation	https://docs.oracle.com/en/java/javase/21/docs/api/java.base/java/lang/ClassLoader.html	/home/fhu_thjen/projects/learning-java/32-classloader/anki/code-question.tsv	8
ok	200	official Java/Oracle documentation	https://docs.oracle.com/en/java/javase/21/docs/api/java.base/java/lang/ClassLoader.html	/home/fhu_thjen/projects/learning-java/32-classloader/anki/code-question.tsv	9
ok	200	official Java/Oracle documentation	https://docs.oracle.com/en/java/javase/21/docs/api/java.base/java/lang/ClassLoader.html	/home/fhu_thjen/projects/learning-java/32-classloader/anki/code-question.tsv	10
ok	200	official Java/Oracle documentation	https://docs.oracle.com/en/java/javase/21/docs/api/java.base/java/lang/ClassLoader.html	/home/fhu_thjen/projects/learning-java/32-classloader/anki/code-question.tsv	11
ok	200	official Java learning site	https://dev.java/learn/modules/	/home/fhu_thjen/projects/learning-java/33-module-system/anki/basic-extra.tsv	2
ok	200	official Java learning site	https://dev.java/learn/modules/	/home/fhu_thjen/projects/learning-java/33-module-system/anki/basic-extra.tsv	3
ok	200	official Java learning site	https://dev.java/learn/modules/	/home/fhu_thjen/projects/learning-java/33-module-system/anki/basic-extra.tsv	4
ok	200	official Java learning site	https://dev.java/learn/modules/	/home/fhu_thjen/projects/learning-java/33-module-system/anki/basic-extra.tsv	5
ok	200	official Java learning site	https://dev.java/learn/modules/	/home/fhu_thjen/projects/learning-java/33-module-system/anki/basic-extra.tsv	6
ok	200	official Java learning site	https://dev.java/learn/modules/	/home/fhu_thjen/projects/learning-java/33-module-system/anki/basic-extra.tsv	7
ok	200	official Java learning site	https://dev.java/learn/modules/	/home/fhu_thjen/projects/learning-java/33-module-system/anki/basic.tsv	2
ok	200	official Java learning site	https://dev.java/learn/modules/	/home/fhu_thjen/projects/learning-java/33-module-system/anki/basic.tsv	3
ok	200	official Java learning site	https://dev.java/learn/modules/	/home/fhu_thjen/projects/learning-java/33-module-system/anki/basic.tsv	4
ok	200	official Java learning site	https://dev.java/learn/modules/	/home/fhu_thjen/projects/learning-java/33-module-system/anki/basic.tsv	5
ok	200	official Java learning site	https://dev.java/learn/modules/	/home/fhu_thjen/projects/learning-java/33-module-system/anki/basic.tsv	6
ok	200	official Java learning site	https://dev.java/learn/modules/	/home/fhu_thjen/projects/learning-java/33-module-system/anki/basic.tsv	7
ok	200	official Java learning site	https://dev.java/learn/modules/	/home/fhu_thjen/projects/learning-java/33-module-system/anki/basic.tsv	8
ok	200	official Java learning site	https://dev.java/learn/modules/	/home/fhu_thjen/projects/learning-java/33-module-system/anki/basic.tsv	9
ok	200	official Java learning site	https://dev.java/learn/modules/	/home/fhu_thjen/projects/learning-java/33-module-system/anki/basic.tsv	10
ok	200	official Java learning site	https://dev.java/learn/modules/	/home/fhu_thjen/projects/learning-java/33-module-system/anki/basic.tsv	11
ok	200	official Java learning site	https://dev.java/learn/modules/	/home/fhu_thjen/projects/learning-java/33-module-system/anki/basic.tsv	12
ok	200	official Java learning site	https://dev.java/learn/modules/	/home/fhu_thjen/projects/learning-java/33-module-system/anki/basic.tsv	13
ok	200	official Java learning site	https://dev.java/learn/modules/	/home/fhu_thjen/projects/learning-java/33-module-system/anki/basic.tsv	14
ok	200	official Java learning site	https://dev.java/learn/modules/	/home/fhu_thjen/projects/learning-java/33-module-system/anki/basic.tsv	15
ok	200	official Java learning site	https://dev.java/learn/modules/	/home/fhu_thjen/projects/learning-java/33-module-system/anki/cloze.tsv	2
ok	200	official Java learning site	https://dev.java/learn/modules/	/home/fhu_thjen/projects/learning-java/33-module-system/anki/cloze.tsv	3
ok	200	official Java learning site	https://dev.java/learn/modules/	/home/fhu_thjen/projects/learning-java/33-module-system/anki/cloze.tsv	4
ok	200	official Java learning site	https://dev.java/learn/modules/	/home/fhu_thjen/projects/learning-java/33-module-system/anki/cloze.tsv	5
ok	200	official Java learning site	https://dev.java/learn/modules/	/home/fhu_thjen/projects/learning-java/33-module-system/anki/cloze.tsv	6
ok	200	official Java learning site	https://dev.java/learn/modules/	/home/fhu_thjen/projects/learning-java/33-module-system/anki/cloze.tsv	7
ok	200	official Java learning site	https://dev.java/learn/modules/	/home/fhu_thjen/projects/learning-java/33-module-system/anki/code-question.tsv	2
ok	200	official Java learning site	https://dev.java/learn/modules/	/home/fhu_thjen/projects/learning-java/33-module-system/anki/code-question.tsv	3
ok	200	official Java learning site	https://dev.java/learn/modules/	/home/fhu_thjen/projects/learning-java/33-module-system/anki/code-question.tsv	4
ok	200	official Java learning site	https://dev.java/learn/modules/	/home/fhu_thjen/projects/learning-java/33-module-system/anki/code-question.tsv	5
ok	200	official Java learning site	https://dev.java/learn/modules/	/home/fhu_thjen/projects/learning-java/33-module-system/anki/code-question.tsv	6
ok	200	official Java learning site	https://dev.java/learn/modules/	/home/fhu_thjen/projects/learning-java/33-module-system/anki/code-question.tsv	7
ok	200	official Java learning site	https://dev.java/learn/modules/	/home/fhu_thjen/projects/learning-java/33-module-system/anki/code-question.tsv	8
ok	200	official Java/Oracle documentation	https://docs.oracle.com/en/java/javase/21/docs/api/java.sql/java/sql/PreparedStatement.html	/home/fhu_thjen/projects/learning-java/34-jdbc/anki/basic-extra.tsv	2
ok	200	official Java/Oracle documentation	https://docs.oracle.com/en/java/javase/21/docs/api/java.sql/java/sql/PreparedStatement.html	/home/fhu_thjen/projects/learning-java/34-jdbc/anki/basic-extra.tsv	3
ok	200	official Java/Oracle documentation	https://docs.oracle.com/en/java/javase/21/docs/api/java.sql/java/sql/Connection.html#setAutoCommit(boolean	/home/fhu_thjen/projects/learning-java/34-jdbc/anki/basic-extra.tsv	4
ok	200	official Java/Oracle documentation	https://docs.oracle.com/en/java/javase/21/docs/api/java.sql/java/sql/Savepoint.html	/home/fhu_thjen/projects/learning-java/34-jdbc/anki/basic-extra.tsv	5
ok	200	source repository or project documentation	https://github.com/brettwooldridge/HikariCP	/home/fhu_thjen/projects/learning-java/34-jdbc/anki/basic-extra.tsv	6
ok	200	official Java/Oracle documentation	https://docs.oracle.com/javase/tutorial/jdbc/	/home/fhu_thjen/projects/learning-java/34-jdbc/anki/basic-extra.tsv	7
ok	200	official Java/Oracle documentation	https://docs.oracle.com/javase/tutorial/jdbc/	/home/fhu_thjen/projects/learning-java/34-jdbc/anki/basic-extra.tsv	8
ok	200	official Java/Oracle documentation	https://docs.oracle.com/javase/tutorial/jdbc/	/home/fhu_thjen/projects/learning-java/34-jdbc/anki/basic-extra.tsv	9
ok	200	official Java/Oracle documentation	https://docs.oracle.com/javase/tutorial/jdbc/	/home/fhu_thjen/projects/learning-java/34-jdbc/anki/basic-extra.tsv	10
ok	200	official Java/Oracle documentation	https://docs.oracle.com/javase/tutorial/jdbc/basics/transactions.html	/home/fhu_thjen/projects/learning-java/34-jdbc/anki/basic-extra.tsv	11
ok	200	official Java/Oracle documentation	https://docs.oracle.com/javase/tutorial/jdbc/	/home/fhu_thjen/projects/learning-java/34-jdbc/anki/basic.tsv	2
ok	200	official Java/Oracle documentation	https://docs.oracle.com/en/java/javase/21/docs/api/java.sql/java/sql/PreparedStatement.html	/home/fhu_thjen/projects/learning-java/34-jdbc/anki/basic.tsv	3
ok	200	official Java/Oracle documentation	https://docs.oracle.com/en/java/javase/21/docs/api/java.sql/java/sql/PreparedStatement.html	/home/fhu_thjen/projects/learning-java/34-jdbc/anki/basic.tsv	4
ok	200	official Java/Oracle documentation	https://docs.oracle.com/en/java/javase/21/docs/api/java.sql/java/sql/CallableStatement.html	/home/fhu_thjen/projects/learning-java/34-jdbc/anki/basic.tsv	5
ok	200	official Java/Oracle documentation	https://docs.oracle.com/en/java/javase/21/docs/api/java.sql/java/sql/Connection.html#setAutoCommit(boolean	/home/fhu_thjen/projects/learning-java/34-jdbc/anki/basic.tsv	6
ok	200	official Java/Oracle documentation	https://docs.oracle.com/en/java/javase/21/docs/api/java.sql/java/sql/Connection.html#setAutoCommit(boolean	/home/fhu_thjen/projects/learning-java/34-jdbc/anki/basic.tsv	7
ok	200	official Java/Oracle documentation	https://docs.oracle.com/en/java/javase/21/docs/api/java.sql/java/sql/Savepoint.html	/home/fhu_thjen/projects/learning-java/34-jdbc/anki/basic.tsv	8
ok	200	source repository or project documentation	https://github.com/brettwooldridge/HikariCP	/home/fhu_thjen/projects/learning-java/34-jdbc/anki/basic.tsv	9
ok	200	official Java/Oracle documentation	https://docs.oracle.com/javase/tutorial/jdbc/	/home/fhu_thjen/projects/learning-java/34-jdbc/anki/basic.tsv	10
ok	200	official Java/Oracle documentation	https://docs.oracle.com/javase/tutorial/jdbc/	/home/fhu_thjen/projects/learning-java/34-jdbc/anki/basic.tsv	11
ok	200	official Java/Oracle documentation	https://docs.oracle.com/javase/tutorial/jdbc/	/home/fhu_thjen/projects/learning-java/34-jdbc/anki/basic.tsv	12
ok	200	official Java/Oracle documentation	https://docs.oracle.com/javase/tutorial/jdbc/	/home/fhu_thjen/projects/learning-java/34-jdbc/anki/basic.tsv	13
ok	200	official Java/Oracle documentation	https://docs.oracle.com/javase/tutorial/jdbc/	/home/fhu_thjen/projects/learning-java/34-jdbc/anki/basic.tsv	14
ok	200	official Java/Oracle documentation	https://docs.oracle.com/javase/tutorial/jdbc/	/home/fhu_thjen/projects/learning-java/34-jdbc/anki/basic.tsv	15
ok	200	official Java/Oracle documentation	https://docs.oracle.com/javase/tutorial/jdbc/	/home/fhu_thjen/projects/learning-java/34-jdbc/anki/basic.tsv	16
ok	200	official Java/Oracle documentation	https://docs.oracle.com/en/java/javase/21/docs/api/java.sql/java/sql/PreparedStatement.html	/home/fhu_thjen/projects/learning-java/34-jdbc/anki/cloze.tsv	2
ok	200	official Java/Oracle documentation	https://docs.oracle.com/en/java/javase/21/docs/api/java.sql/java/sql/Connection.html#setAutoCommit(boolean	/home/fhu_thjen/projects/learning-java/34-jdbc/anki/cloze.tsv	3
ok	200	official Java/Oracle documentation	https://docs.oracle.com/en/java/javase/21/docs/api/java.sql/java/sql/Savepoint.html	/home/fhu_thjen/projects/learning-java/34-jdbc/anki/cloze.tsv	4
ok	200	source repository or project documentation	https://github.com/brettwooldridge/HikariCP	/home/fhu_thjen/projects/learning-java/34-jdbc/anki/cloze.tsv	5
ok	200	official Java/Oracle documentation	https://docs.oracle.com/javase/tutorial/jdbc/	/home/fhu_thjen/projects/learning-java/34-jdbc/anki/cloze.tsv	6
ok	200	official Java/Oracle documentation	https://docs.oracle.com/en/java/javase/21/docs/api/java.sql/java/sql/CallableStatement.html	/home/fhu_thjen/projects/learning-java/34-jdbc/anki/cloze.tsv	7
ok	200	official Java/Oracle documentation	https://docs.oracle.com/javase/tutorial/jdbc/	/home/fhu_thjen/projects/learning-java/34-jdbc/anki/cloze.tsv	8
ok	200	official Java/Oracle documentation	https://docs.oracle.com/javase/tutorial/jdbc/	/home/fhu_thjen/projects/learning-java/34-jdbc/anki/cloze.tsv	9
ok	200	official Java/Oracle documentation	https://docs.oracle.com/en/java/javase/21/docs/api/java.sql/java/sql/PreparedStatement.html	/home/fhu_thjen/projects/learning-java/34-jdbc/anki/code-question.tsv	2
ok	200	official Java/Oracle documentation	https://docs.oracle.com/javase/tutorial/jdbc/	/home/fhu_thjen/projects/learning-java/34-jdbc/anki/code-question.tsv	3
ok	200	official Java/Oracle documentation	https://docs.oracle.com/en/java/javase/21/docs/api/java.sql/java/sql/CallableStatement.html	/home/fhu_thjen/projects/learning-java/34-jdbc/anki/code-question.tsv	4
ok	200	official Java/Oracle documentation	https://docs.oracle.com/en/java/javase/21/docs/api/java.sql/java/sql/Connection.html#setAutoCommit(boolean	/home/fhu_thjen/projects/learning-java/34-jdbc/anki/code-question.tsv	5
ok	200	official Java/Oracle documentation	https://docs.oracle.com/javase/tutorial/jdbc/	/home/fhu_thjen/projects/learning-java/34-jdbc/anki/code-question.tsv	6
ok	200	official Java/Oracle documentation	https://docs.oracle.com/javase/tutorial/jdbc/	/home/fhu_thjen/projects/learning-java/34-jdbc/anki/code-question.tsv	7
ok	200	official Java/Oracle documentation	https://docs.oracle.com/en/java/javase/21/docs/api/java.sql/java/sql/Connection.html#setAutoCommit(boolean	/home/fhu_thjen/projects/learning-java/34-jdbc/anki/code-question.tsv	8
ok	200	official Java/Oracle documentation	https://docs.oracle.com/en/java/javase/21/docs/api/java.sql/java/sql/Savepoint.html	/home/fhu_thjen/projects/learning-java/34-jdbc/anki/code-question.tsv	9
ok	200	official Java/Oracle documentation	https://docs.oracle.com/javase/tutorial/jdbc/	/home/fhu_thjen/projects/learning-java/34-jdbc/anki/code-question.tsv	10
ok	200	official Java/Oracle documentation	https://docs.oracle.com/javase/tutorial/jdbc/	/home/fhu_thjen/projects/learning-java/34-jdbc/anki/code-question.tsv	11
ok	200	official Java/Oracle documentation	https://docs.oracle.com/javase/tutorial/networking/sockets/index.html	/home/fhu_thjen/projects/learning-java/35-networking/anki/basic-extra.tsv	2
ok	200	official Java/Oracle documentation	https://docs.oracle.com/javase/tutorial/networking/datagrams/index.html	/home/fhu_thjen/projects/learning-java/35-networking/anki/basic-extra.tsv	3
ok	200	official Java/Oracle documentation	https://docs.oracle.com/javase/tutorial/networking/sockets/index.html	/home/fhu_thjen/projects/learning-java/35-networking/anki/basic-extra.tsv	4
ok	200	official Java/Oracle documentation	https://docs.oracle.com/en/java/javase/21/docs/api/java.base/java/net/Socket.html	/home/fhu_thjen/projects/learning-java/35-networking/anki/basic-extra.tsv	5
ok	200	official Java/Oracle documentation	https://docs.oracle.com/en/java/javase/21/docs/api/java.base/java/net/URI.html	/home/fhu_thjen/projects/learning-java/35-networking/anki/basic-extra.tsv	6
ok	200	official Java/Oracle documentation	https://docs.oracle.com/en/java/javase/21/docs/api/java.base/java/net/URL.html	/home/fhu_thjen/projects/learning-java/35-networking/anki/basic-extra.tsv	7
ok	200	official Java/Oracle documentation	https://docs.oracle.com/en/java/javase/21/docs/api/java.base/java/net/HttpURLConnection.html	/home/fhu_thjen/projects/learning-java/35-networking/anki/basic-extra.tsv	8
ok	200	official OpenJDK project site	https://openjdk.org/jeps/321	/home/fhu_thjen/projects/learning-java/35-networking/anki/basic-extra.tsv	9
ok	200	official Java/Oracle documentation	https://docs.oracle.com/en/java/javase/21/docs/api/java.base/java/net/DatagramSocket.html	/home/fhu_thjen/projects/learning-java/35-networking/anki/basic-extra.tsv	10
ok	200	official Java/Oracle documentation	https://docs.oracle.com/javase/tutorial/networking/	/home/fhu_thjen/projects/learning-java/35-networking/anki/basic-extra.tsv	11
ok	200	official OpenJDK project site	https://openjdk.org/jeps/321	/home/fhu_thjen/projects/learning-java/35-networking/anki/basic-extra.tsv	12
ok	200	official Java/Oracle documentation	https://docs.oracle.com/en/java/javase/21/docs/api/java.base/java/net/Socket.html	/home/fhu_thjen/projects/learning-java/35-networking/anki/basic-extra.tsv	13
ok	200	official Java/Oracle documentation	https://docs.oracle.com/javase/tutorial/networking/sockets/index.html	/home/fhu_thjen/projects/learning-java/35-networking/anki/basic.tsv	2
ok	200	official Java/Oracle documentation	https://docs.oracle.com/en/java/javase/21/docs/api/java.base/java/net/ServerSocket.html	/home/fhu_thjen/projects/learning-java/35-networking/anki/basic.tsv	3
ok	200	official Java/Oracle documentation	https://docs.oracle.com/javase/tutorial/networking/sockets/index.html	/home/fhu_thjen/projects/learning-java/35-networking/anki/basic.tsv	4
ok	200	official Java/Oracle documentation	https://docs.oracle.com/javase/tutorial/networking/datagrams/index.html	/home/fhu_thjen/projects/learning-java/35-networking/anki/basic.tsv	5
ok	200	official Java/Oracle documentation	https://docs.oracle.com/javase/tutorial/networking/	/home/fhu_thjen/projects/learning-java/35-networking/anki/basic.tsv	6
ok	200	official Java/Oracle documentation	https://docs.oracle.com/javase/tutorial/networking/sockets/index.html	/home/fhu_thjen/projects/learning-java/35-networking/anki/basic.tsv	7
ok	200	official Java/Oracle documentation	https://docs.oracle.com/en/java/javase/21/docs/api/java.base/java/net/Socket.html	/home/fhu_thjen/projects/learning-java/35-networking/anki/basic.tsv	8
ok	200	official Java/Oracle documentation	https://docs.oracle.com/en/java/javase/21/docs/api/java.base/java/net/URI.html	/home/fhu_thjen/projects/learning-java/35-networking/anki/basic.tsv	9
ok	example domain	needs manual trust review	https://example.com	/home/fhu_thjen/projects/learning-java/35-networking/anki/basic.tsv	10
ok	200	official Java/Oracle documentation	https://docs.oracle.com/en/java/javase/21/docs/api/java.base/java/net/URI.html	/home/fhu_thjen/projects/learning-java/35-networking/anki/basic.tsv	10
ok	200	official Java/Oracle documentation	https://docs.oracle.com/en/java/javase/21/docs/api/java.base/java/net/URI.html	/home/fhu_thjen/projects/learning-java/35-networking/anki/basic.tsv	11
ok	200	official OpenJDK project site	https://openjdk.org/jeps/321	/home/fhu_thjen/projects/learning-java/35-networking/anki/basic.tsv	12
ok	200	official OpenJDK project site	https://openjdk.org/jeps/321	/home/fhu_thjen/projects/learning-java/35-networking/anki/basic.tsv	13
ok	200	official OpenJDK project site	https://openjdk.org/jeps/321	/home/fhu_thjen/projects/learning-java/35-networking/anki/basic.tsv	14
ok	200	official OpenJDK project site	https://openjdk.org/jeps/321	/home/fhu_thjen/projects/learning-java/35-networking/anki/basic.tsv	15
ok	200	official OpenJDK project site	https://openjdk.org/jeps/321	/home/fhu_thjen/projects/learning-java/35-networking/anki/basic.tsv	16
ok	200	official Java/Oracle documentation	https://docs.oracle.com/en/java/javase/21/docs/api/java.base/java/net/ServerSocket.html	/home/fhu_thjen/projects/learning-java/35-networking/anki/basic.tsv	17
ok	200	official Java/Oracle documentation	https://docs.oracle.com/en/java/javase/21/docs/api/java.base/java/net/DatagramSocket.html	/home/fhu_thjen/projects/learning-java/35-networking/anki/basic.tsv	18
ok	200	official Java/Oracle documentation	https://docs.oracle.com/en/java/javase/21/docs/api/java.base/java/net/InetAddress.html	/home/fhu_thjen/projects/learning-java/35-networking/anki/basic.tsv	19
ok	200	official Java/Oracle documentation	https://docs.oracle.com/javase/tutorial/networking/	/home/fhu_thjen/projects/learning-java/35-networking/anki/basic.tsv	20
ok	200	official Java/Oracle documentation	https://docs.oracle.com/en/java/javase/21/docs/api/java.base/java/net/SocketTimeoutException.html	/home/fhu_thjen/projects/learning-java/35-networking/anki/basic.tsv	21
ok	200	official Java/Oracle documentation	https://docs.oracle.com/javase/tutorial/networking/	/home/fhu_thjen/projects/learning-java/35-networking/anki/cloze.tsv	2
ok	200	official Java/Oracle documentation	https://docs.oracle.com/javase/tutorial/networking/sockets/index.html	/home/fhu_thjen/projects/learning-java/35-networking/anki/cloze.tsv	3
ok	200	official Java/Oracle documentation	https://docs.oracle.com/en/java/javase/21/docs/api/java.base/java/net/ServerSocket.html	/home/fhu_thjen/projects/learning-java/35-networking/anki/cloze.tsv	4
ok	200	official Java/Oracle documentation	https://docs.oracle.com/en/java/javase/21/docs/api/java.base/java/net/Socket.html	/home/fhu_thjen/projects/learning-java/35-networking/anki/cloze.tsv	5
ok	200	official Java/Oracle documentation	https://docs.oracle.com/en/java/javase/21/docs/api/java.base/java/net/URL.html	/home/fhu_thjen/projects/learning-java/35-networking/anki/cloze.tsv	6
ok	200	official Java/Oracle documentation	https://docs.oracle.com/en/java/javase/21/docs/api/java.base/java/net/URI.html	/home/fhu_thjen/projects/learning-java/35-networking/anki/cloze.tsv	7
ok	200	official Java/Oracle documentation	https://docs.oracle.com/en/java/javase/21/docs/api/java.base/java/net/HttpURLConnection.html	/home/fhu_thjen/projects/learning-java/35-networking/anki/cloze.tsv	8
ok	200	official OpenJDK project site	https://openjdk.org/jeps/321	/home/fhu_thjen/projects/learning-java/35-networking/anki/cloze.tsv	9
ok	200	official OpenJDK project site	https://openjdk.org/jeps/321	/home/fhu_thjen/projects/learning-java/35-networking/anki/cloze.tsv	10
ok	200	official OpenJDK project site	https://openjdk.org/jeps/321	/home/fhu_thjen/projects/learning-java/35-networking/anki/cloze.tsv	11
ok	200	official Java/Oracle documentation	https://docs.oracle.com/en/java/javase/21/docs/api/java.base/java/net/Socket.html	/home/fhu_thjen/projects/learning-java/35-networking/anki/cloze.tsv	12
ok	200	official Java/Oracle documentation	https://docs.oracle.com/javase/tutorial/networking/	/home/fhu_thjen/projects/learning-java/35-networking/anki/cloze.tsv	13
ok	200	official Java/Oracle documentation	https://docs.oracle.com/en/java/javase/21/docs/api/java.base/java/net/ServerSocket.html	/home/fhu_thjen/projects/learning-java/35-networking/anki/code-question.tsv	2
ok	200	official Java/Oracle documentation	https://docs.oracle.com/javase/tutorial/networking/	/home/fhu_thjen/projects/learning-java/35-networking/anki/code-question.tsv	3
ok	200	official Java/Oracle documentation	https://docs.oracle.com/javase/tutorial/networking/sockets/index.html	/home/fhu_thjen/projects/learning-java/35-networking/anki/code-question.tsv	4
ok	200	official Java/Oracle documentation	https://docs.oracle.com/en/java/javase/21/docs/api/java.base/java/net/Socket.html	/home/fhu_thjen/projects/learning-java/35-networking/anki/code-question.tsv	5
ok	200	source repository or project documentation	https://api.github.com/users/octocat	/home/fhu_thjen/projects/learning-java/35-networking/anki/code-question.tsv	6
ok	200	source repository or project documentation	https://api.github.com/users/octocat	/home/fhu_thjen/projects/learning-java/35-networking/anki/code-question.tsv	6
ok	200	official Java/Oracle documentation	https://docs.oracle.com/en/java/javase/21/docs/api/java.base/java/net/URI.html	/home/fhu_thjen/projects/learning-java/35-networking/anki/code-question.tsv	6
ok	200	source repository or project documentation	https://api.github.com	/home/fhu_thjen/projects/learning-java/35-networking/anki/code-question.tsv	7
ok	200	official OpenJDK project site	https://openjdk.org/jeps/321	/home/fhu_thjen/projects/learning-java/35-networking/anki/code-question.tsv	7
ok	200	official Java/Oracle documentation	https://docs.oracle.com/en/java/javase/21/docs/api/java.base/java/net/HttpURLConnection.html	/home/fhu_thjen/projects/learning-java/35-networking/anki/code-question.tsv	8
ok	200	official Java/Oracle documentation	https://docs.oracle.com/en/java/javase/21/docs/api/java.base/java/net/DatagramSocket.html	/home/fhu_thjen/projects/learning-java/35-networking/anki/code-question.tsv	9
ok	200	official OpenJDK project site	https://openjdk.org/jeps/321	/home/fhu_thjen/projects/learning-java/35-networking/anki/code-question.tsv	10
ok	200	source repository or project documentation	https://api.github.com	/home/fhu_thjen/projects/learning-java/35-networking/anki/code-question.tsv	11
ok	200	official Java/Oracle documentation	https://docs.oracle.com/en/java/javase/21/docs/api/java.base/java/net/HttpURLConnection.html	/home/fhu_thjen/projects/learning-java/35-networking/anki/code-question.tsv	11
ok	200	official Java/Oracle documentation	https://docs.oracle.com/en/java/javase/21/docs/api/java.base/java/net/DatagramSocket.html	/home/fhu_thjen/projects/learning-java/35-networking/anki/code-question.tsv	12
ok	200	official Java/Oracle documentation	https://docs.oracle.com/en/java/javase/21/docs/api/java.base/java/net/Socket.html	/home/fhu_thjen/projects/learning-java/35-networking/anki/code-question.tsv	13
ok	200	source repository or project documentation	https://api.github.com	/home/fhu_thjen/projects/learning-java/35-networking/anki/code-question.tsv	14
ok	200	official Java/Oracle documentation	https://docs.oracle.com/en/java/javase/21/docs/api/java.base/java/net/URI.html	/home/fhu_thjen/projects/learning-java/35-networking/anki/code-question.tsv	14
ok	200	official Java/Oracle documentation	https://docs.oracle.com/en/java/javase/21/docs/api/java.base/java/security/MessageDigest.html	/home/fhu_thjen/projects/learning-java/36-security-basic/anki/basic-extra.tsv	2
ok	200	official Java/Oracle documentation	https://docs.oracle.com/en/java/javase/21/docs/api/java.base/java/util/Base64.html	/home/fhu_thjen/projects/learning-java/36-security-basic/anki/basic-extra.tsv	3
ok	200	official Java/Oracle documentation	https://docs.oracle.com/en/java/javase/21/docs/api/java.base/java/security/SecureRandom.html	/home/fhu_thjen/projects/learning-java/36-security-basic/anki/basic-extra.tsv	4
ok	200	official Java/Oracle documentation	https://docs.oracle.com/javase/tutorial/security/	/home/fhu_thjen/projects/learning-java/36-security-basic/anki/basic-extra.tsv	5
ok	200	official Java/Oracle documentation	https://docs.oracle.com/en/java/javase/21/docs/api/java.base/java/io/ObjectInputFilter.html	/home/fhu_thjen/projects/learning-java/36-security-basic/anki/basic-extra.tsv	6
ok	200	official Java/Oracle documentation	https://docs.oracle.com/en/java/javase/21/docs/api/java.base/java/io/ObjectInputFilter.html	/home/fhu_thjen/projects/learning-java/36-security-basic/anki/basic-extra.tsv	7
ok	200	official Java/Oracle documentation	https://docs.oracle.com/javase/tutorial/security/	/home/fhu_thjen/projects/learning-java/36-security-basic/anki/basic-extra.tsv	8
ok	200	official Java/Oracle documentation	https://docs.oracle.com/en/java/javase/21/docs/api/java.base/javax/crypto/Cipher.html	/home/fhu_thjen/projects/learning-java/36-security-basic/anki/basic-extra.tsv	9
ok	200	official Java/Oracle documentation	https://docs.oracle.com/javase/tutorial/security/	/home/fhu_thjen/projects/learning-java/36-security-basic/anki/basic-extra.tsv	10
ok	200	official Java/Oracle documentation	https://docs.oracle.com/en/java/javase/21/docs/api/java.base/java/security/MessageDigest.html	/home/fhu_thjen/projects/learning-java/36-security-basic/anki/basic-extra.tsv	11
ok	200	official Java/Oracle documentation	https://docs.oracle.com/en/java/javase/21/docs/api/java.base/java/util/Base64.html	/home/fhu_thjen/projects/learning-java/36-security-basic/anki/basic-extra.tsv	12
ok	200	official Java/Oracle documentation	https://docs.oracle.com/en/java/javase/21/docs/api/java.base/java/security/KeyStore.html	/home/fhu_thjen/projects/learning-java/36-security-basic/anki/basic-extra.tsv	13
ok	200	official Java/Oracle documentation	https://docs.oracle.com/en/java/javase/21/docs/api/java.base/java/security/MessageDigest.html	/home/fhu_thjen/projects/learning-java/36-security-basic/anki/basic.tsv	2
ok	200	official Java/Oracle documentation	https://docs.oracle.com/en/java/javase/21/docs/api/java.base/java/security/MessageDigest.html	/home/fhu_thjen/projects/learning-java/36-security-basic/anki/basic.tsv	3
ok	200	official Java/Oracle documentation	https://docs.oracle.com/javase/tutorial/security/	/home/fhu_thjen/projects/learning-java/36-security-basic/anki/basic.tsv	4
ok	200	official Java/Oracle documentation	https://docs.oracle.com/en/java/javase/21/docs/api/java.base/java/util/Base64.html	/home/fhu_thjen/projects/learning-java/36-security-basic/anki/basic.tsv	5
ok	200	official Java/Oracle documentation	https://docs.oracle.com/en/java/javase/21/docs/api/java.base/java/util/Base64.html	/home/fhu_thjen/projects/learning-java/36-security-basic/anki/basic.tsv	6
ok	200	official Java/Oracle documentation	https://docs.oracle.com/en/java/javase/21/docs/api/java.base/java/security/SecureRandom.html	/home/fhu_thjen/projects/learning-java/36-security-basic/anki/basic.tsv	7
ok	200	official Java/Oracle documentation	https://docs.oracle.com/en/java/javase/21/docs/api/java.base/java/security/SecureRandom.html	/home/fhu_thjen/projects/learning-java/36-security-basic/anki/basic.tsv	8
ok	200	official Java/Oracle documentation	https://docs.oracle.com/javase/tutorial/security/	/home/fhu_thjen/projects/learning-java/36-security-basic/anki/basic.tsv	9
ok	200	official Java/Oracle documentation	https://docs.oracle.com/javase/tutorial/security/	/home/fhu_thjen/projects/learning-java/36-security-basic/anki/basic.tsv	10
ok	200	official Java/Oracle documentation	https://docs.oracle.com/javase/tutorial/security/	/home/fhu_thjen/projects/learning-java/36-security-basic/anki/basic.tsv	11
ok	200	official Java/Oracle documentation	https://docs.oracle.com/javase/tutorial/security/	/home/fhu_thjen/projects/learning-java/36-security-basic/anki/basic.tsv	12
ok	200	official Java/Oracle documentation	https://docs.oracle.com/en/java/javase/21/docs/api/java.base/java/io/ObjectInputFilter.html	/home/fhu_thjen/projects/learning-java/36-security-basic/anki/basic.tsv	13
ok	200	official Java/Oracle documentation	https://docs.oracle.com/en/java/javase/21/docs/api/java.base/java/io/ObjectInputFilter.html	/home/fhu_thjen/projects/learning-java/36-security-basic/anki/basic.tsv	14
ok	200	official Java/Oracle documentation	https://docs.oracle.com/en/java/javase/21/docs/api/java.base/java/security/KeyStore.html	/home/fhu_thjen/projects/learning-java/36-security-basic/anki/basic.tsv	15
ok	200	official Java/Oracle documentation	https://docs.oracle.com/en/java/javase/21/docs/api/java.base/javax/net/ssl/SSLContext.html	/home/fhu_thjen/projects/learning-java/36-security-basic/anki/basic.tsv	16
ok	200	official Java/Oracle documentation	https://docs.oracle.com/javase/tutorial/security/	/home/fhu_thjen/projects/learning-java/36-security-basic/anki/basic.tsv	17
ok	200	official Java/Oracle documentation	https://docs.oracle.com/en/java/javase/21/docs/api/java.base/java/io/ObjectInputFilter.html	/home/fhu_thjen/projects/learning-java/36-security-basic/anki/basic.tsv	18
ok	200	official Java/Oracle documentation	https://docs.oracle.com/en/java/javase/21/docs/api/java.base/java/security/MessageDigest.html	/home/fhu_thjen/projects/learning-java/36-security-basic/anki/basic.tsv	19
ok	200	official Java/Oracle documentation	https://docs.oracle.com/en/java/javase/21/docs/api/java.base/java/io/ObjectInputStream.html	/home/fhu_thjen/projects/learning-java/36-security-basic/anki/basic.tsv	20
ok	200	official Java/Oracle documentation	https://docs.oracle.com/en/java/javase/21/docs/api/java.base/javax/crypto/Cipher.html	/home/fhu_thjen/projects/learning-java/36-security-basic/anki/basic.tsv	21
ok	200	official Java/Oracle documentation	https://docs.oracle.com/en/java/javase/21/docs/api/java.base/java/security/MessageDigest.html	/home/fhu_thjen/projects/learning-java/36-security-basic/anki/cloze.tsv	2
ok	200	official Java/Oracle documentation	https://docs.oracle.com/en/java/javase/21/docs/api/java.base/java/security/MessageDigest.html	/home/fhu_thjen/projects/learning-java/36-security-basic/anki/cloze.tsv	3
ok	200	official Java/Oracle documentation	https://docs.oracle.com/en/java/javase/21/docs/api/java.base/java/util/Base64.html	/home/fhu_thjen/projects/learning-java/36-security-basic/anki/cloze.tsv	4
ok	200	official Java/Oracle documentation	https://docs.oracle.com/en/java/javase/21/docs/api/java.base/java/security/SecureRandom.html	/home/fhu_thjen/projects/learning-java/36-security-basic/anki/cloze.tsv	5
ok	200	official Java/Oracle documentation	https://docs.oracle.com/javase/tutorial/security/	/home/fhu_thjen/projects/learning-java/36-security-basic/anki/cloze.tsv	6
ok	200	official Java/Oracle documentation	https://docs.oracle.com/javase/tutorial/security/	/home/fhu_thjen/projects/learning-java/36-security-basic/anki/cloze.tsv	7
ok	200	official Java/Oracle documentation	https://docs.oracle.com/en/java/javase/21/docs/api/java.base/java/io/ObjectInputFilter.html	/home/fhu_thjen/projects/learning-java/36-security-basic/anki/cloze.tsv	8
ok	200	official Java/Oracle documentation	https://docs.oracle.com/en/java/javase/21/docs/api/java.base/java/io/ObjectInputFilter.html	/home/fhu_thjen/projects/learning-java/36-security-basic/anki/cloze.tsv	9
ok	200	official Java/Oracle documentation	https://docs.oracle.com/en/java/javase/21/docs/api/java.base/javax/crypto/Cipher.html	/home/fhu_thjen/projects/learning-java/36-security-basic/anki/cloze.tsv	10
ok	200	official Java/Oracle documentation	https://docs.oracle.com/en/java/javase/21/docs/api/java.base/java/security/MessageDigest.html	/home/fhu_thjen/projects/learning-java/36-security-basic/anki/cloze.tsv	11
ok	200	official Java/Oracle documentation	https://docs.oracle.com/javase/tutorial/security/	/home/fhu_thjen/projects/learning-java/36-security-basic/anki/cloze.tsv	12
ok	200	official Java/Oracle documentation	https://docs.oracle.com/en/java/javase/21/docs/api/java.base/java/security/KeyStore.html	/home/fhu_thjen/projects/learning-java/36-security-basic/anki/cloze.tsv	13
ok	200	official Java/Oracle documentation	https://docs.oracle.com/en/java/javase/21/docs/api/java.base/java/security/MessageDigest.html	/home/fhu_thjen/projects/learning-java/36-security-basic/anki/code-question.tsv	2
ok	200	official Java/Oracle documentation	https://docs.oracle.com/en/java/javase/21/docs/api/java.base/java/util/Base64.html	/home/fhu_thjen/projects/learning-java/36-security-basic/anki/code-question.tsv	3
ok	200	official Java/Oracle documentation	https://docs.oracle.com/javase/tutorial/security/	/home/fhu_thjen/projects/learning-java/36-security-basic/anki/code-question.tsv	4
ok	200	official Java/Oracle documentation	https://docs.oracle.com/javase/tutorial/security/	/home/fhu_thjen/projects/learning-java/36-security-basic/anki/code-question.tsv	5
ok	200	official Java/Oracle documentation	https://docs.oracle.com/en/java/javase/21/docs/api/java.base/java/security/SecureRandom.html	/home/fhu_thjen/projects/learning-java/36-security-basic/anki/code-question.tsv	6
ok	200	official Java/Oracle documentation	https://docs.oracle.com/en/java/javase/21/docs/api/java.base/javax/crypto/Cipher.html	/home/fhu_thjen/projects/learning-java/36-security-basic/anki/code-question.tsv	7
ok	200	official Java/Oracle documentation	https://docs.oracle.com/en/java/javase/21/docs/api/java.base/java/io/ObjectInputFilter.html	/home/fhu_thjen/projects/learning-java/36-security-basic/anki/code-question.tsv	8
ok	200	official Java/Oracle documentation	https://docs.oracle.com/en/java/javase/21/docs/api/java.base/java/security/MessageDigest.html	/home/fhu_thjen/projects/learning-java/36-security-basic/anki/code-question.tsv	9
ok	200	official Java/Oracle documentation	https://docs.oracle.com/en/java/javase/21/docs/api/java.base/java/io/ObjectInputStream.html	/home/fhu_thjen/projects/learning-java/36-security-basic/anki/code-question.tsv	10
ok	200	official Java/Oracle documentation	https://docs.oracle.com/en/java/javase/21/docs/api/java.base/java/io/ObjectInputFilter.html	/home/fhu_thjen/projects/learning-java/36-security-basic/anki/code-question.tsv	11
ok	200	official Java/Oracle documentation	https://docs.oracle.com/en/java/javase/21/docs/api/java.base/java/security/MessageDigest.html	/home/fhu_thjen/projects/learning-java/36-security-basic/anki/code-question.tsv	12
ok	200	official Java/Oracle documentation	https://docs.oracle.com/en/java/javase/21/docs/api/java.base/java/util/Base64.html	/home/fhu_thjen/projects/learning-java/36-security-basic/anki/code-question.tsv	13
ok	200	official Java/Oracle documentation	https://docs.oracle.com/javase/specs/jvms/se21/html/jvms-5.html	/home/fhu_thjen/projects/learning-java/37-jvm-advanced/anki/basic-extra.tsv	2
ok	200	official Java/Oracle documentation	https://docs.oracle.com/javase/specs/jvms/se21/html/jvms-5.html	/home/fhu_thjen/projects/learning-java/37-jvm-advanced/anki/basic-extra.tsv	3
ok	200	official Java/Oracle documentation	https://docs.oracle.com/en/java/javase/21/gctuning/	/home/fhu_thjen/projects/learning-java/37-jvm-advanced/anki/basic-extra.tsv	4
ok	200	official Java/Oracle documentation	https://docs.oracle.com/en/java/javase/21/gctuning/	/home/fhu_thjen/projects/learning-java/37-jvm-advanced/anki/basic-extra.tsv	5
ok	200	official Java/Oracle documentation	https://docs.oracle.com/en/java/javase/21/gctuning/factors-affecting-garbage-collection-performance.html	/home/fhu_thjen/projects/learning-java/37-jvm-advanced/anki/basic-extra.tsv	6
ok	200	official Java/Oracle documentation	https://docs.oracle.com/en/java/javase/21/gctuning/factors-affecting-garbage-collection-performance.html	/home/fhu_thjen/projects/learning-java/37-jvm-advanced/anki/basic-extra.tsv	7
ok	200	official OpenJDK project site	https://openjdk.org/jeps/189	/home/fhu_thjen/projects/learning-java/37-jvm-advanced/anki/basic-extra.tsv	8
ok	200	official OpenJDK project site	https://openjdk.org/jeps/189	/home/fhu_thjen/projects/learning-java/37-jvm-advanced/anki/basic-extra.tsv	9
ok	200	official Java/Oracle documentation	https://docs.oracle.com/en/java/javase/21/docs/specs/man/java.html	/home/fhu_thjen/projects/learning-java/37-jvm-advanced/anki/basic-extra.tsv	10
ok	200	official Java/Oracle documentation	https://docs.oracle.com/en/java/javase/21/docs/specs/man/java.html	/home/fhu_thjen/projects/learning-java/37-jvm-advanced/anki/basic-extra.tsv	11
ok	200	official Java/Oracle documentation	https://docs.oracle.com/en/java/javase/21/docs/specs/man/java.html	/home/fhu_thjen/projects/learning-java/37-jvm-advanced/anki/basic-extra.tsv	12
ok	200	official Java/Oracle documentation	https://docs.oracle.com/javase/specs/jvms/se21/html/jvms-5.html	/home/fhu_thjen/projects/learning-java/37-jvm-advanced/anki/basic-extra.tsv	13
ok	200	official Java/Oracle documentation	https://docs.oracle.com/javase/specs/jvms/se21/html/jvms-5.html	/home/fhu_thjen/projects/learning-java/37-jvm-advanced/anki/basic.tsv	2
ok	200	official Java/Oracle documentation	https://docs.oracle.com/javase/specs/jvms/se21/html/jvms-5.html	/home/fhu_thjen/projects/learning-java/37-jvm-advanced/anki/basic.tsv	3
ok	200	official Java/Oracle documentation	https://docs.oracle.com/javase/specs/jvms/se21/html/jvms-5.html	/home/fhu_thjen/projects/learning-java/37-jvm-advanced/anki/basic.tsv	4
ok	200	official Java/Oracle documentation	https://docs.oracle.com/javase/specs/jvms/se21/html/jvms-5.html	/home/fhu_thjen/projects/learning-java/37-jvm-advanced/anki/basic.tsv	5
ok	200	official Java/Oracle documentation	https://docs.oracle.com/en/java/javase/21/gctuning/	/home/fhu_thjen/projects/learning-java/37-jvm-advanced/anki/basic.tsv	6
ok	200	official Java/Oracle documentation	https://docs.oracle.com/en/java/javase/21/gctuning/	/home/fhu_thjen/projects/learning-java/37-jvm-advanced/anki/basic.tsv	7
ok	200	official Java/Oracle documentation	https://docs.oracle.com/en/java/javase/21/gctuning/	/home/fhu_thjen/projects/learning-java/37-jvm-advanced/anki/basic.tsv	8
ok	200	official Java/Oracle documentation	https://docs.oracle.com/en/java/javase/21/gctuning/factors-affecting-garbage-collection-performance.html	/home/fhu_thjen/projects/learning-java/37-jvm-advanced/anki/basic.tsv	9
ok	200	official Java/Oracle documentation	https://docs.oracle.com/en/java/javase/21/gctuning/factors-affecting-garbage-collection-performance.html	/home/fhu_thjen/projects/learning-java/37-jvm-advanced/anki/basic.tsv	10
ok	200	official Java/Oracle documentation	https://docs.oracle.com/en/java/javase/21/gctuning/factors-affecting-garbage-collection-performance.html	/home/fhu_thjen/projects/learning-java/37-jvm-advanced/anki/basic.tsv	11
ok	200	official OpenJDK project site	https://openjdk.org/jeps/189	/home/fhu_thjen/projects/learning-java/37-jvm-advanced/anki/basic.tsv	12
ok	200	official OpenJDK project site	https://openjdk.org/jeps/189	/home/fhu_thjen/projects/learning-java/37-jvm-advanced/anki/basic.tsv	13
ok	200	official Java/Oracle documentation	https://docs.oracle.com/en/java/javase/21/docs/specs/man/java.html	/home/fhu_thjen/projects/learning-java/37-jvm-advanced/anki/basic.tsv	14
ok	200	official Java/Oracle documentation	https://docs.oracle.com/en/java/javase/21/docs/specs/man/java.html	/home/fhu_thjen/projects/learning-java/37-jvm-advanced/anki/basic.tsv	15
ok	200	official Java/Oracle documentation	https://docs.oracle.com/en/java/javase/21/docs/specs/man/java.html	/home/fhu_thjen/projects/learning-java/37-jvm-advanced/anki/basic.tsv	16
ok	200	official Java/Oracle documentation	https://docs.oracle.com/en/java/javase/21/docs/specs/man/java.html	/home/fhu_thjen/projects/learning-java/37-jvm-advanced/anki/basic.tsv	17
ok	200	official Java/Oracle documentation	https://docs.oracle.com/javase/specs/jvms/se21/html/jvms-5.html	/home/fhu_thjen/projects/learning-java/37-jvm-advanced/anki/cloze.tsv	2
ok	200	official Java/Oracle documentation	https://docs.oracle.com/javase/specs/jvms/se21/html/jvms-5.html	/home/fhu_thjen/projects/learning-java/37-jvm-advanced/anki/cloze.tsv	3
ok	200	official Java/Oracle documentation	https://docs.oracle.com/en/java/javase/21/gctuning/	/home/fhu_thjen/projects/learning-java/37-jvm-advanced/anki/cloze.tsv	4
ok	200	official Java/Oracle documentation	https://docs.oracle.com/en/java/javase/21/gctuning/	/home/fhu_thjen/projects/learning-java/37-jvm-advanced/anki/cloze.tsv	5
ok	200	official Java/Oracle documentation	https://docs.oracle.com/en/java/javase/21/gctuning/factors-affecting-garbage-collection-performance.html	/home/fhu_thjen/projects/learning-java/37-jvm-advanced/anki/cloze.tsv	6
ok	200	official Java/Oracle documentation	https://docs.oracle.com/en/java/javase/21/gctuning/factors-affecting-garbage-collection-performance.html	/home/fhu_thjen/projects/learning-java/37-jvm-advanced/anki/cloze.tsv	7
ok	200	official OpenJDK project site	https://openjdk.org/jeps/189	/home/fhu_thjen/projects/learning-java/37-jvm-advanced/anki/cloze.tsv	8
ok	200	official Java/Oracle documentation	https://docs.oracle.com/en/java/javase/21/docs/specs/man/java.html	/home/fhu_thjen/projects/learning-java/37-jvm-advanced/anki/cloze.tsv	9
ok	200	official Java/Oracle documentation	https://docs.oracle.com/en/java/javase/21/docs/specs/man/java.html	/home/fhu_thjen/projects/learning-java/37-jvm-advanced/anki/cloze.tsv	10
ok	200	official Java/Oracle documentation	https://docs.oracle.com/en/java/javase/21/docs/specs/man/java.html	/home/fhu_thjen/projects/learning-java/37-jvm-advanced/anki/cloze.tsv	11
ok	200	official Java/Oracle documentation	https://docs.oracle.com/en/java/javase/21/docs/specs/man/java.html	/home/fhu_thjen/projects/learning-java/37-jvm-advanced/anki/cloze.tsv	12
ok	200	official Java/Oracle documentation	https://docs.oracle.com/en/java/javase/21/docs/specs/man/java.html	/home/fhu_thjen/projects/learning-java/37-jvm-advanced/anki/cloze.tsv	13
ok	200	official Java/Oracle documentation	https://docs.oracle.com/javase/specs/jvms/se21/html/jvms-5.html	/home/fhu_thjen/projects/learning-java/37-jvm-advanced/anki/code-question.tsv	2
ok	200	official Java/Oracle documentation	https://docs.oracle.com/javase/specs/jvms/se21/html/jvms-5.html	/home/fhu_thjen/projects/learning-java/37-jvm-advanced/anki/code-question.tsv	3
ok	200	official Java/Oracle documentation	https://docs.oracle.com/javase/specs/jvms/se21/html/jvms-5.html	/home/fhu_thjen/projects/learning-java/37-jvm-advanced/anki/code-question.tsv	4
ok	200	official Java/Oracle documentation	https://docs.oracle.com/en/java/javase/21/docs/specs/man/java.html	/home/fhu_thjen/projects/learning-java/37-jvm-advanced/anki/code-question.tsv	5
ok	200	official Java/Oracle documentation	https://docs.oracle.com/en/java/javase/21/docs/specs/man/java.html	/home/fhu_thjen/projects/learning-java/37-jvm-advanced/anki/code-question.tsv	6
ok	200	official Java/Oracle documentation	https://docs.oracle.com/en/java/javase/21/docs/specs/man/java.html	/home/fhu_thjen/projects/learning-java/37-jvm-advanced/anki/code-question.tsv	7
ok	200	official Java/Oracle documentation	https://docs.oracle.com/en/java/javase/21/docs/specs/man/java.html	/home/fhu_thjen/projects/learning-java/37-jvm-advanced/anki/code-question.tsv	8
ok	200	official Java/Oracle documentation	https://docs.oracle.com/en/java/javase/21/docs/specs/man/java.html	/home/fhu_thjen/projects/learning-java/37-jvm-advanced/anki/code-question.tsv	9
ok	200	official Java/Oracle documentation	https://docs.oracle.com/en/java/javase/21/gctuning/	/home/fhu_thjen/projects/learning-java/37-jvm-advanced/anki/code-question.tsv	10
ok	200	official OpenJDK project site	https://openjdk.org/jeps/189	/home/fhu_thjen/projects/learning-java/37-jvm-advanced/anki/code-question.tsv	11
ok	200	official Java/Oracle documentation	https://docs.oracle.com/en/java/javase/21/gctuning/	/home/fhu_thjen/projects/learning-java/37-jvm-advanced/anki/code-question.tsv	12
ok	200	official Java/Oracle documentation	https://docs.oracle.com/en/java/javase/21/gctuning/factors-affecting-garbage-collection-performance.html	/home/fhu_thjen/projects/learning-java/37-jvm-advanced/anki/code-question.tsv	13
ok	200	official Java/Oracle documentation	https://docs.oracle.com/en/java/javase/21/docs/specs/man/javac.html	/home/fhu_thjen/projects/learning-java/38-build-compile-run/anki/basic-extra.tsv	2
ok	200	official Java/Oracle documentation	https://docs.oracle.com/en/java/javase/21/docs/specs/man/javac.html	/home/fhu_thjen/projects/learning-java/38-build-compile-run/anki/basic-extra.tsv	3
ok	200	official Java/Oracle documentation	https://docs.oracle.com/en/java/javase/21/docs/specs/man/java.html	/home/fhu_thjen/projects/learning-java/38-build-compile-run/anki/basic-extra.tsv	4
ok	200	official Java/Oracle documentation	https://docs.oracle.com/en/java/javase/21/docs/specs/man/jar.html	/home/fhu_thjen/projects/learning-java/38-build-compile-run/anki/basic-extra.tsv	5
ok	200	official Java/Oracle documentation	https://docs.oracle.com/en/java/javase/21/docs/specs/man/jar.html	/home/fhu_thjen/projects/learning-java/38-build-compile-run/anki/basic-extra.tsv	6
ok	200	official Java/Oracle documentation	https://docs.oracle.com/en/java/javase/21/docs/specs/man/java.html	/home/fhu_thjen/projects/learning-java/38-build-compile-run/anki/basic-extra.tsv	7
ok	200	official Java/Oracle documentation	https://docs.oracle.com/javase/tutorial/essential/environment/paths.html	/home/fhu_thjen/projects/learning-java/38-build-compile-run/anki/basic-extra.tsv	8
ok	200	official Java/Oracle documentation	https://docs.oracle.com/en/java/javase/21/docs/specs/man/jar.html	/home/fhu_thjen/projects/learning-java/38-build-compile-run/anki/basic-extra.tsv	9
ok	200	official Maven documentation	https://maven.apache.org/guides/getting-started/maven-in-five-minutes.html	/home/fhu_thjen/projects/learning-java/38-build-compile-run/anki/basic-extra.tsv	10
ok	200	official Gradle documentation	https://docs.gradle.org/current/userguide/userguide.html	/home/fhu_thjen/projects/learning-java/38-build-compile-run/anki/basic-extra.tsv	11
ok	200	official Maven documentation	https://maven.apache.org/guides/introduction/introduction-to-dependency-mechanism.html	/home/fhu_thjen/projects/learning-java/38-build-compile-run/anki/basic-extra.tsv	12
ok	200	official JUnit site	https://junit.org/junit5/docs/current/user-guide/	/home/fhu_thjen/projects/learning-java/38-build-compile-run/anki/basic-extra.tsv	14
ok	200	official Java/Oracle documentation	https://docs.oracle.com/javase/tutorial/essential/environment/paths.html	/home/fhu_thjen/projects/learning-java/38-build-compile-run/anki/basic-extra.tsv	15
ok	200	official Java/Oracle documentation	https://docs.oracle.com/javase/tutorial/essential/environment/paths.html	/home/fhu_thjen/projects/learning-java/38-build-compile-run/anki/basic-extra.tsv	16
ok	200	official JUnit site	https://junit.org/junit5/docs/current/user-guide/	/home/fhu_thjen/projects/learning-java/38-build-compile-run/anki/basic-extra.tsv	17
ok	200	official Maven documentation	https://maven.apache.org/guides/introduction/introduction-to-dependency-mechanism.html	/home/fhu_thjen/projects/learning-java/38-build-compile-run/anki/basic-extra.tsv	18
ok	200	official Java/Oracle documentation	https://docs.oracle.com/en/java/javase/21/docs/specs/man/javac.html	/home/fhu_thjen/projects/learning-java/38-build-compile-run/anki/basic.tsv	2
ok	200	official Java/Oracle documentation	https://docs.oracle.com/en/java/javase/21/docs/specs/man/java.html	/home/fhu_thjen/projects/learning-java/38-build-compile-run/anki/basic.tsv	3
ok	200	official Java/Oracle documentation	https://docs.oracle.com/en/java/javase/21/docs/specs/man/java.html	/home/fhu_thjen/projects/learning-java/38-build-compile-run/anki/basic.tsv	6
ok	200	official Java/Oracle documentation	https://docs.oracle.com/javase/tutorial/essential/environment/paths.html	/home/fhu_thjen/projects/learning-java/38-build-compile-run/anki/basic.tsv	18
ok	200	official Java/Oracle documentation	https://docs.oracle.com/javase/tutorial/essential/environment/paths.html	/home/fhu_thjen/projects/learning-java/38-build-compile-run/anki/basic.tsv	19
ok	200	official Java/Oracle documentation	https://docs.oracle.com/javase/tutorial/essential/environment/paths.html	/home/fhu_thjen/projects/learning-java/38-build-compile-run/anki/basic.tsv	21
ok	200	official Java/Oracle documentation	https://docs.oracle.com/en/java/javase/21/docs/specs/man/javac.html	/home/fhu_thjen/projects/learning-java/38-build-compile-run/anki/cloze.tsv	2
ok	200	official Java/Oracle documentation	https://docs.oracle.com/javase/tutorial/essential/environment/paths.html	/home/fhu_thjen/projects/learning-java/38-build-compile-run/anki/cloze.tsv	8
ok	200	official Java/Oracle documentation	https://docs.oracle.com/javase/tutorial/essential/environment/paths.html	/home/fhu_thjen/projects/learning-java/38-build-compile-run/anki/cloze.tsv	9
ok	200	official Java/Oracle documentation	https://docs.oracle.com/en/java/javase/21/docs/specs/man/javac.html	/home/fhu_thjen/projects/learning-java/38-build-compile-run/anki/code-question.tsv	2
ok	200	official Java/Oracle documentation	https://docs.oracle.com/en/java/javase/21/docs/specs/man/javac.html	/home/fhu_thjen/projects/learning-java/38-build-compile-run/anki/code-question.tsv	3
ok	200	official Java/Oracle documentation	https://docs.oracle.com/en/java/javase/21/docs/specs/man/javac.html	/home/fhu_thjen/projects/learning-java/38-build-compile-run/anki/code-question.tsv	4
ok	200	official Java/Oracle documentation	https://docs.oracle.com/en/java/javase/21/docs/specs/man/javac.html	/home/fhu_thjen/projects/learning-java/38-build-compile-run/anki/code-question.tsv	5
ok	200	official Java/Oracle documentation	https://docs.oracle.com/en/java/javase/21/docs/specs/man/javac.html	/home/fhu_thjen/projects/learning-java/38-build-compile-run/anki/code-question.tsv	6
ok	200	official Java/Oracle documentation	https://docs.oracle.com/en/java/javase/21/docs/specs/man/javac.html	/home/fhu_thjen/projects/learning-java/38-build-compile-run/anki/code-question.tsv	7
ok	200	official Java/Oracle documentation	https://docs.oracle.com/en/java/javase/21/docs/specs/man/javac.html	/home/fhu_thjen/projects/learning-java/38-build-compile-run/anki/code-question.tsv	8
ok	200	official Java/Oracle documentation	https://docs.oracle.com/en/java/javase/21/docs/specs/man/javac.html	/home/fhu_thjen/projects/learning-java/38-build-compile-run/anki/code-question.tsv	9
ok	200	official Java/Oracle documentation	https://docs.oracle.com/en/java/javase/21/docs/specs/man/javac.html	/home/fhu_thjen/projects/learning-java/38-build-compile-run/anki/code-question.tsv	10
ok	200	official Java/Oracle documentation	https://docs.oracle.com/en/java/javase/21/docs/specs/man/javac.html	/home/fhu_thjen/projects/learning-java/38-build-compile-run/anki/code-question.tsv	11
ok	200	official Java/Oracle documentation	https://docs.oracle.com/en/java/javase/21/docs/specs/man/javac.html	/home/fhu_thjen/projects/learning-java/38-build-compile-run/anki/code-question.tsv	12
ok	200	official Java/Oracle documentation	https://docs.oracle.com/en/java/javase/21/docs/specs/man/javac.html	/home/fhu_thjen/projects/learning-java/38-build-compile-run/anki/code-question.tsv	13
ok	200	official Java/Oracle documentation	https://docs.oracle.com/en/java/javase/21/docs/specs/man/javac.html	/home/fhu_thjen/projects/learning-java/38-build-compile-run/anki/code-question.tsv	14
ok	200	official Java/Oracle documentation	https://docs.oracle.com/en/java/javase/21/docs/specs/man/javac.html	/home/fhu_thjen/projects/learning-java/38-build-compile-run/anki/code-question.tsv	15
ok	200	official Java/Oracle documentation	https://docs.oracle.com/en/java/javase/21/docs/specs/man/javac.html	/home/fhu_thjen/projects/learning-java/38-build-compile-run/anki/code-question.tsv	16
ok	200	official Java/Oracle documentation	https://docs.oracle.com/en/java/javase/21/docs/specs/man/javac.html	/home/fhu_thjen/projects/learning-java/38-build-compile-run/anki/code-question.tsv	17
ok	200	official Java/Oracle documentation	https://docs.oracle.com/en/java/javase/21/docs/specs/man/javac.html	/home/fhu_thjen/projects/learning-java/38-build-compile-run/anki/code-question.tsv	18
ok	200	official Java/Oracle documentation	https://docs.oracle.com/en/java/javase/21/docs/specs/man/javac.html	/home/fhu_thjen/projects/learning-java/38-build-compile-run/anki/code-question.tsv	19
ok	200	official Java/Oracle documentation	https://docs.oracle.com/en/java/javase/21/docs/api/java.base/java/lang/Math.html	/home/fhu_thjen/projects/learning-java/39-utility-apis/anki/basic-extra.tsv	2
ok	200	official Java/Oracle documentation	https://docs.oracle.com/en/java/javase/21/docs/api/java.base/java/lang/Math.html	/home/fhu_thjen/projects/learning-java/39-utility-apis/anki/basic-extra.tsv	3
ok	200	official Java/Oracle documentation	https://docs.oracle.com/en/java/javase/21/docs/api/java.base/java/util/Random.html	/home/fhu_thjen/projects/learning-java/39-utility-apis/anki/basic-extra.tsv	4
ok	200	official Java/Oracle documentation	https://docs.oracle.com/en/java/javase/21/docs/api/java.base/java/util/Random.html	/home/fhu_thjen/projects/learning-java/39-utility-apis/anki/basic-extra.tsv	5
ok	200	official Java/Oracle documentation	https://docs.oracle.com/en/java/javase/21/docs/api/java.base/java/math/BigInteger.html	/home/fhu_thjen/projects/learning-java/39-utility-apis/anki/basic-extra.tsv	6
ok	200	official Java/Oracle documentation	https://docs.oracle.com/en/java/javase/21/docs/api/java.base/java/math/BigDecimal.html	/home/fhu_thjen/projects/learning-java/39-utility-apis/anki/basic-extra.tsv	7
ok	200	official Java/Oracle documentation	https://docs.oracle.com/en/java/javase/21/docs/api/java.base/java/math/BigDecimal.html	/home/fhu_thjen/projects/learning-java/39-utility-apis/anki/basic-extra.tsv	8
ok	200	official Java/Oracle documentation	https://docs.oracle.com/en/java/javase/21/docs/api/java.base/java/util/UUID.html	/home/fhu_thjen/projects/learning-java/39-utility-apis/anki/basic-extra.tsv	9
ok	200	official Java/Oracle documentation	https://docs.oracle.com/en/java/javase/21/docs/api/java.base/java/util/UUID.html	/home/fhu_thjen/projects/learning-java/39-utility-apis/anki/basic-extra.tsv	10
ok	200	official Java/Oracle documentation	https://docs.oracle.com/en/java/javase/21/docs/api/java.base/java/util/Objects.html	/home/fhu_thjen/projects/learning-java/39-utility-apis/anki/basic-extra.tsv	11
ok	200	official Java/Oracle documentation	https://docs.oracle.com/en/java/javase/21/docs/api/java.base/java/util/Objects.html	/home/fhu_thjen/projects/learning-java/39-utility-apis/anki/basic-extra.tsv	12
ok	200	official Java/Oracle documentation	https://docs.oracle.com/en/java/javase/21/docs/api/java.base/java/util/Optional.html	/home/fhu_thjen/projects/learning-java/39-utility-apis/anki/basic-extra.tsv	13
ok	200	official Java/Oracle documentation	https://docs.oracle.com/en/java/javase/21/docs/api/java.base/java/lang/System.html	/home/fhu_thjen/projects/learning-java/39-utility-apis/anki/basic-extra.tsv	14
ok	200	official Java/Oracle documentation	https://docs.oracle.com/en/java/javase/21/docs/api/java.base/java/lang/System.html	/home/fhu_thjen/projects/learning-java/39-utility-apis/anki/basic-extra.tsv	15
ok	200	official Java/Oracle documentation	https://docs.oracle.com/en/java/javase/21/docs/api/java.base/java/lang/Runtime.html	/home/fhu_thjen/projects/learning-java/39-utility-apis/anki/basic-extra.tsv	16
ok	200	official Java/Oracle documentation	https://docs.oracle.com/en/java/javase/21/docs/api/java.base/java/lang/ProcessBuilder.html	/home/fhu_thjen/projects/learning-java/39-utility-apis/anki/basic-extra.tsv	17
ok	200	official Java/Oracle documentation	https://docs.oracle.com/en/java/javase/21/docs/api/java.base/java/util/Properties.html	/home/fhu_thjen/projects/learning-java/39-utility-apis/anki/basic-extra.tsv	18
ok	200	official Java/Oracle documentation	https://docs.oracle.com/en/java/javase/21/docs/api/java.base/java/util/Properties.html	/home/fhu_thjen/projects/learning-java/39-utility-apis/anki/basic-extra.tsv	19
ok	200	official Java/Oracle documentation	https://docs.oracle.com/en/java/javase/21/docs/api/java.base/java/util/ResourceBundle.html	/home/fhu_thjen/projects/learning-java/39-utility-apis/anki/basic-extra.tsv	20
ok	200	official Java/Oracle documentation	https://docs.oracle.com/en/java/javase/21/docs/api/java.base/java/util/Locale.html	/home/fhu_thjen/projects/learning-java/39-utility-apis/anki/basic-extra.tsv	21
ok	200	official Java/Oracle documentation	https://docs.oracle.com/en/java/javase/21/docs/api/java.base/java/util/Locale.html	/home/fhu_thjen/projects/learning-java/39-utility-apis/anki/basic-extra.tsv	22
ok	200	official Java/Oracle documentation	https://docs.oracle.com/en/java/javase/21/docs/api/java.base/java/util/Currency.html	/home/fhu_thjen/projects/learning-java/39-utility-apis/anki/basic-extra.tsv	23
ok	200	official Java/Oracle documentation	https://docs.oracle.com/en/java/javase/21/docs/api/java.base/java/util/Formatter.html	/home/fhu_thjen/projects/learning-java/39-utility-apis/anki/basic-extra.tsv	24
ok	200	official Java/Oracle documentation	https://docs.oracle.com/en/java/javase/21/docs/api/java.base/java/util/Scanner.html	/home/fhu_thjen/projects/learning-java/39-utility-apis/anki/basic-extra.tsv	25
ok	200	official Java/Oracle documentation	https://docs.oracle.com/en/java/javase/21/docs/api/java.base/java/lang/Math.html#addExact(int,int	/home/fhu_thjen/projects/learning-java/39-utility-apis/anki/basic.tsv	3
ok	200	official Java/Oracle documentation	https://docs.oracle.com/en/java/javase/21/docs/api/java.base/java/util/Random.html	/home/fhu_thjen/projects/learning-java/39-utility-apis/anki/basic.tsv	4
ok	200	official Java/Oracle documentation	https://docs.oracle.com/en/java/javase/21/docs/api/java.base/java/util/concurrent/ThreadLocalRandom.html	/home/fhu_thjen/projects/learning-java/39-utility-apis/anki/basic.tsv	5
ok	200	official Java/Oracle documentation	https://docs.oracle.com/en/java/javase/21/docs/api/java.base/java/util/Random.html	/home/fhu_thjen/projects/learning-java/39-utility-apis/anki/basic.tsv	6
ok	200	official Java/Oracle documentation	https://docs.oracle.com/en/java/javase/21/docs/api/java.base/java/security/SecureRandom.html	/home/fhu_thjen/projects/learning-java/39-utility-apis/anki/basic.tsv	7
ok	200	official Java/Oracle documentation	https://docs.oracle.com/en/java/javase/21/docs/api/java.base/java/lang/System.html#exit(int	/home/fhu_thjen/projects/learning-java/39-utility-apis/anki/basic.tsv	11
ok	200	official Java/Oracle documentation	https://docs.oracle.com/en/java/javase/21/docs/api/java.base/java/lang/Runtime.html	/home/fhu_thjen/projects/learning-java/39-utility-apis/anki/basic.tsv	12
ok	200	official Java/Oracle documentation	https://docs.oracle.com/en/java/javase/21/docs/api/java.base/java/util/Properties.html#store(java.io.Writer,java.lang.String	/home/fhu_thjen/projects/learning-java/39-utility-apis/anki/basic.tsv	16
ok	200	official Java/Oracle documentation	https://docs.oracle.com/en/java/javase/21/docs/api/java.base/java/lang/Math.html#addExact(int,int	/home/fhu_thjen/projects/learning-java/39-utility-apis/anki/cloze.tsv	2
ok	200	official Java/Oracle documentation	https://docs.oracle.com/en/java/javase/21/docs/api/java.base/java/util/concurrent/ThreadLocalRandom.html	/home/fhu_thjen/projects/learning-java/39-utility-apis/anki/cloze.tsv	3
ok	200	official Java/Oracle documentation	https://docs.oracle.com/en/java/javase/21/docs/api/java.base/java/security/SecureRandom.html	/home/fhu_thjen/projects/learning-java/39-utility-apis/anki/cloze.tsv	4
ok	200	official Java/Oracle documentation	https://docs.oracle.com/en/java/javase/21/docs/api/java.base/java/util/Random.html	/home/fhu_thjen/projects/learning-java/39-utility-apis/anki/cloze.tsv	5
ok	200	official Java/Oracle documentation	https://docs.oracle.com/en/java/javase/21/docs/api/java.base/java/lang/Runtime.html	/home/fhu_thjen/projects/learning-java/39-utility-apis/anki/cloze.tsv	10
ok	200	official Java/Oracle documentation	https://docs.oracle.com/en/java/javase/21/docs/api/java.base/java/lang/System.html#exit(int	/home/fhu_thjen/projects/learning-java/39-utility-apis/anki/cloze.tsv	11
ok	200	official Java/Oracle documentation	https://docs.oracle.com/en/java/javase/21/docs/api/java.base/java/util/Properties.html#store(java.io.Writer,java.lang.String	/home/fhu_thjen/projects/learning-java/39-utility-apis/anki/cloze.tsv	14
ok	200	official Java/Oracle documentation	https://docs.oracle.com/en/java/javase/21/docs/api/java.base/java/util/ResourceBundle.html	/home/fhu_thjen/projects/learning-java/39-utility-apis/anki/cloze.tsv	16
ok	200	official Java/Oracle documentation	https://docs.oracle.com/en/java/javase/21/docs/api/java.base/java/util/package-summary.html	/home/fhu_thjen/projects/learning-java/39-utility-apis/anki/code-question.tsv	2
ok	200	official Java/Oracle documentation	https://docs.oracle.com/en/java/javase/21/docs/api/java.base/java/util/package-summary.html	/home/fhu_thjen/projects/learning-java/39-utility-apis/anki/code-question.tsv	3
ok	200	official Java/Oracle documentation	https://docs.oracle.com/en/java/javase/21/docs/api/java.base/java/util/package-summary.html	/home/fhu_thjen/projects/learning-java/39-utility-apis/anki/code-question.tsv	4
ok	200	official Java/Oracle documentation	https://docs.oracle.com/en/java/javase/21/docs/api/java.base/java/util/package-summary.html	/home/fhu_thjen/projects/learning-java/39-utility-apis/anki/code-question.tsv	5
ok	200	official Java/Oracle documentation	https://docs.oracle.com/en/java/javase/21/docs/api/java.base/java/util/package-summary.html	/home/fhu_thjen/projects/learning-java/39-utility-apis/anki/code-question.tsv	6
ok	200	official Java/Oracle documentation	https://docs.oracle.com/en/java/javase/21/docs/api/java.base/java/util/package-summary.html	/home/fhu_thjen/projects/learning-java/39-utility-apis/anki/code-question.tsv	7
ok	200	official Java/Oracle documentation	https://docs.oracle.com/en/java/javase/21/docs/api/java.base/java/util/package-summary.html	/home/fhu_thjen/projects/learning-java/39-utility-apis/anki/code-question.tsv	8
ok	200	official Java/Oracle documentation	https://docs.oracle.com/en/java/javase/21/docs/api/java.base/java/util/package-summary.html	/home/fhu_thjen/projects/learning-java/39-utility-apis/anki/code-question.tsv	9
ok	200	official Java/Oracle documentation	https://docs.oracle.com/en/java/javase/21/docs/api/java.base/java/util/package-summary.html	/home/fhu_thjen/projects/learning-java/39-utility-apis/anki/code-question.tsv	10
ok	200	official Java/Oracle documentation	https://docs.oracle.com/en/java/javase/21/docs/api/java.base/java/util/package-summary.html	/home/fhu_thjen/projects/learning-java/39-utility-apis/anki/code-question.tsv	11
ok	200	official Java/Oracle documentation	https://docs.oracle.com/en/java/javase/21/docs/api/java.base/java/util/package-summary.html	/home/fhu_thjen/projects/learning-java/39-utility-apis/anki/code-question.tsv	12
ok	200	official Java/Oracle documentation	https://docs.oracle.com/en/java/javase/21/docs/api/java.base/java/util/package-summary.html	/home/fhu_thjen/projects/learning-java/39-utility-apis/anki/code-question.tsv	13
ok	200	official Java/Oracle documentation	https://docs.oracle.com/en/java/javase/21/docs/api/java.base/java/util/package-summary.html	/home/fhu_thjen/projects/learning-java/39-utility-apis/anki/code-question.tsv	14
ok	200	official Java/Oracle documentation	https://docs.oracle.com/en/java/javase/21/docs/api/java.base/java/util/package-summary.html	/home/fhu_thjen/projects/learning-java/39-utility-apis/anki/code-question.tsv	15
ok	200	official Java/Oracle documentation	https://docs.oracle.com/en/java/javase/21/docs/api/java.base/java/util/package-summary.html	/home/fhu_thjen/projects/learning-java/39-utility-apis/anki/code-question.tsv	16
ok	200	official Java/Oracle documentation	https://docs.oracle.com/en/java/javase/21/docs/api/java.base/java/util/package-summary.html	/home/fhu_thjen/projects/learning-java/39-utility-apis/anki/code-question.tsv	17
ok	200	official Java/Oracle documentation	https://docs.oracle.com/en/java/javase/21/docs/api/java.base/java/util/package-summary.html	/home/fhu_thjen/projects/learning-java/39-utility-apis/anki/code-question.tsv	18
ok	200	official Java/Oracle documentation	https://docs.oracle.com/en/java/javase/21/docs/api/java.base/java/util/package-summary.html	/home/fhu_thjen/projects/learning-java/39-utility-apis/anki/code-question.tsv	19
ok	200	official Java/Oracle documentation	https://docs.oracle.com/en/java/javase/21/docs/api/java.base/java/util/package-summary.html	/home/fhu_thjen/projects/learning-java/39-utility-apis/anki/code-question.tsv	20
ok	200	official Java/Oracle documentation	https://docs.oracle.com/en/java/javase/21/docs/api/java.base/java/util/package-summary.html	/home/fhu_thjen/projects/learning-java/39-utility-apis/anki/code-question.tsv	21
ok	200	official OpenJDK project site	https://openjdk.org/jeps/286	/home/fhu_thjen/projects/learning-java/40-modern-java-concepts/anki/basic-extra.tsv	2
ok	200	official OpenJDK project site	https://openjdk.org/jeps/395	/home/fhu_thjen/projects/learning-java/40-modern-java-concepts/anki/basic-extra.tsv	3
ok	200	official OpenJDK project site	https://openjdk.org/jeps/409	/home/fhu_thjen/projects/learning-java/40-modern-java-concepts/anki/basic-extra.tsv	4
ok	200	official OpenJDK project site	https://openjdk.org/jeps/441	/home/fhu_thjen/projects/learning-java/40-modern-java-concepts/anki/basic-extra.tsv	5
ok	200	official OpenJDK project site	https://openjdk.org/jeps/444	/home/fhu_thjen/projects/learning-java/40-modern-java-concepts/anki/basic-extra.tsv	6
ok	200	official OpenJDK project site	https://openjdk.org/jeps/395	/home/fhu_thjen/projects/learning-java/40-modern-java-concepts/anki/basic-extra.tsv	7
ok	200	official OpenJDK project site	https://openjdk.org/jeps/0	/home/fhu_thjen/projects/learning-java/40-modern-java-concepts/anki/basic-extra.tsv	8
ok	200	official OpenJDK project site	https://openjdk.org/jeps/444	/home/fhu_thjen/projects/learning-java/40-modern-java-concepts/anki/basic-extra.tsv	9
ok	200	official OpenJDK project site	https://openjdk.org/jeps/441	/home/fhu_thjen/projects/learning-java/40-modern-java-concepts/anki/basic-extra.tsv	10
ok	200	official OpenJDK project site	https://openjdk.org/jeps/286	/home/fhu_thjen/projects/learning-java/40-modern-java-concepts/anki/basic-extra.tsv	11
ok	200	official OpenJDK project site	https://openjdk.org/jeps/0	/home/fhu_thjen/projects/learning-java/40-modern-java-concepts/anki/basic-extra.tsv	12
ok	200	official OpenJDK project site	https://openjdk.org/jeps/409	/home/fhu_thjen/projects/learning-java/40-modern-java-concepts/anki/basic-extra.tsv	13
ok	200	official OpenJDK project site	https://openjdk.org/jeps/286	/home/fhu_thjen/projects/learning-java/40-modern-java-concepts/anki/basic.tsv	2
ok	200	official OpenJDK project site	https://openjdk.org/jeps/286	/home/fhu_thjen/projects/learning-java/40-modern-java-concepts/anki/basic.tsv	3
ok	200	official OpenJDK project site	https://openjdk.org/jeps/286	/home/fhu_thjen/projects/learning-java/40-modern-java-concepts/anki/basic.tsv	4
ok	200	official OpenJDK project site	https://openjdk.org/jeps/395	/home/fhu_thjen/projects/learning-java/40-modern-java-concepts/anki/basic.tsv	5
ok	200	official OpenJDK project site	https://openjdk.org/jeps/395	/home/fhu_thjen/projects/learning-java/40-modern-java-concepts/anki/basic.tsv	6
ok	200	official OpenJDK project site	https://openjdk.org/jeps/395	/home/fhu_thjen/projects/learning-java/40-modern-java-concepts/anki/basic.tsv	7
ok	200	official OpenJDK project site	https://openjdk.org/jeps/409	/home/fhu_thjen/projects/learning-java/40-modern-java-concepts/anki/basic.tsv	8
ok	200	official OpenJDK project site	https://openjdk.org/jeps/409	/home/fhu_thjen/projects/learning-java/40-modern-java-concepts/anki/basic.tsv	9
ok	200	official OpenJDK project site	https://openjdk.org/jeps/409	/home/fhu_thjen/projects/learning-java/40-modern-java-concepts/anki/basic.tsv	10
ok	200	official OpenJDK project site	https://openjdk.org/jeps/441	/home/fhu_thjen/projects/learning-java/40-modern-java-concepts/anki/basic.tsv	11
ok	200	official OpenJDK project site	https://openjdk.org/jeps/441	/home/fhu_thjen/projects/learning-java/40-modern-java-concepts/anki/basic.tsv	12
ok	200	official OpenJDK project site	https://openjdk.org/jeps/444	/home/fhu_thjen/projects/learning-java/40-modern-java-concepts/anki/basic.tsv	13
ok	200	official OpenJDK project site	https://openjdk.org/jeps/444	/home/fhu_thjen/projects/learning-java/40-modern-java-concepts/anki/basic.tsv	14
ok	200	official OpenJDK project site	https://openjdk.org/jeps/444	/home/fhu_thjen/projects/learning-java/40-modern-java-concepts/anki/basic.tsv	15
ok	200	official OpenJDK project site	https://openjdk.org/jeps/444	/home/fhu_thjen/projects/learning-java/40-modern-java-concepts/anki/basic.tsv	16
ok	200	official OpenJDK project site	https://openjdk.org/jeps/444	/home/fhu_thjen/projects/learning-java/40-modern-java-concepts/anki/basic.tsv	17
ok	200	official OpenJDK project site	https://openjdk.org/jeps/0	/home/fhu_thjen/projects/learning-java/40-modern-java-concepts/anki/basic.tsv	18
ok	200	official OpenJDK project site	https://openjdk.org/jeps/0	/home/fhu_thjen/projects/learning-java/40-modern-java-concepts/anki/basic.tsv	19
ok	200	official OpenJDK project site	https://openjdk.org/jeps/395	/home/fhu_thjen/projects/learning-java/40-modern-java-concepts/anki/basic.tsv	20
ok	200	official OpenJDK project site	https://openjdk.org/jeps/409	/home/fhu_thjen/projects/learning-java/40-modern-java-concepts/anki/basic.tsv	21
ok	200	official OpenJDK project site	https://openjdk.org/jeps/286	/home/fhu_thjen/projects/learning-java/40-modern-java-concepts/anki/cloze.tsv	2
ok	200	official OpenJDK project site	https://openjdk.org/jeps/286	/home/fhu_thjen/projects/learning-java/40-modern-java-concepts/anki/cloze.tsv	3
ok	200	official OpenJDK project site	https://openjdk.org/jeps/395	/home/fhu_thjen/projects/learning-java/40-modern-java-concepts/anki/cloze.tsv	4
ok	200	official OpenJDK project site	https://openjdk.org/jeps/395	/home/fhu_thjen/projects/learning-java/40-modern-java-concepts/anki/cloze.tsv	5
ok	200	official OpenJDK project site	https://openjdk.org/jeps/409	/home/fhu_thjen/projects/learning-java/40-modern-java-concepts/anki/cloze.tsv	6
ok	200	official OpenJDK project site	https://openjdk.org/jeps/409	/home/fhu_thjen/projects/learning-java/40-modern-java-concepts/anki/cloze.tsv	7
ok	200	official OpenJDK project site	https://openjdk.org/jeps/441	/home/fhu_thjen/projects/learning-java/40-modern-java-concepts/anki/cloze.tsv	8
ok	200	official OpenJDK project site	https://openjdk.org/jeps/444	/home/fhu_thjen/projects/learning-java/40-modern-java-concepts/anki/cloze.tsv	9
ok	200	official OpenJDK project site	https://openjdk.org/jeps/444	/home/fhu_thjen/projects/learning-java/40-modern-java-concepts/anki/cloze.tsv	10
ok	200	official OpenJDK project site	https://openjdk.org/jeps/0	/home/fhu_thjen/projects/learning-java/40-modern-java-concepts/anki/cloze.tsv	11
ok	200	official OpenJDK project site	https://openjdk.org/jeps/441	/home/fhu_thjen/projects/learning-java/40-modern-java-concepts/anki/cloze.tsv	12
ok	200	official OpenJDK project site	https://openjdk.org/jeps/441	/home/fhu_thjen/projects/learning-java/40-modern-java-concepts/anki/cloze.tsv	13
ok	200	official OpenJDK project site	https://openjdk.org/jeps/286	/home/fhu_thjen/projects/learning-java/40-modern-java-concepts/anki/code-question.tsv	2
ok	200	official OpenJDK project site	https://openjdk.org/jeps/395	/home/fhu_thjen/projects/learning-java/40-modern-java-concepts/anki/code-question.tsv	3
ok	200	official OpenJDK project site	https://openjdk.org/jeps/395	/home/fhu_thjen/projects/learning-java/40-modern-java-concepts/anki/code-question.tsv	4
ok	200	official OpenJDK project site	https://openjdk.org/jeps/409	/home/fhu_thjen/projects/learning-java/40-modern-java-concepts/anki/code-question.tsv	5
ok	200	official OpenJDK project site	https://openjdk.org/jeps/441	/home/fhu_thjen/projects/learning-java/40-modern-java-concepts/anki/code-question.tsv	6
ok	200	official OpenJDK project site	https://openjdk.org/jeps/444	/home/fhu_thjen/projects/learning-java/40-modern-java-concepts/anki/code-question.tsv	7
ok	200	official OpenJDK project site	https://openjdk.org/jeps/444	/home/fhu_thjen/projects/learning-java/40-modern-java-concepts/anki/code-question.tsv	8
ok	200	official OpenJDK project site	https://openjdk.org/jeps/0	/home/fhu_thjen/projects/learning-java/40-modern-java-concepts/anki/code-question.tsv	9
ok	200	official OpenJDK project site	https://openjdk.org/jeps/441	/home/fhu_thjen/projects/learning-java/40-modern-java-concepts/anki/code-question.tsv	10
ok	200	official OpenJDK project site	https://openjdk.org/jeps/444	/home/fhu_thjen/projects/learning-java/40-modern-java-concepts/anki/code-question.tsv	11
ok	200	official OpenJDK project site	https://openjdk.org/jeps/441	/home/fhu_thjen/projects/learning-java/40-modern-java-concepts/anki/code-question.tsv	12
ok	200	official OpenJDK project site	https://openjdk.org/jeps/441	/home/fhu_thjen/projects/learning-java/40-modern-java-concepts/anki/code-question.tsv	13
ok	200	official OpenJDK project site	https://openjdk.org/jeps/395	/home/fhu_thjen/projects/learning-java/40-modern-java-concepts/anki/code-question.tsv	14
ok	200	official Java/Oracle documentation	https://docs.oracle.com/javase/specs/jls/se21/html/index.html	/home/fhu_thjen/projects/learning-java/41-best-practices/anki/basic-extra.tsv	2
ok	200	official Java/Oracle documentation	https://docs.oracle.com/javase/specs/jls/se21/html/index.html	/home/fhu_thjen/projects/learning-java/41-best-practices/anki/basic-extra.tsv	3
ok	200	official Java/Oracle documentation	https://docs.oracle.com/javase/specs/jls/se21/html/index.html	/home/fhu_thjen/projects/learning-java/41-best-practices/anki/basic-extra.tsv	4
ok	200	official Java/Oracle documentation	https://docs.oracle.com/javase/tutorial/essential/exceptions/	/home/fhu_thjen/projects/learning-java/41-best-practices/anki/basic-extra.tsv	5
ok	200	official Java/Oracle documentation	https://docs.oracle.com/javase/tutorial/essential/exceptions/	/home/fhu_thjen/projects/learning-java/41-best-practices/anki/basic-extra.tsv	6
ok	200	official Java/Oracle documentation	https://docs.oracle.com/javase/specs/jls/se21/html/index.html	/home/fhu_thjen/projects/learning-java/41-best-practices/anki/basic-extra.tsv	7
ok	200	official Java/Oracle documentation	https://docs.oracle.com/javase/specs/jls/se21/html/index.html	/home/fhu_thjen/projects/learning-java/41-best-practices/anki/basic-extra.tsv	8
ok	200	official Java/Oracle documentation	https://docs.oracle.com/javase/specs/jls/se21/html/index.html	/home/fhu_thjen/projects/learning-java/41-best-practices/anki/basic-extra.tsv	9
ok	200	official Java/Oracle documentation	https://docs.oracle.com/javase/specs/jls/se21/html/index.html	/home/fhu_thjen/projects/learning-java/41-best-practices/anki/basic-extra.tsv	10
ok	200	official Java/Oracle documentation	https://docs.oracle.com/javase/specs/jls/se21/html/index.html	/home/fhu_thjen/projects/learning-java/41-best-practices/anki/basic-extra.tsv	11
ok	200	official Java/Oracle documentation	https://docs.oracle.com/javase/tutorial/essential/exceptions/	/home/fhu_thjen/projects/learning-java/41-best-practices/anki/basic-extra.tsv	12
ok	200	official Java/Oracle documentation	https://docs.oracle.com/javase/tutorial/essential/exceptions/	/home/fhu_thjen/projects/learning-java/41-best-practices/anki/basic-extra.tsv	13
ok	200	official Java/Oracle documentation	https://docs.oracle.com/javase/specs/jls/se21/html/index.html	/home/fhu_thjen/projects/learning-java/41-best-practices/anki/basic.tsv	2
ok	200	official Java/Oracle documentation	https://docs.oracle.com/javase/specs/jls/se21/html/index.html	/home/fhu_thjen/projects/learning-java/41-best-practices/anki/basic.tsv	3
ok	200	official Java/Oracle documentation	https://docs.oracle.com/javase/specs/jls/se21/html/index.html	/home/fhu_thjen/projects/learning-java/41-best-practices/anki/basic.tsv	4
ok	200	official Java/Oracle documentation	https://docs.oracle.com/javase/specs/jls/se21/html/index.html	/home/fhu_thjen/projects/learning-java/41-best-practices/anki/basic.tsv	5
ok	200	official Java/Oracle documentation	https://docs.oracle.com/javase/specs/jls/se21/html/index.html	/home/fhu_thjen/projects/learning-java/41-best-practices/anki/basic.tsv	6
ok	200	official Java/Oracle documentation	https://docs.oracle.com/javase/specs/jls/se21/html/index.html	/home/fhu_thjen/projects/learning-java/41-best-practices/anki/basic.tsv	7
ok	200	official Java/Oracle documentation	https://docs.oracle.com/javase/specs/jls/se21/html/index.html	/home/fhu_thjen/projects/learning-java/41-best-practices/anki/basic.tsv	8
ok	200	official Java/Oracle documentation	https://docs.oracle.com/javase/tutorial/essential/exceptions/	/home/fhu_thjen/projects/learning-java/41-best-practices/anki/basic.tsv	9
ok	200	official Java/Oracle documentation	https://docs.oracle.com/javase/tutorial/essential/exceptions/	/home/fhu_thjen/projects/learning-java/41-best-practices/anki/basic.tsv	10
ok	200	official Java/Oracle documentation	https://docs.oracle.com/javase/tutorial/essential/exceptions/	/home/fhu_thjen/projects/learning-java/41-best-practices/anki/basic.tsv	11
ok	200	official Java/Oracle documentation	https://docs.oracle.com/javase/tutorial/essential/exceptions/	/home/fhu_thjen/projects/learning-java/41-best-practices/anki/basic.tsv	12
ok	200	official Java/Oracle documentation	https://docs.oracle.com/javase/specs/jls/se21/html/index.html	/home/fhu_thjen/projects/learning-java/41-best-practices/anki/basic.tsv	13
ok	200	official Java/Oracle documentation	https://docs.oracle.com/javase/specs/jls/se21/html/index.html	/home/fhu_thjen/projects/learning-java/41-best-practices/anki/basic.tsv	14
ok	200	official Java/Oracle documentation	https://docs.oracle.com/javase/specs/jls/se21/html/index.html	/home/fhu_thjen/projects/learning-java/41-best-practices/anki/basic.tsv	15
ok	200	official Java/Oracle documentation	https://docs.oracle.com/javase/specs/jls/se21/html/index.html	/home/fhu_thjen/projects/learning-java/41-best-practices/anki/basic.tsv	16
ok	200	official Java/Oracle documentation	https://docs.oracle.com/javase/specs/jls/se21/html/index.html	/home/fhu_thjen/projects/learning-java/41-best-practices/anki/basic.tsv	17
ok	200	official Java/Oracle documentation	https://docs.oracle.com/javase/specs/jls/se21/html/index.html	/home/fhu_thjen/projects/learning-java/41-best-practices/anki/basic.tsv	18
ok	200	official Java/Oracle documentation	https://docs.oracle.com/javase/specs/jls/se21/html/index.html	/home/fhu_thjen/projects/learning-java/41-best-practices/anki/cloze.tsv	2
ok	200	official Java/Oracle documentation	https://docs.oracle.com/javase/specs/jls/se21/html/index.html	/home/fhu_thjen/projects/learning-java/41-best-practices/anki/cloze.tsv	3
ok	200	official Java/Oracle documentation	https://docs.oracle.com/javase/specs/jls/se21/html/index.html	/home/fhu_thjen/projects/learning-java/41-best-practices/anki/cloze.tsv	4
ok	200	official Java/Oracle documentation	https://docs.oracle.com/javase/tutorial/essential/exceptions/	/home/fhu_thjen/projects/learning-java/41-best-practices/anki/cloze.tsv	5
ok	200	official Java/Oracle documentation	https://docs.oracle.com/javase/tutorial/essential/exceptions/	/home/fhu_thjen/projects/learning-java/41-best-practices/anki/cloze.tsv	6
ok	200	official Java/Oracle documentation	https://docs.oracle.com/javase/tutorial/essential/exceptions/	/home/fhu_thjen/projects/learning-java/41-best-practices/anki/cloze.tsv	7
ok	200	official Java/Oracle documentation	https://docs.oracle.com/javase/specs/jls/se21/html/index.html	/home/fhu_thjen/projects/learning-java/41-best-practices/anki/cloze.tsv	8
ok	200	official Java/Oracle documentation	https://docs.oracle.com/javase/specs/jls/se21/html/index.html	/home/fhu_thjen/projects/learning-java/41-best-practices/anki/cloze.tsv	9
ok	200	official Java/Oracle documentation	https://docs.oracle.com/javase/specs/jls/se21/html/index.html	/home/fhu_thjen/projects/learning-java/41-best-practices/anki/cloze.tsv	10
ok	200	official Java/Oracle documentation	https://docs.oracle.com/javase/specs/jls/se21/html/index.html	/home/fhu_thjen/projects/learning-java/41-best-practices/anki/cloze.tsv	11
ok	200	official Java/Oracle documentation	https://docs.oracle.com/javase/specs/jls/se21/html/index.html	/home/fhu_thjen/projects/learning-java/41-best-practices/anki/cloze.tsv	12
ok	200	official Java/Oracle documentation	https://docs.oracle.com/javase/tutorial/essential/exceptions/	/home/fhu_thjen/projects/learning-java/41-best-practices/anki/cloze.tsv	13
ok	200	official Java/Oracle documentation	https://docs.oracle.com/javase/specs/jls/se21/html/index.html	/home/fhu_thjen/projects/learning-java/41-best-practices/anki/code-question.tsv	2
ok	200	official Java/Oracle documentation	https://docs.oracle.com/javase/specs/jls/se21/html/index.html	/home/fhu_thjen/projects/learning-java/41-best-practices/anki/code-question.tsv	3
ok	200	official Java/Oracle documentation	https://docs.oracle.com/javase/specs/jls/se21/html/index.html	/home/fhu_thjen/projects/learning-java/41-best-practices/anki/code-question.tsv	4
ok	200	official Java/Oracle documentation	https://docs.oracle.com/javase/tutorial/essential/exceptions/	/home/fhu_thjen/projects/learning-java/41-best-practices/anki/code-question.tsv	5
ok	200	official Java/Oracle documentation	https://docs.oracle.com/javase/tutorial/essential/exceptions/	/home/fhu_thjen/projects/learning-java/41-best-practices/anki/code-question.tsv	6
ok	200	official Java/Oracle documentation	https://docs.oracle.com/javase/tutorial/essential/exceptions/	/home/fhu_thjen/projects/learning-java/41-best-practices/anki/code-question.tsv	7
ok	200	official Java/Oracle documentation	https://docs.oracle.com/javase/specs/jls/se21/html/index.html	/home/fhu_thjen/projects/learning-java/41-best-practices/anki/code-question.tsv	8
ok	200	official Java/Oracle documentation	https://docs.oracle.com/javase/specs/jls/se21/html/index.html	/home/fhu_thjen/projects/learning-java/41-best-practices/anki/code-question.tsv	9
ok	200	official Java/Oracle documentation	https://docs.oracle.com/javase/specs/jls/se21/html/index.html	/home/fhu_thjen/projects/learning-java/41-best-practices/anki/code-question.tsv	10
ok	200	official Java/Oracle documentation	https://docs.oracle.com/javase/specs/jls/se21/html/index.html	/home/fhu_thjen/projects/learning-java/41-best-practices/anki/code-question.tsv	11
ok	200	official Java/Oracle documentation	https://docs.oracle.com/javase/specs/jls/se21/html/index.html	/home/fhu_thjen/projects/learning-java/41-best-practices/anki/code-question.tsv	12
ok	200	official Java/Oracle documentation	https://docs.oracle.com/javase/tutorial/essential/exceptions/	/home/fhu_thjen/projects/learning-java/41-best-practices/anki/code-question.tsv	13
ok	200	official Java/Oracle documentation	https://docs.oracle.com/javase/tutorial/java/concepts/	/home/fhu_thjen/projects/learning-java/42-design-principles/anki/basic-extra.tsv	2
ok	200	official Java/Oracle documentation	https://docs.oracle.com/javase/tutorial/java/concepts/	/home/fhu_thjen/projects/learning-java/42-design-principles/anki/basic-extra.tsv	3
ok	200	official Java/Oracle documentation	https://docs.oracle.com/javase/tutorial/java/concepts/	/home/fhu_thjen/projects/learning-java/42-design-principles/anki/basic-extra.tsv	4
ok	200	official Java/Oracle documentation	https://docs.oracle.com/javase/tutorial/java/concepts/	/home/fhu_thjen/projects/learning-java/42-design-principles/anki/basic-extra.tsv	5
ok	200	official Java/Oracle documentation	https://docs.oracle.com/javase/tutorial/java/concepts/	/home/fhu_thjen/projects/learning-java/42-design-principles/anki/basic-extra.tsv	6
ok	200	official Java/Oracle documentation	https://docs.oracle.com/javase/tutorial/java/concepts/	/home/fhu_thjen/projects/learning-java/42-design-principles/anki/basic-extra.tsv	7
ok	200	official Java/Oracle documentation	https://docs.oracle.com/javase/tutorial/java/concepts/	/home/fhu_thjen/projects/learning-java/42-design-principles/anki/basic-extra.tsv	8
ok	200	official Java/Oracle documentation	https://docs.oracle.com/javase/tutorial/java/concepts/	/home/fhu_thjen/projects/learning-java/42-design-principles/anki/basic-extra.tsv	9
ok	200	official Java/Oracle documentation	https://docs.oracle.com/javase/tutorial/java/concepts/	/home/fhu_thjen/projects/learning-java/42-design-principles/anki/basic-extra.tsv	10
ok	200	official Java/Oracle documentation	https://docs.oracle.com/javase/tutorial/java/concepts/	/home/fhu_thjen/projects/learning-java/42-design-principles/anki/basic-extra.tsv	11
ok	200	official Java/Oracle documentation	https://docs.oracle.com/javase/tutorial/java/concepts/	/home/fhu_thjen/projects/learning-java/42-design-principles/anki/basic-extra.tsv	12
ok	200	official Java/Oracle documentation	https://docs.oracle.com/javase/tutorial/java/concepts/	/home/fhu_thjen/projects/learning-java/42-design-principles/anki/basic-extra.tsv	13
ok	200	official Java/Oracle documentation	https://docs.oracle.com/javase/tutorial/java/concepts/	/home/fhu_thjen/projects/learning-java/42-design-principles/anki/basic.tsv	2
ok	200	official Java/Oracle documentation	https://docs.oracle.com/javase/tutorial/java/concepts/	/home/fhu_thjen/projects/learning-java/42-design-principles/anki/basic.tsv	3
ok	200	official Java/Oracle documentation	https://docs.oracle.com/javase/tutorial/java/concepts/	/home/fhu_thjen/projects/learning-java/42-design-principles/anki/basic.tsv	4
ok	200	official Java/Oracle documentation	https://docs.oracle.com/javase/tutorial/java/concepts/	/home/fhu_thjen/projects/learning-java/42-design-principles/anki/basic.tsv	5
ok	200	official Java/Oracle documentation	https://docs.oracle.com/javase/tutorial/java/concepts/	/home/fhu_thjen/projects/learning-java/42-design-principles/anki/basic.tsv	6
ok	200	official Java/Oracle documentation	https://docs.oracle.com/javase/tutorial/java/concepts/	/home/fhu_thjen/projects/learning-java/42-design-principles/anki/basic.tsv	7
ok	200	official Java/Oracle documentation	https://docs.oracle.com/javase/tutorial/java/concepts/	/home/fhu_thjen/projects/learning-java/42-design-principles/anki/basic.tsv	8
ok	200	official Java/Oracle documentation	https://docs.oracle.com/javase/tutorial/java/concepts/	/home/fhu_thjen/projects/learning-java/42-design-principles/anki/basic.tsv	9
ok	200	official Java/Oracle documentation	https://docs.oracle.com/javase/tutorial/java/concepts/	/home/fhu_thjen/projects/learning-java/42-design-principles/anki/basic.tsv	10
ok	200	official Java/Oracle documentation	https://docs.oracle.com/javase/tutorial/java/concepts/	/home/fhu_thjen/projects/learning-java/42-design-principles/anki/basic.tsv	11
ok	200	official Java/Oracle documentation	https://docs.oracle.com/javase/tutorial/java/concepts/	/home/fhu_thjen/projects/learning-java/42-design-principles/anki/basic.tsv	12
ok	200	official Java/Oracle documentation	https://docs.oracle.com/javase/tutorial/java/concepts/	/home/fhu_thjen/projects/learning-java/42-design-principles/anki/basic.tsv	13
ok	200	official Java/Oracle documentation	https://docs.oracle.com/javase/tutorial/java/concepts/	/home/fhu_thjen/projects/learning-java/42-design-principles/anki/basic.tsv	14
ok	200	official Java/Oracle documentation	https://docs.oracle.com/javase/tutorial/java/concepts/	/home/fhu_thjen/projects/learning-java/42-design-principles/anki/basic.tsv	15
ok	200	official Java/Oracle documentation	https://docs.oracle.com/javase/tutorial/java/concepts/	/home/fhu_thjen/projects/learning-java/42-design-principles/anki/basic.tsv	16
ok	200	official Java/Oracle documentation	https://docs.oracle.com/javase/tutorial/java/concepts/	/home/fhu_thjen/projects/learning-java/42-design-principles/anki/basic.tsv	17
ok	200	official Java/Oracle documentation	https://docs.oracle.com/javase/tutorial/java/concepts/	/home/fhu_thjen/projects/learning-java/42-design-principles/anki/cloze.tsv	2
ok	200	official Java/Oracle documentation	https://docs.oracle.com/javase/tutorial/java/concepts/	/home/fhu_thjen/projects/learning-java/42-design-principles/anki/cloze.tsv	3
ok	200	official Java/Oracle documentation	https://docs.oracle.com/javase/tutorial/java/concepts/	/home/fhu_thjen/projects/learning-java/42-design-principles/anki/cloze.tsv	4
ok	200	official Java/Oracle documentation	https://docs.oracle.com/javase/tutorial/java/concepts/	/home/fhu_thjen/projects/learning-java/42-design-principles/anki/cloze.tsv	5
ok	200	official Java/Oracle documentation	https://docs.oracle.com/javase/tutorial/java/concepts/	/home/fhu_thjen/projects/learning-java/42-design-principles/anki/cloze.tsv	6
ok	200	official Java/Oracle documentation	https://docs.oracle.com/javase/tutorial/java/concepts/	/home/fhu_thjen/projects/learning-java/42-design-principles/anki/cloze.tsv	7
ok	200	official Java/Oracle documentation	https://docs.oracle.com/javase/tutorial/java/concepts/	/home/fhu_thjen/projects/learning-java/42-design-principles/anki/cloze.tsv	8
ok	200	official Java/Oracle documentation	https://docs.oracle.com/javase/tutorial/java/concepts/	/home/fhu_thjen/projects/learning-java/42-design-principles/anki/cloze.tsv	9
ok	200	official Java/Oracle documentation	https://docs.oracle.com/javase/tutorial/java/concepts/	/home/fhu_thjen/projects/learning-java/42-design-principles/anki/cloze.tsv	10
ok	200	official Java/Oracle documentation	https://docs.oracle.com/javase/tutorial/java/concepts/	/home/fhu_thjen/projects/learning-java/42-design-principles/anki/cloze.tsv	11
ok	200	official Java/Oracle documentation	https://docs.oracle.com/javase/tutorial/java/concepts/	/home/fhu_thjen/projects/learning-java/42-design-principles/anki/cloze.tsv	12
ok	200	official Java/Oracle documentation	https://docs.oracle.com/javase/tutorial/java/concepts/	/home/fhu_thjen/projects/learning-java/42-design-principles/anki/cloze.tsv	13
ok	200	official Java/Oracle documentation	https://docs.oracle.com/javase/tutorial/java/concepts/	/home/fhu_thjen/projects/learning-java/42-design-principles/anki/code-question.tsv	2
ok	200	official Java/Oracle documentation	https://docs.oracle.com/javase/tutorial/java/concepts/	/home/fhu_thjen/projects/learning-java/42-design-principles/anki/code-question.tsv	3
ok	200	official Java/Oracle documentation	https://docs.oracle.com/javase/tutorial/java/concepts/	/home/fhu_thjen/projects/learning-java/42-design-principles/anki/code-question.tsv	4
ok	200	official Java/Oracle documentation	https://docs.oracle.com/javase/tutorial/java/concepts/	/home/fhu_thjen/projects/learning-java/42-design-principles/anki/code-question.tsv	5
ok	200	official Java/Oracle documentation	https://docs.oracle.com/javase/tutorial/java/concepts/	/home/fhu_thjen/projects/learning-java/42-design-principles/anki/code-question.tsv	6
ok	200	official Java/Oracle documentation	https://docs.oracle.com/javase/tutorial/java/concepts/	/home/fhu_thjen/projects/learning-java/42-design-principles/anki/code-question.tsv	7
ok	200	official Java/Oracle documentation	https://docs.oracle.com/javase/tutorial/java/concepts/	/home/fhu_thjen/projects/learning-java/42-design-principles/anki/code-question.tsv	8
ok	200	official Java/Oracle documentation	https://docs.oracle.com/javase/tutorial/java/concepts/	/home/fhu_thjen/projects/learning-java/42-design-principles/anki/code-question.tsv	9
ok	200	official Java/Oracle documentation	https://docs.oracle.com/javase/tutorial/java/concepts/	/home/fhu_thjen/projects/learning-java/42-design-principles/anki/code-question.tsv	10
ok	200	official Java/Oracle documentation	https://docs.oracle.com/javase/tutorial/java/concepts/	/home/fhu_thjen/projects/learning-java/42-design-principles/anki/code-question.tsv	11
ok	200	official Java/Oracle documentation	https://docs.oracle.com/javase/tutorial/java/concepts/	/home/fhu_thjen/projects/learning-java/42-design-principles/anki/code-question.tsv	12
ok	200	official Java/Oracle documentation	https://docs.oracle.com/javase/tutorial/java/concepts/	/home/fhu_thjen/projects/learning-java/42-design-principles/anki/code-question.tsv	13
ok	200	reputable design-pattern reference, not a Java language authority	https://refactoring.guru/design-patterns	/home/fhu_thjen/projects/learning-java/43-design-patterns/anki/basic-extra.tsv	2
ok	200	reputable design-pattern reference, not a Java language authority	https://refactoring.guru/design-patterns	/home/fhu_thjen/projects/learning-java/43-design-patterns/anki/basic-extra.tsv	3
ok	200	reputable design-pattern reference, not a Java language authority	https://refactoring.guru/design-patterns	/home/fhu_thjen/projects/learning-java/43-design-patterns/anki/basic-extra.tsv	4
ok	200	reputable design-pattern reference, not a Java language authority	https://refactoring.guru/design-patterns	/home/fhu_thjen/projects/learning-java/43-design-patterns/anki/basic-extra.tsv	5
ok	200	reputable design-pattern reference, not a Java language authority	https://refactoring.guru/design-patterns	/home/fhu_thjen/projects/learning-java/43-design-patterns/anki/basic-extra.tsv	6
ok	200	reputable design-pattern reference, not a Java language authority	https://refactoring.guru/design-patterns	/home/fhu_thjen/projects/learning-java/43-design-patterns/anki/basic-extra.tsv	7
ok	200	reputable design-pattern reference, not a Java language authority	https://refactoring.guru/design-patterns	/home/fhu_thjen/projects/learning-java/43-design-patterns/anki/basic-extra.tsv	8
ok	200	reputable design-pattern reference, not a Java language authority	https://refactoring.guru/design-patterns	/home/fhu_thjen/projects/learning-java/43-design-patterns/anki/basic-extra.tsv	9
ok	200	reputable design-pattern reference, not a Java language authority	https://refactoring.guru/design-patterns	/home/fhu_thjen/projects/learning-java/43-design-patterns/anki/basic-extra.tsv	10
ok	200	reputable design-pattern reference, not a Java language authority	https://refactoring.guru/design-patterns	/home/fhu_thjen/projects/learning-java/43-design-patterns/anki/basic-extra.tsv	11
ok	200	reputable design-pattern reference, not a Java language authority	https://refactoring.guru/design-patterns	/home/fhu_thjen/projects/learning-java/43-design-patterns/anki/basic-extra.tsv	12
ok	200	reputable design-pattern reference, not a Java language authority	https://refactoring.guru/design-patterns	/home/fhu_thjen/projects/learning-java/43-design-patterns/anki/basic-extra.tsv	13
ok	200	reputable design-pattern reference, not a Java language authority	https://refactoring.guru/design-patterns	/home/fhu_thjen/projects/learning-java/43-design-patterns/anki/basic.tsv	2
ok	200	reputable design-pattern reference, not a Java language authority	https://refactoring.guru/design-patterns	/home/fhu_thjen/projects/learning-java/43-design-patterns/anki/basic.tsv	3
ok	200	reputable design-pattern reference, not a Java language authority	https://refactoring.guru/design-patterns	/home/fhu_thjen/projects/learning-java/43-design-patterns/anki/basic.tsv	4
ok	200	reputable design-pattern reference, not a Java language authority	https://refactoring.guru/design-patterns	/home/fhu_thjen/projects/learning-java/43-design-patterns/anki/basic.tsv	5
ok	200	reputable design-pattern reference, not a Java language authority	https://refactoring.guru/design-patterns	/home/fhu_thjen/projects/learning-java/43-design-patterns/anki/basic.tsv	6
ok	200	reputable design-pattern reference, not a Java language authority	https://refactoring.guru/design-patterns	/home/fhu_thjen/projects/learning-java/43-design-patterns/anki/basic.tsv	7
ok	200	reputable design-pattern reference, not a Java language authority	https://refactoring.guru/design-patterns	/home/fhu_thjen/projects/learning-java/43-design-patterns/anki/basic.tsv	8
ok	200	reputable design-pattern reference, not a Java language authority	https://refactoring.guru/design-patterns	/home/fhu_thjen/projects/learning-java/43-design-patterns/anki/basic.tsv	9
ok	200	reputable design-pattern reference, not a Java language authority	https://refactoring.guru/design-patterns	/home/fhu_thjen/projects/learning-java/43-design-patterns/anki/basic.tsv	10
ok	200	reputable design-pattern reference, not a Java language authority	https://refactoring.guru/design-patterns	/home/fhu_thjen/projects/learning-java/43-design-patterns/anki/basic.tsv	11
ok	200	reputable design-pattern reference, not a Java language authority	https://refactoring.guru/design-patterns	/home/fhu_thjen/projects/learning-java/43-design-patterns/anki/basic.tsv	12
ok	200	reputable design-pattern reference, not a Java language authority	https://refactoring.guru/design-patterns	/home/fhu_thjen/projects/learning-java/43-design-patterns/anki/basic.tsv	13
ok	200	reputable design-pattern reference, not a Java language authority	https://refactoring.guru/design-patterns	/home/fhu_thjen/projects/learning-java/43-design-patterns/anki/basic.tsv	14
ok	200	reputable design-pattern reference, not a Java language authority	https://refactoring.guru/design-patterns	/home/fhu_thjen/projects/learning-java/43-design-patterns/anki/basic.tsv	15
ok	200	reputable design-pattern reference, not a Java language authority	https://refactoring.guru/design-patterns	/home/fhu_thjen/projects/learning-java/43-design-patterns/anki/basic.tsv	16
ok	200	reputable design-pattern reference, not a Java language authority	https://refactoring.guru/design-patterns	/home/fhu_thjen/projects/learning-java/43-design-patterns/anki/basic.tsv	17
ok	200	reputable design-pattern reference, not a Java language authority	https://refactoring.guru/design-patterns	/home/fhu_thjen/projects/learning-java/43-design-patterns/anki/cloze.tsv	2
ok	200	reputable design-pattern reference, not a Java language authority	https://refactoring.guru/design-patterns	/home/fhu_thjen/projects/learning-java/43-design-patterns/anki/cloze.tsv	3
ok	200	reputable design-pattern reference, not a Java language authority	https://refactoring.guru/design-patterns	/home/fhu_thjen/projects/learning-java/43-design-patterns/anki/cloze.tsv	4
ok	200	reputable design-pattern reference, not a Java language authority	https://refactoring.guru/design-patterns	/home/fhu_thjen/projects/learning-java/43-design-patterns/anki/cloze.tsv	5
ok	200	reputable design-pattern reference, not a Java language authority	https://refactoring.guru/design-patterns	/home/fhu_thjen/projects/learning-java/43-design-patterns/anki/cloze.tsv	6
ok	200	reputable design-pattern reference, not a Java language authority	https://refactoring.guru/design-patterns	/home/fhu_thjen/projects/learning-java/43-design-patterns/anki/cloze.tsv	7
ok	200	reputable design-pattern reference, not a Java language authority	https://refactoring.guru/design-patterns	/home/fhu_thjen/projects/learning-java/43-design-patterns/anki/cloze.tsv	8
ok	200	reputable design-pattern reference, not a Java language authority	https://refactoring.guru/design-patterns	/home/fhu_thjen/projects/learning-java/43-design-patterns/anki/cloze.tsv	9
ok	200	reputable design-pattern reference, not a Java language authority	https://refactoring.guru/design-patterns	/home/fhu_thjen/projects/learning-java/43-design-patterns/anki/cloze.tsv	10
ok	200	reputable design-pattern reference, not a Java language authority	https://refactoring.guru/design-patterns	/home/fhu_thjen/projects/learning-java/43-design-patterns/anki/cloze.tsv	11
ok	200	reputable design-pattern reference, not a Java language authority	https://refactoring.guru/design-patterns	/home/fhu_thjen/projects/learning-java/43-design-patterns/anki/cloze.tsv	12
ok	200	reputable design-pattern reference, not a Java language authority	https://refactoring.guru/design-patterns	/home/fhu_thjen/projects/learning-java/43-design-patterns/anki/cloze.tsv	13
ok	200	needs manual trust review	https://javadoc.io/doc/org.mockito/mockito-core/latest/org/mockito/Mockito.html	/home/fhu_thjen/projects/learning-java/44-unit-testing/anki/basic-extra.tsv	2
ok	200	official JUnit site	https://junit.org/junit5/docs/current/user-guide/	/home/fhu_thjen/projects/learning-java/44-unit-testing/anki/basic-extra.tsv	3
ok	200	official JUnit site	https://junit.org/junit5/docs/current/user-guide/	/home/fhu_thjen/projects/learning-java/44-unit-testing/anki/basic-extra.tsv	4
ok	200	official JUnit site	https://junit.org/junit5/docs/current/user-guide/	/home/fhu_thjen/projects/learning-java/44-unit-testing/anki/basic-extra.tsv	5
ok	200	official JUnit site	https://junit.org/junit5/docs/current/user-guide/	/home/fhu_thjen/projects/learning-java/44-unit-testing/anki/basic-extra.tsv	6
ok	200	official JUnit site	https://junit.org/junit5/docs/current/user-guide/	/home/fhu_thjen/projects/learning-java/44-unit-testing/anki/basic-extra.tsv	7
ok	200	needs manual trust review	https://javadoc.io/doc/org.mockito/mockito-core/latest/org/mockito/Mockito.html	/home/fhu_thjen/projects/learning-java/44-unit-testing/anki/basic-extra.tsv	8
ok	200	official JUnit site	https://junit.org/junit5/docs/current/user-guide/	/home/fhu_thjen/projects/learning-java/44-unit-testing/anki/basic-extra.tsv	9
ok	200	official JUnit site	https://junit.org/junit5/docs/current/user-guide/	/home/fhu_thjen/projects/learning-java/44-unit-testing/anki/basic-extra.tsv	10
ok	200	official JUnit site	https://junit.org/junit5/docs/current/user-guide/	/home/fhu_thjen/projects/learning-java/44-unit-testing/anki/basic-extra.tsv	11
ok	200	official JUnit site	https://junit.org/junit5/docs/current/user-guide/	/home/fhu_thjen/projects/learning-java/44-unit-testing/anki/basic-extra.tsv	12
ok	200	needs manual trust review	https://javadoc.io/doc/org.mockito/mockito-core/latest/org/mockito/Mockito.html	/home/fhu_thjen/projects/learning-java/44-unit-testing/anki/basic-extra.tsv	13
ok	200	official JUnit site	https://junit.org/junit5/docs/current/user-guide/	/home/fhu_thjen/projects/learning-java/44-unit-testing/anki/basic.tsv	2
ok	200	official JUnit site	https://junit.org/junit5/docs/current/user-guide/	/home/fhu_thjen/projects/learning-java/44-unit-testing/anki/basic.tsv	3
ok	200	official JUnit site	https://junit.org/junit5/docs/current/user-guide/	/home/fhu_thjen/projects/learning-java/44-unit-testing/anki/basic.tsv	4
ok	200	official JUnit site	https://junit.org/junit5/docs/current/user-guide/	/home/fhu_thjen/projects/learning-java/44-unit-testing/anki/basic.tsv	5
ok	200	official JUnit site	https://junit.org/junit5/docs/current/user-guide/	/home/fhu_thjen/projects/learning-java/44-unit-testing/anki/basic.tsv	6
ok	200	official JUnit site	https://junit.org/junit5/docs/current/user-guide/	/home/fhu_thjen/projects/learning-java/44-unit-testing/anki/basic.tsv	7
ok	200	needs manual trust review	https://javadoc.io/doc/org.mockito/mockito-core/latest/org/mockito/Mockito.html	/home/fhu_thjen/projects/learning-java/44-unit-testing/anki/basic.tsv	8
ok	200	needs manual trust review	https://javadoc.io/doc/org.mockito/mockito-core/latest/org/mockito/Mockito.html	/home/fhu_thjen/projects/learning-java/44-unit-testing/anki/basic.tsv	9
ok	200	needs manual trust review	https://javadoc.io/doc/org.mockito/mockito-core/latest/org/mockito/Mockito.html	/home/fhu_thjen/projects/learning-java/44-unit-testing/anki/basic.tsv	10
ok	200	official JUnit site	https://junit.org/junit5/docs/current/user-guide/	/home/fhu_thjen/projects/learning-java/44-unit-testing/anki/basic.tsv	11
ok	200	official JUnit site	https://junit.org/junit5/docs/current/user-guide/	/home/fhu_thjen/projects/learning-java/44-unit-testing/anki/basic.tsv	12
ok	200	official JUnit site	https://junit.org/junit5/docs/current/user-guide/	/home/fhu_thjen/projects/learning-java/44-unit-testing/anki/basic.tsv	13
ok	200	official JUnit site	https://junit.org/junit5/docs/current/user-guide/	/home/fhu_thjen/projects/learning-java/44-unit-testing/anki/basic.tsv	14
ok	200	official JUnit site	https://junit.org/junit5/docs/current/user-guide/	/home/fhu_thjen/projects/learning-java/44-unit-testing/anki/basic.tsv	15
ok	200	official JUnit site	https://junit.org/junit5/docs/current/user-guide/	/home/fhu_thjen/projects/learning-java/44-unit-testing/anki/basic.tsv	16
ok	200	official JUnit site	https://junit.org/junit5/docs/current/user-guide/	/home/fhu_thjen/projects/learning-java/44-unit-testing/anki/basic.tsv	17
ok	200	needs manual trust review	https://javadoc.io/doc/org.mockito/mockito-core/latest/org/mockito/Mockito.html	/home/fhu_thjen/projects/learning-java/44-unit-testing/anki/basic.tsv	18
ok	200	needs manual trust review	https://javadoc.io/doc/org.mockito/mockito-core/latest/org/mockito/Mockito.html	/home/fhu_thjen/projects/learning-java/44-unit-testing/anki/basic.tsv	19
ok	200	official JUnit site	https://junit.org/junit5/docs/current/user-guide/	/home/fhu_thjen/projects/learning-java/44-unit-testing/anki/basic.tsv	20
ok	200	official JUnit site	https://junit.org/junit5/docs/current/user-guide/	/home/fhu_thjen/projects/learning-java/44-unit-testing/anki/basic.tsv	21
ok	200	official JUnit site	https://junit.org/junit5/docs/current/user-guide/	/home/fhu_thjen/projects/learning-java/44-unit-testing/anki/cloze.tsv	2
ok	200	official JUnit site	https://junit.org/junit5/docs/current/user-guide/	/home/fhu_thjen/projects/learning-java/44-unit-testing/anki/cloze.tsv	3
ok	200	official JUnit site	https://junit.org/junit5/docs/current/user-guide/	/home/fhu_thjen/projects/learning-java/44-unit-testing/anki/cloze.tsv	4
ok	200	official JUnit site	https://junit.org/junit5/docs/current/user-guide/	/home/fhu_thjen/projects/learning-java/44-unit-testing/anki/cloze.tsv	5
ok	200	official JUnit site	https://junit.org/junit5/docs/current/user-guide/	/home/fhu_thjen/projects/learning-java/44-unit-testing/anki/cloze.tsv	6
ok	200	needs manual trust review	https://javadoc.io/doc/org.mockito/mockito-core/latest/org/mockito/Mockito.html	/home/fhu_thjen/projects/learning-java/44-unit-testing/anki/cloze.tsv	7
ok	200	official JUnit site	https://junit.org/junit5/docs/current/user-guide/	/home/fhu_thjen/projects/learning-java/44-unit-testing/anki/cloze.tsv	8
ok	200	official JUnit site	https://junit.org/junit5/docs/current/user-guide/	/home/fhu_thjen/projects/learning-java/44-unit-testing/anki/cloze.tsv	9
ok	200	official JUnit site	https://junit.org/junit5/docs/current/user-guide/	/home/fhu_thjen/projects/learning-java/44-unit-testing/anki/cloze.tsv	10
ok	200	needs manual trust review	https://javadoc.io/doc/org.mockito/mockito-core/latest/org/mockito/Mockito.html	/home/fhu_thjen/projects/learning-java/44-unit-testing/anki/cloze.tsv	11
ok	200	official JUnit site	https://junit.org/junit5/docs/current/user-guide/	/home/fhu_thjen/projects/learning-java/44-unit-testing/anki/cloze.tsv	12
ok	200	official JUnit site	https://junit.org/junit5/docs/current/user-guide/	/home/fhu_thjen/projects/learning-java/44-unit-testing/anki/cloze.tsv	13
ok	200	official JUnit site	https://junit.org/junit5/docs/current/user-guide/	/home/fhu_thjen/projects/learning-java/44-unit-testing/anki/code-question.tsv	2
ok	200	official JUnit site	https://junit.org/junit5/docs/current/user-guide/	/home/fhu_thjen/projects/learning-java/44-unit-testing/anki/code-question.tsv	3
ok	200	official JUnit site	https://junit.org/junit5/docs/current/user-guide/	/home/fhu_thjen/projects/learning-java/44-unit-testing/anki/code-question.tsv	4
ok	200	official JUnit site	https://junit.org/junit5/docs/current/user-guide/	/home/fhu_thjen/projects/learning-java/44-unit-testing/anki/code-question.tsv	5
ok	200	needs manual trust review	https://javadoc.io/doc/org.mockito/mockito-core/latest/org/mockito/Mockito.html	/home/fhu_thjen/projects/learning-java/44-unit-testing/anki/code-question.tsv	6
ok	200	needs manual trust review	https://javadoc.io/doc/org.mockito/mockito-core/latest/org/mockito/Mockito.html	/home/fhu_thjen/projects/learning-java/44-unit-testing/anki/code-question.tsv	7
ok	200	official JUnit site	https://junit.org/junit5/docs/current/user-guide/	/home/fhu_thjen/projects/learning-java/44-unit-testing/anki/code-question.tsv	8
ok	200	official JUnit site	https://junit.org/junit5/docs/current/user-guide/	/home/fhu_thjen/projects/learning-java/44-unit-testing/anki/code-question.tsv	9
ok	200	official JUnit site	https://junit.org/junit5/docs/current/user-guide/	/home/fhu_thjen/projects/learning-java/44-unit-testing/anki/code-question.tsv	10
ok	200	official JUnit site	https://junit.org/junit5/docs/current/user-guide/	/home/fhu_thjen/projects/learning-java/44-unit-testing/anki/code-question.tsv	11
ok	200	needs manual trust review	https://javadoc.io/doc/org.mockito/mockito-core/latest/org/mockito/Mockito.html	/home/fhu_thjen/projects/learning-java/44-unit-testing/anki/code-question.tsv	12
ok	200	needs manual trust review	https://javadoc.io/doc/org.mockito/mockito-core/latest/org/mockito/Mockito.html	/home/fhu_thjen/projects/learning-java/44-unit-testing/anki/code-question.tsv	13
ok	200	official Java/Oracle documentation	https://docs.oracle.com/javase/tutorial/	/home/fhu_thjen/projects/learning-java/45-interview-questions/anki/basic-extra.tsv	2
ok	200	official Java/Oracle documentation	https://docs.oracle.com/javase/tutorial/	/home/fhu_thjen/projects/learning-java/45-interview-questions/anki/basic-extra.tsv	3
ok	200	official Java/Oracle documentation	https://docs.oracle.com/javase/tutorial/	/home/fhu_thjen/projects/learning-java/45-interview-questions/anki/basic-extra.tsv	4
ok	200	official Java/Oracle documentation	https://docs.oracle.com/javase/tutorial/	/home/fhu_thjen/projects/learning-java/45-interview-questions/anki/basic-extra.tsv	5
ok	200	official Java/Oracle documentation	https://docs.oracle.com/javase/tutorial/	/home/fhu_thjen/projects/learning-java/45-interview-questions/anki/basic-extra.tsv	6
ok	200	official Java/Oracle documentation	https://docs.oracle.com/javase/tutorial/	/home/fhu_thjen/projects/learning-java/45-interview-questions/anki/basic-extra.tsv	7
ok	200	official Java/Oracle documentation	https://docs.oracle.com/javase/tutorial/	/home/fhu_thjen/projects/learning-java/45-interview-questions/anki/basic-extra.tsv	8
ok	200	official Java/Oracle documentation	https://docs.oracle.com/javase/tutorial/	/home/fhu_thjen/projects/learning-java/45-interview-questions/anki/basic-extra.tsv	9
ok	200	official Java/Oracle documentation	https://docs.oracle.com/javase/tutorial/	/home/fhu_thjen/projects/learning-java/45-interview-questions/anki/basic-extra.tsv	10
ok	200	official Java/Oracle documentation	https://docs.oracle.com/javase/tutorial/	/home/fhu_thjen/projects/learning-java/45-interview-questions/anki/basic-extra.tsv	11
ok	200	official Java/Oracle documentation	https://docs.oracle.com/javase/tutorial/	/home/fhu_thjen/projects/learning-java/45-interview-questions/anki/basic-extra.tsv	12
ok	200	official Java/Oracle documentation	https://docs.oracle.com/javase/tutorial/	/home/fhu_thjen/projects/learning-java/45-interview-questions/anki/basic-extra.tsv	13
ok	200	official Java/Oracle documentation	https://docs.oracle.com/javase/tutorial/	/home/fhu_thjen/projects/learning-java/45-interview-questions/anki/basic.tsv	2
ok	200	official Java/Oracle documentation	https://docs.oracle.com/javase/tutorial/	/home/fhu_thjen/projects/learning-java/45-interview-questions/anki/basic.tsv	3
ok	200	official Java/Oracle documentation	https://docs.oracle.com/javase/tutorial/	/home/fhu_thjen/projects/learning-java/45-interview-questions/anki/basic.tsv	4
ok	200	official Java/Oracle documentation	https://docs.oracle.com/javase/tutorial/	/home/fhu_thjen/projects/learning-java/45-interview-questions/anki/basic.tsv	5
ok	200	official Java/Oracle documentation	https://docs.oracle.com/javase/tutorial/	/home/fhu_thjen/projects/learning-java/45-interview-questions/anki/basic.tsv	6
ok	200	official Java/Oracle documentation	https://docs.oracle.com/javase/tutorial/	/home/fhu_thjen/projects/learning-java/45-interview-questions/anki/basic.tsv	7
ok	200	official Java/Oracle documentation	https://docs.oracle.com/javase/tutorial/	/home/fhu_thjen/projects/learning-java/45-interview-questions/anki/basic.tsv	8
ok	200	official Java/Oracle documentation	https://docs.oracle.com/javase/tutorial/	/home/fhu_thjen/projects/learning-java/45-interview-questions/anki/basic.tsv	9
ok	200	official Java/Oracle documentation	https://docs.oracle.com/javase/tutorial/	/home/fhu_thjen/projects/learning-java/45-interview-questions/anki/basic.tsv	10
ok	200	official Java/Oracle documentation	https://docs.oracle.com/javase/tutorial/	/home/fhu_thjen/projects/learning-java/45-interview-questions/anki/basic.tsv	11
ok	200	official Java/Oracle documentation	https://docs.oracle.com/javase/tutorial/	/home/fhu_thjen/projects/learning-java/45-interview-questions/anki/basic.tsv	12
ok	200	official Java/Oracle documentation	https://docs.oracle.com/javase/tutorial/	/home/fhu_thjen/projects/learning-java/45-interview-questions/anki/basic.tsv	13
ok	200	official Java/Oracle documentation	https://docs.oracle.com/javase/tutorial/	/home/fhu_thjen/projects/learning-java/45-interview-questions/anki/basic.tsv	14
ok	200	official Java/Oracle documentation	https://docs.oracle.com/javase/tutorial/	/home/fhu_thjen/projects/learning-java/45-interview-questions/anki/basic.tsv	15
ok	200	official Java/Oracle documentation	https://docs.oracle.com/javase/tutorial/	/home/fhu_thjen/projects/learning-java/45-interview-questions/anki/basic.tsv	16
ok	200	official Java/Oracle documentation	https://docs.oracle.com/javase/tutorial/	/home/fhu_thjen/projects/learning-java/45-interview-questions/anki/basic.tsv	17
ok	200	official Java/Oracle documentation	https://docs.oracle.com/javase/tutorial/	/home/fhu_thjen/projects/learning-java/45-interview-questions/anki/cloze.tsv	2
ok	200	official Java/Oracle documentation	https://docs.oracle.com/javase/tutorial/	/home/fhu_thjen/projects/learning-java/45-interview-questions/anki/cloze.tsv	3
ok	200	official Java/Oracle documentation	https://docs.oracle.com/javase/tutorial/	/home/fhu_thjen/projects/learning-java/45-interview-questions/anki/cloze.tsv	4
ok	200	official Java/Oracle documentation	https://docs.oracle.com/javase/tutorial/	/home/fhu_thjen/projects/learning-java/45-interview-questions/anki/cloze.tsv	5
ok	200	official Java/Oracle documentation	https://docs.oracle.com/javase/tutorial/	/home/fhu_thjen/projects/learning-java/45-interview-questions/anki/cloze.tsv	6
ok	200	official Java/Oracle documentation	https://docs.oracle.com/javase/tutorial/	/home/fhu_thjen/projects/learning-java/45-interview-questions/anki/cloze.tsv	7
ok	200	official Java/Oracle documentation	https://docs.oracle.com/javase/tutorial/	/home/fhu_thjen/projects/learning-java/45-interview-questions/anki/cloze.tsv	8
ok	200	official Java/Oracle documentation	https://docs.oracle.com/javase/tutorial/	/home/fhu_thjen/projects/learning-java/45-interview-questions/anki/cloze.tsv	9
ok	200	official Java/Oracle documentation	https://docs.oracle.com/javase/tutorial/	/home/fhu_thjen/projects/learning-java/45-interview-questions/anki/cloze.tsv	10
ok	200	official Java/Oracle documentation	https://docs.oracle.com/javase/tutorial/	/home/fhu_thjen/projects/learning-java/45-interview-questions/anki/cloze.tsv	11
ok	200	official Java/Oracle documentation	https://docs.oracle.com/javase/tutorial/	/home/fhu_thjen/projects/learning-java/45-interview-questions/anki/cloze.tsv	12
ok	200	official Java/Oracle documentation	https://docs.oracle.com/javase/tutorial/	/home/fhu_thjen/projects/learning-java/45-interview-questions/anki/cloze.tsv	13
ok	200	official Java/Oracle documentation	https://docs.oracle.com/javase/tutorial/	/home/fhu_thjen/projects/learning-java/45-interview-questions/anki/code-question.tsv	2
ok	200	official Java/Oracle documentation	https://docs.oracle.com/javase/tutorial/	/home/fhu_thjen/projects/learning-java/45-interview-questions/anki/code-question.tsv	3
ok	200	official Java/Oracle documentation	https://docs.oracle.com/javase/tutorial/	/home/fhu_thjen/projects/learning-java/45-interview-questions/anki/code-question.tsv	4
ok	200	official Java/Oracle documentation	https://docs.oracle.com/javase/tutorial/	/home/fhu_thjen/projects/learning-java/45-interview-questions/anki/code-question.tsv	5
ok	200	official Java/Oracle documentation	https://docs.oracle.com/javase/tutorial/	/home/fhu_thjen/projects/learning-java/45-interview-questions/anki/code-question.tsv	6
ok	200	official Java/Oracle documentation	https://docs.oracle.com/javase/tutorial/	/home/fhu_thjen/projects/learning-java/45-interview-questions/anki/code-question.tsv	7
ok	200	official Java/Oracle documentation	https://docs.oracle.com/javase/tutorial/	/home/fhu_thjen/projects/learning-java/45-interview-questions/anki/code-question.tsv	8
ok	200	official Java/Oracle documentation	https://docs.oracle.com/javase/tutorial/	/home/fhu_thjen/projects/learning-java/45-interview-questions/anki/code-question.tsv	9
ok	200	official Java/Oracle documentation	https://docs.oracle.com/javase/tutorial/	/home/fhu_thjen/projects/learning-java/45-interview-questions/anki/code-question.tsv	10
ok	200	official Java/Oracle documentation	https://docs.oracle.com/javase/tutorial/	/home/fhu_thjen/projects/learning-java/45-interview-questions/anki/code-question.tsv	11
ok	200	official Java/Oracle documentation	https://docs.oracle.com/javase/tutorial/	/home/fhu_thjen/projects/learning-java/45-interview-questions/anki/code-question.tsv	12
ok	200	official Java/Oracle documentation	https://docs.oracle.com/javase/tutorial/	/home/fhu_thjen/projects/learning-java/45-interview-questions/anki/code-question.tsv	13
