ID	Front	Back	Extra	Source	Tags
synchronization_concurrency-extra-001	Explain `synchronized method` deeply enough for review.	Synchronized protects a critical section by using a monitor lock.	Meaning: Synchronized protects a critical section by using a monitor lock. Why it matters: It matters because concurrent code can look correct in single-thread tests but fail under timing pressure. A common confusion is assuming visibility, ordering, and atomicity are the same guarantee. Example: When reading code, ask: what does `synchronized method` change, allow, reject, or clarify?	29-synchronization-concurrency/theory/01-synchronized-method-concepts.md | https://docs.oracle.com/javase/tutorial/essential/concurrency/sync.html	java::core::synchronization-concurrency
synchronization_concurrency-extra-002	What confusion should you avoid with `synchronized method`?	Do not treat `synchronized method` as just a memorized word.	Use it as a practical rule. Ask what it changes in code: compile-time checks, runtime behavior, memory use, ordering, error handling, visibility, API design, or testability. When reading code, ask: what does `synchronized method` change, allow, reject, or clarify?	29-synchronization-concurrency/theory/01-synchronized-method-concepts.md | https://docs.oracle.com/javase/tutorial/essential/concurrency/sync.html	java::core::synchronization-concurrency
synchronization_concurrency-extra-003	Explain `synchronized block` deeply enough for review.	Synchronized protects a critical section by using a monitor lock.	Meaning: Synchronized protects a critical section by using a monitor lock. Why it matters: It matters because concurrent code can look correct in single-thread tests but fail under timing pressure. A common confusion is assuming visibility, ordering, and atomicity are the same guarantee. Example: When reading code, ask: what does `synchronized block` change, allow, reject, or clarify?	29-synchronization-concurrency/theory/01-synchronized-method-concepts.md | https://docs.oracle.com/javase/tutorial/essential/concurrency/sync.html	java::core::synchronization-concurrency
synchronization_concurrency-extra-004	What confusion should you avoid with `synchronized block`?	Do not treat `synchronized block` as just a memorized word.	Use it as a practical rule. Ask what it changes in code: compile-time checks, runtime behavior, memory use, ordering, error handling, visibility, API design, or testability. When reading code, ask: what does `synchronized block` change, allow, reject, or clarify?	29-synchronization-concurrency/theory/01-synchronized-method-concepts.md | https://docs.oracle.com/javase/tutorial/essential/concurrency/sync.html	java::core::synchronization-concurrency
synchronization_concurrency-extra-005	Explain `Object lock` deeply enough for review.	Object lock is a specific concept in Synchronization and Concurrency; learn its Java rule, valid use cases, and failure mode rather than only its name.	Meaning:Object lock is a specific concept in Synchronization and Concurrency; learn its Java rule, valid use cases, and failure mode rather than only its name. Why it matters: It matters because concurrent code can look correct in single-thread tests but fail under timing pressure. A common confusion is assuming visibility, ordering, and atomicity are the same guarantee. Example: When reading code, ask: what does `Object lock` change, allow, reject, or clarify?	29-synchronization-concurrency/theory/01-synchronized-method-concepts.md | https://docs.oracle.com/javase/tutorial/essential/concurrency/sync.html	java::core::synchronization-concurrency
synchronization_concurrency-extra-006	What confusion should you avoid with `Object lock`?	Do not treat `Object lock` as just a memorized word.	Use it as a practical rule. Ask what it changes in code: compile-time checks, runtime behavior, memory use, ordering, error handling, visibility, API design, or testability. When reading code, ask: what does `Object lock` change, allow, reject, or clarify?	29-synchronization-concurrency/theory/01-synchronized-method-concepts.md | https://docs.oracle.com/javase/tutorial/essential/concurrency/sync.html	java::core::synchronization-concurrency
synchronization_concurrency-extra-007	Explain `Class lock` deeply enough for review.	Class lock is a specific concept in Synchronization and Concurrency; learn its Java rule, valid use cases, and failure mode rather than only its name.	Meaning:Class lock is a specific concept in Synchronization and Concurrency; learn its Java rule, valid use cases, and failure mode rather than only its name. Why it matters: It matters because concurrent code can look correct in single-thread tests but fail under timing pressure. A common confusion is assuming visibility, ordering, and atomicity are the same guarantee. Example: When reading code, ask: what does `Class lock` change, allow, reject, or clarify?	29-synchronization-concurrency/theory/01-synchronized-method-concepts.md | https://docs.oracle.com/javase/tutorial/essential/concurrency/sync.html	java::core::synchronization-concurrency
synchronization_concurrency-extra-008	What confusion should you avoid with `Class lock`?	Do not treat `Class lock` as just a memorized word.	Use it as a practical rule. Ask what it changes in code: compile-time checks, runtime behavior, memory use, ordering, error handling, visibility, API design, or testability. When reading code, ask: what does `Class lock` change, allow, reject, or clarify?	29-synchronization-concurrency/theory/01-synchronized-method-concepts.md | https://docs.oracle.com/javase/tutorial/essential/concurrency/sync.html	java::core::synchronization-concurrency
synchronization_concurrency-extra-009	Explain `Monitor` deeply enough for review.	Monitor is a specific concept in Synchronization and Concurrency; learn its Java rule, valid use cases, and failure mode rather than only its name.	Meaning:Monitor is a specific concept in Synchronization and Concurrency; learn its Java rule, valid use cases, and failure mode rather than only its name. Why it matters: Use it to predict the exact Java rule, the allowed form, and the failure mode. Review it with a tiny example instead of memorizing only the label. Example: When reading code, ask: what does `Monitor` change, allow, reject, or clarify?	29-synchronization-concurrency/theory/01-synchronized-method-concepts.md | https://docs.oracle.com/javase/tutorial/essential/concurrency/sync.html	java::core::synchronization-concurrency
synchronization_concurrency-extra-010	What confusion should you avoid with `Monitor`?	Do not treat `Monitor` as just a memorized word.	Use it as a practical rule. Ask what it changes in code: compile-time checks, runtime behavior, memory use, ordering, error handling, visibility, API design, or testability. When reading code, ask: what does `Monitor` change, allow, reject, or clarify?	29-synchronization-concurrency/theory/01-synchronized-method-concepts.md | https://docs.oracle.com/javase/tutorial/essential/concurrency/sync.html	java::core::synchronization-concurrency
synchronization_concurrency-extra-011	Explain `wait` deeply enough for review.	wait is a specific concept in Synchronization and Concurrency; learn its Java rule, valid use cases, and failure mode rather than only its name.	Meaning:wait is a specific concept in Synchronization and Concurrency; learn its Java rule, valid use cases, and failure mode rather than only its name. Why it matters: Use it to predict the exact Java rule, the allowed form, and the failure mode. Review it with a tiny example instead of memorizing only the label. Example: When reading code, ask: what does `wait` change, allow, reject, or clarify?	29-synchronization-concurrency/theory/01-synchronized-method-concepts.md | https://docs.oracle.com/javase/tutorial/essential/concurrency/sync.html	java::core::synchronization-concurrency
synchronization_concurrency-extra-012	What confusion should you avoid with `wait`?	Do not treat `wait` as just a memorized word.	Use it as a practical rule. Ask what it changes in code: compile-time checks, runtime behavior, memory use, ordering, error handling, visibility, API design, or testability. When reading code, ask: what does `wait` change, allow, reject, or clarify?	29-synchronization-concurrency/theory/01-synchronized-method-concepts.md | https://docs.oracle.com/javase/tutorial/essential/concurrency/sync.html	java::core::synchronization-concurrency
synchronization_concurrency-extra-013	Explain `notify` deeply enough for review.	notify is a specific concept in Synchronization and Concurrency; learn its Java rule, valid use cases, and failure mode rather than only its name.	Meaning:notify is a specific concept in Synchronization and Concurrency; learn its Java rule, valid use cases, and failure mode rather than only its name. Why it matters: Use it to predict the exact Java rule, the allowed form, and the failure mode. Review it with a tiny example instead of memorizing only the label. Example: When reading code, ask: what does `notify` change, allow, reject, or clarify?	29-synchronization-concurrency/theory/01-synchronized-method-concepts.md | https://docs.oracle.com/javase/tutorial/essential/concurrency/sync.html	java::core::synchronization-concurrency
synchronization_concurrency-extra-014	What confusion should you avoid with `notify`?	Do not treat `notify` as just a memorized word.	Use it as a practical rule. Ask what it changes in code: compile-time checks, runtime behavior, memory use, ordering, error handling, visibility, API design, or testability. When reading code, ask: what does `notify` change, allow, reject, or clarify?	29-synchronization-concurrency/theory/01-synchronized-method-concepts.md | https://docs.oracle.com/javase/tutorial/essential/concurrency/sync.html	java::core::synchronization-concurrency
synchronization_concurrency-extra-015	Explain `notifyAll` deeply enough for review.	notifyAll is a specific concept in Synchronization and Concurrency; learn its Java rule, valid use cases, and failure mode rather than only its name.	Meaning:notifyAll is a specific concept in Synchronization and Concurrency; learn its Java rule, valid use cases, and failure mode rather than only its name. Why it matters: Use it to predict the exact Java rule, the allowed form, and the failure mode. Review it with a tiny example instead of memorizing only the label. Example: When reading code, ask: what does `notifyAll` change, allow, reject, or clarify?	29-synchronization-concurrency/theory/01-synchronized-method-concepts.md | https://docs.oracle.com/javase/tutorial/essential/concurrency/sync.html	java::core::synchronization-concurrency
synchronization_concurrency-extra-016	What confusion should you avoid with `notifyAll`?	Do not treat `notifyAll` as just a memorized word.	Use it as a practical rule. Ask what it changes in code: compile-time checks, runtime behavior, memory use, ordering, error handling, visibility, API design, or testability. When reading code, ask: what does `notifyAll` change, allow, reject, or clarify?	29-synchronization-concurrency/theory/01-synchronized-method-concepts.md | https://docs.oracle.com/javase/tutorial/essential/concurrency/sync.html	java::core::synchronization-concurrency
synchronization_concurrency-extra-017	Explain `Deadlock` deeply enough for review.	Deadlock happens when threads wait forever for locks held by each other.	Meaning: Deadlock happens when threads wait forever for locks held by each other. Why it matters: It matters because concurrent code can look correct in single-thread tests but fail under timing pressure. A common confusion is assuming visibility, ordering, and atomicity are the same guarantee. Example: When reading code, ask: what does `Deadlock` change, allow, reject, or clarify?	29-synchronization-concurrency/theory/02-deadlock-concepts.md | https://docs.oracle.com/javase/tutorial/essential/concurrency/sync.html	java::core::synchronization-concurrency
synchronization_concurrency-extra-018	What confusion should you avoid with `Deadlock`?	Do not treat `Deadlock` as just a memorized word.	Use it as a practical rule. Ask what it changes in code: compile-time checks, runtime behavior, memory use, ordering, error handling, visibility, API design, or testability. When reading code, ask: what does `Deadlock` change, allow, reject, or clarify?	29-synchronization-concurrency/theory/02-deadlock-concepts.md | https://docs.oracle.com/javase/tutorial/essential/concurrency/sync.html	java::core::synchronization-concurrency
synchronization_concurrency-extra-019	Explain `Livelock` deeply enough for review.	Livelock is a specific concept in Synchronization and Concurrency; learn its Java rule, valid use cases, and failure mode rather than only its name.	Meaning:Livelock is a specific concept in Synchronization and Concurrency; learn its Java rule, valid use cases, and failure mode rather than only its name. Why it matters: It matters because concurrent code can look correct in single-thread tests but fail under timing pressure. A common confusion is assuming visibility, ordering, and atomicity are the same guarantee. Example: When reading code, ask: what does `Livelock` change, allow, reject, or clarify?	29-synchronization-concurrency/theory/02-deadlock-concepts.md | https://docs.oracle.com/javase/tutorial/essential/concurrency/sync.html	java::core::synchronization-concurrency
synchronization_concurrency-extra-020	What confusion should you avoid with `Livelock`?	Do not treat `Livelock` as just a memorized word.	Use it as a practical rule. Ask what it changes in code: compile-time checks, runtime behavior, memory use, ordering, error handling, visibility, API design, or testability. When reading code, ask: what does `Livelock` change, allow, reject, or clarify?	29-synchronization-concurrency/theory/02-deadlock-concepts.md | https://docs.oracle.com/javase/tutorial/essential/concurrency/sync.html	java::core::synchronization-concurrency
synchronization_concurrency-extra-021	Explain `Starvation` deeply enough for review.	Starvation is a specific concept in Synchronization and Concurrency; learn its Java rule, valid use cases, and failure mode rather than only its name.	Meaning:Starvation is a specific concept in Synchronization and Concurrency; learn its Java rule, valid use cases, and failure mode rather than only its name. Why it matters: Use it to predict the exact Java rule, the allowed form, and the failure mode. Review it with a tiny example instead of memorizing only the label. Example: When reading code, ask: what does `Starvation` change, allow, reject, or clarify?	29-synchronization-concurrency/theory/02-deadlock-concepts.md | https://docs.oracle.com/javase/tutorial/essential/concurrency/sync.html	java::core::synchronization-concurrency
synchronization_concurrency-extra-022	What confusion should you avoid with `Starvation`?	Do not treat `Starvation` as just a memorized word.	Use it as a practical rule. Ask what it changes in code: compile-time checks, runtime behavior, memory use, ordering, error handling, visibility, API design, or testability. When reading code, ask: what does `Starvation` change, allow, reject, or clarify?	29-synchronization-concurrency/theory/02-deadlock-concepts.md | https://docs.oracle.com/javase/tutorial/essential/concurrency/sync.html	java::core::synchronization-concurrency
synchronization_concurrency-extra-023	Explain `Volatile` deeply enough for review.	Volatile gives visibility guarantees for a variable shared between threads, but it does not make compound operations atomic.	Meaning: Volatile gives visibility guarantees for a variable shared between threads, but it does not make compound operations atomic. Why it matters: It matters because concurrent code can look correct in single-thread tests but fail under timing pressure. A common confusion is assuming visibility, ordering, and atomicity are the same guarantee. Example: When reading code, ask: what does `Volatile` change, allow, reject, or clarify?	29-synchronization-concurrency/theory/02-deadlock-concepts.md | https://docs.oracle.com/javase/tutorial/essential/concurrency/sync.html	java::core::synchronization-concurrency
synchronization_concurrency-extra-024	What confusion should you avoid with `Volatile`?	Do not treat `Volatile` as just a memorized word.	Use it as a practical rule. Ask what it changes in code: compile-time checks, runtime behavior, memory use, ordering, error handling, visibility, API design, or testability. When reading code, ask: what does `Volatile` change, allow, reject, or clarify?	29-synchronization-concurrency/theory/02-deadlock-concepts.md | https://docs.oracle.com/javase/tutorial/essential/concurrency/sync.html	java::core::synchronization-concurrency
synchronization_concurrency-extra-025	Explain `Atomic classes:` deeply enough for review.	Atomic classes is a group of related rules in Synchronization and Concurrency that groups several related details.	Meaning: Atomic classes is a group of related rules in Synchronization and Concurrency that groups several related details. Why it matters: It matters because concurrent code can look correct in single-thread tests but fail under timing pressure. A common confusion is assuming visibility, ordering, and atomicity are the same guarantee. Example: When reading code, ask: what does `Atomic classes:` change, allow, reject, or clarify?	29-synchronization-concurrency/theory/02-deadlock-concepts.md | https://docs.oracle.com/javase/tutorial/essential/concurrency/sync.html	java::core::synchronization-concurrency
synchronization_concurrency-extra-026	What confusion should you avoid with `Atomic classes:`?	Do not treat `Atomic classes:` as just a memorized word.	Use it as a practical rule. Ask what it changes in code: compile-time checks, runtime behavior, memory use, ordering, error handling, visibility, API design, or testability. When reading code, ask: what does `Atomic classes:` change, allow, reject, or clarify?	29-synchronization-concurrency/theory/02-deadlock-concepts.md | https://docs.oracle.com/javase/tutorial/essential/concurrency/sync.html	java::core::synchronization-concurrency
synchronization_concurrency-extra-027	Explain `AtomicInteger` deeply enough for review.	AtomicInteger is a specific concept in Synchronization and Concurrency; learn its Java rule, valid use cases, and failure mode rather than only its name.	Meaning:AtomicInteger is a specific concept in Synchronization and Concurrency; learn its Java rule, valid use cases, and failure mode rather than only its name. Why it matters: It matters because concurrent code can look correct in single-thread tests but fail under timing pressure. A common confusion is assuming visibility, ordering, and atomicity are the same guarantee. Example: When reading code, ask: what does `AtomicInteger` change, allow, reject, or clarify?	29-synchronization-concurrency/theory/02-deadlock-concepts.md | https://docs.oracle.com/javase/tutorial/essential/concurrency/sync.html	java::core::synchronization-concurrency
synchronization_concurrency-extra-028	What confusion should you avoid with `AtomicInteger`?	Do not treat `AtomicInteger` as just a memorized word.	Use it as a practical rule. Ask what it changes in code: compile-time checks, runtime behavior, memory use, ordering, error handling, visibility, API design, or testability. When reading code, ask: what does `AtomicInteger` change, allow, reject, or clarify?	29-synchronization-concurrency/theory/02-deadlock-concepts.md | https://docs.oracle.com/javase/tutorial/essential/concurrency/sync.html	java::core::synchronization-concurrency
synchronization_concurrency-extra-029	Explain `AtomicLong` deeply enough for review.	AtomicLong is a specific concept in Synchronization and Concurrency; learn its Java rule, valid use cases, and failure mode rather than only its name.	Meaning:AtomicLong is a specific concept in Synchronization and Concurrency; learn its Java rule, valid use cases, and failure mode rather than only its name. Why it matters: It matters because concurrent code can look correct in single-thread tests but fail under timing pressure. A common confusion is assuming visibility, ordering, and atomicity are the same guarantee. Example: When reading code, ask: what does `AtomicLong` change, allow, reject, or clarify?	29-synchronization-concurrency/theory/02-deadlock-concepts.md | https://docs.oracle.com/javase/tutorial/essential/concurrency/sync.html	java::core::synchronization-concurrency
synchronization_concurrency-extra-030	What confusion should you avoid with `AtomicLong`?	Do not treat `AtomicLong` as just a memorized word.	Use it as a practical rule. Ask what it changes in code: compile-time checks, runtime behavior, memory use, ordering, error handling, visibility, API design, or testability. When reading code, ask: what does `AtomicLong` change, allow, reject, or clarify?	29-synchronization-concurrency/theory/02-deadlock-concepts.md | https://docs.oracle.com/javase/tutorial/essential/concurrency/sync.html	java::core::synchronization-concurrency
synchronization_concurrency-extra-031	Explain `AtomicBoolean` deeply enough for review.	AtomicBoolean is a specific concept in Synchronization and Concurrency; learn its Java rule, valid use cases, and failure mode rather than only its name.	Meaning:AtomicBoolean is a specific concept in Synchronization and Concurrency; learn its Java rule, valid use cases, and failure mode rather than only its name. Why it matters: It matters because concurrent code can look correct in single-thread tests but fail under timing pressure. A common confusion is assuming visibility, ordering, and atomicity are the same guarantee. Example: When reading code, ask: what does `AtomicBoolean` change, allow, reject, or clarify?	29-synchronization-concurrency/theory/02-deadlock-concepts.md | https://docs.oracle.com/javase/tutorial/essential/concurrency/sync.html	java::core::synchronization-concurrency
synchronization_concurrency-extra-032	What confusion should you avoid with `AtomicBoolean`?	Do not treat `AtomicBoolean` as just a memorized word.	Use it as a practical rule. Ask what it changes in code: compile-time checks, runtime behavior, memory use, ordering, error handling, visibility, API design, or testability. When reading code, ask: what does `AtomicBoolean` change, allow, reject, or clarify?	29-synchronization-concurrency/theory/02-deadlock-concepts.md | https://docs.oracle.com/javase/tutorial/essential/concurrency/sync.html	java::core::synchronization-concurrency
synchronization_concurrency-extra-033	Explain `AtomicReference` deeply enough for review.	AtomicReference is a specific concept in Synchronization and Concurrency; learn its Java rule, valid use cases, and failure mode rather than only its name.	Meaning:AtomicReference is a specific concept in Synchronization and Concurrency; learn its Java rule, valid use cases, and failure mode rather than only its name. Why it matters: It matters because concurrent code can look correct in single-thread tests but fail under timing pressure. A common confusion is assuming visibility, ordering, and atomicity are the same guarantee. Example: When reading code, ask: what does `AtomicReference` change, allow, reject, or clarify?	29-synchronization-concurrency/theory/03-atomicreference-concepts.md | https://docs.oracle.com/javase/tutorial/essential/concurrency/sync.html	java::core::synchronization-concurrency
synchronization_concurrency-extra-034	What confusion should you avoid with `AtomicReference`?	Do not treat `AtomicReference` as just a memorized word.	Use it as a practical rule. Ask what it changes in code: compile-time checks, runtime behavior, memory use, ordering, error handling, visibility, API design, or testability. When reading code, ask: what does `AtomicReference` change, allow, reject, or clarify?	29-synchronization-concurrency/theory/03-atomicreference-concepts.md | https://docs.oracle.com/javase/tutorial/essential/concurrency/sync.html	java::core::synchronization-concurrency
synchronization_concurrency-extra-035	Explain `Lock API:` deeply enough for review.	Lock API is a group of related rules in Synchronization and Concurrency that groups several related details.	Meaning: Lock API is a group of related rules in Synchronization and Concurrency that groups several related details. Why it matters: It matters because concurrent code can look correct in single-thread tests but fail under timing pressure. A common confusion is assuming visibility, ordering, and atomicity are the same guarantee. Example: When reading code, ask: what does `Lock API:` change, allow, reject, or clarify?	29-synchronization-concurrency/theory/03-atomicreference-concepts.md | https://docs.oracle.com/javase/tutorial/essential/concurrency/sync.html	java::core::synchronization-concurrency
synchronization_concurrency-extra-036	What confusion should you avoid with `Lock API:`?	Do not treat `Lock API:` as just a memorized word.	Use it as a practical rule. Ask what it changes in code: compile-time checks, runtime behavior, memory use, ordering, error handling, visibility, API design, or testability. When reading code, ask: what does `Lock API:` change, allow, reject, or clarify?	29-synchronization-concurrency/theory/03-atomicreference-concepts.md | https://docs.oracle.com/javase/tutorial/essential/concurrency/sync.html	java::core::synchronization-concurrency
synchronization_concurrency-extra-037	Explain `Lock` deeply enough for review.	Lock is a specific concept in Synchronization and Concurrency; learn its Java rule, valid use cases, and failure mode rather than only its name.	Meaning:Lock is a specific concept in Synchronization and Concurrency; learn its Java rule, valid use cases, and failure mode rather than only its name. Why it matters: It matters because concurrent code can look correct in single-thread tests but fail under timing pressure. A common confusion is assuming visibility, ordering, and atomicity are the same guarantee. Example: When reading code, ask: what does `Lock` change, allow, reject, or clarify?	29-synchronization-concurrency/theory/03-atomicreference-concepts.md | https://docs.oracle.com/javase/tutorial/essential/concurrency/sync.html	java::core::synchronization-concurrency
synchronization_concurrency-extra-038	What confusion should you avoid with `Lock`?	Do not treat `Lock` as just a memorized word.	Use it as a practical rule. Ask what it changes in code: compile-time checks, runtime behavior, memory use, ordering, error handling, visibility, API design, or testability. When reading code, ask: what does `Lock` change, allow, reject, or clarify?	29-synchronization-concurrency/theory/03-atomicreference-concepts.md | https://docs.oracle.com/javase/tutorial/essential/concurrency/sync.html	java::core::synchronization-concurrency
synchronization_concurrency-extra-039	Explain `ReentrantLock` deeply enough for review.	ReentrantLock is a specific concept in Synchronization and Concurrency; learn its Java rule, valid use cases, and failure mode rather than only its name.	Meaning:ReentrantLock is a specific concept in Synchronization and Concurrency; learn its Java rule, valid use cases, and failure mode rather than only its name. Why it matters: It matters because concurrent code can look correct in single-thread tests but fail under timing pressure. A common confusion is assuming visibility, ordering, and atomicity are the same guarantee. Example: When reading code, ask: what does `ReentrantLock` change, allow, reject, or clarify?	29-synchronization-concurrency/theory/03-atomicreference-concepts.md | https://docs.oracle.com/javase/tutorial/essential/concurrency/sync.html	java::core::synchronization-concurrency
synchronization_concurrency-extra-040	What confusion should you avoid with `ReentrantLock`?	Do not treat `ReentrantLock` as just a memorized word.	Use it as a practical rule. Ask what it changes in code: compile-time checks, runtime behavior, memory use, ordering, error handling, visibility, API design, or testability. When reading code, ask: what does `ReentrantLock` change, allow, reject, or clarify?	29-synchronization-concurrency/theory/03-atomicreference-concepts.md | https://docs.oracle.com/javase/tutorial/essential/concurrency/sync.html	java::core::synchronization-concurrency
synchronization_concurrency-extra-041	Explain `ReadWriteLock` deeply enough for review.	ReadWriteLock is a specific concept in Synchronization and Concurrency; learn its Java rule, valid use cases, and failure mode rather than only its name.	Meaning:ReadWriteLock is a specific concept in Synchronization and Concurrency; learn its Java rule, valid use cases, and failure mode rather than only its name. Why it matters: It matters because concurrent code can look correct in single-thread tests but fail under timing pressure. A common confusion is assuming visibility, ordering, and atomicity are the same guarantee. Example: When reading code, ask: what does `ReadWriteLock` change, allow, reject, or clarify?	29-synchronization-concurrency/theory/03-atomicreference-concepts.md | https://docs.oracle.com/javase/tutorial/essential/concurrency/sync.html	java::core::synchronization-concurrency
synchronization_concurrency-extra-042	What confusion should you avoid with `ReadWriteLock`?	Do not treat `ReadWriteLock` as just a memorized word.	Use it as a practical rule. Ask what it changes in code: compile-time checks, runtime behavior, memory use, ordering, error handling, visibility, API design, or testability. When reading code, ask: what does `ReadWriteLock` change, allow, reject, or clarify?	29-synchronization-concurrency/theory/03-atomicreference-concepts.md | https://docs.oracle.com/javase/tutorial/essential/concurrency/sync.html	java::core::synchronization-concurrency
synchronization_concurrency-extra-043	Explain `StampedLock` deeply enough for review.	StampedLock is a specific concept in Synchronization and Concurrency; learn its Java rule, valid use cases, and failure mode rather than only its name.	Meaning:StampedLock is a specific concept in Synchronization and Concurrency; learn its Java rule, valid use cases, and failure mode rather than only its name. Why it matters: It matters because concurrent code can look correct in single-thread tests but fail under timing pressure. A common confusion is assuming visibility, ordering, and atomicity are the same guarantee. Example: When reading code, ask: what does `StampedLock` change, allow, reject, or clarify?	29-synchronization-concurrency/theory/03-atomicreference-concepts.md | https://docs.oracle.com/javase/tutorial/essential/concurrency/sync.html	java::core::synchronization-concurrency
synchronization_concurrency-extra-044	What confusion should you avoid with `StampedLock`?	Do not treat `StampedLock` as just a memorized word.	Use it as a practical rule. Ask what it changes in code: compile-time checks, runtime behavior, memory use, ordering, error handling, visibility, API design, or testability. When reading code, ask: what does `StampedLock` change, allow, reject, or clarify?	29-synchronization-concurrency/theory/03-atomicreference-concepts.md | https://docs.oracle.com/javase/tutorial/essential/concurrency/sync.html	java::core::synchronization-concurrency
synchronization_concurrency-extra-045	Explain `Semaphore` deeply enough for review.	A Map stores key-value pairs and retrieves values by key.	Meaning: A Map stores key-value pairs and retrieves values by key. Why it matters: It matters because choosing the wrong data structure changes correctness, performance, and duplicate-handling behavior. A common confusion is memorizing class names without knowing lookup order, equality rules, or iteration behavior. Example: `Map<String, Integer> scores = new HashMap<>();` maps keys to values.	29-synchronization-concurrency/theory/03-atomicreference-concepts.md | https://docs.oracle.com/javase/tutorial/essential/concurrency/sync.html	java::core::synchronization-concurrency
synchronization_concurrency-extra-046	What confusion should you avoid with `Semaphore`?	Do not treat `Semaphore` as just a memorized word.	Use it as a practical rule. Ask what it changes in code: compile-time checks, runtime behavior, memory use, ordering, error handling, visibility, API design, or testability. `Map<String, Integer> scores = new HashMap<>();` maps keys to values.	29-synchronization-concurrency/theory/03-atomicreference-concepts.md | https://docs.oracle.com/javase/tutorial/essential/concurrency/sync.html	java::core::synchronization-concurrency
synchronization_concurrency-extra-047	Explain `CountDownLatch` deeply enough for review.	CountDownLatch is a specific concept in Synchronization and Concurrency; learn its Java rule, valid use cases, and failure mode rather than only its name.	Meaning:CountDownLatch is a specific concept in Synchronization and Concurrency; learn its Java rule, valid use cases, and failure mode rather than only its name. Why it matters: Use it to predict the exact Java rule, the allowed form, and the failure mode. Review it with a tiny example instead of memorizing only the label. Example: When reading code, ask: what does `CountDownLatch` change, allow, reject, or clarify?	29-synchronization-concurrency/theory/03-atomicreference-concepts.md | https://docs.oracle.com/javase/tutorial/essential/concurrency/sync.html	java::core::synchronization-concurrency
synchronization_concurrency-extra-048	What confusion should you avoid with `CountDownLatch`?	Do not treat `CountDownLatch` as just a memorized word.	Use it as a practical rule. Ask what it changes in code: compile-time checks, runtime behavior, memory use, ordering, error handling, visibility, API design, or testability. When reading code, ask: what does `CountDownLatch` change, allow, reject, or clarify?	29-synchronization-concurrency/theory/03-atomicreference-concepts.md | https://docs.oracle.com/javase/tutorial/essential/concurrency/sync.html	java::core::synchronization-concurrency
synchronization_concurrency-extra-049	Explain `CyclicBarrier` deeply enough for review.	CyclicBarrier is a specific concept in Synchronization and Concurrency; learn its Java rule, valid use cases, and failure mode rather than only its name.	Meaning:CyclicBarrier is a specific concept in Synchronization and Concurrency; learn its Java rule, valid use cases, and failure mode rather than only its name. Why it matters: Use it to predict the exact Java rule, the allowed form, and the failure mode. Review it with a tiny example instead of memorizing only the label. Example: When reading code, ask: what does `CyclicBarrier` change, allow, reject, or clarify?	29-synchronization-concurrency/theory/04-cyclicbarrier-concepts.md | https://docs.oracle.com/javase/tutorial/essential/concurrency/sync.html	java::core::synchronization-concurrency
synchronization_concurrency-extra-050	What confusion should you avoid with `CyclicBarrier`?	Do not treat `CyclicBarrier` as just a memorized word.	Use it as a practical rule. Ask what it changes in code: compile-time checks, runtime behavior, memory use, ordering, error handling, visibility, API design, or testability. When reading code, ask: what does `CyclicBarrier` change, allow, reject, or clarify?	29-synchronization-concurrency/theory/04-cyclicbarrier-concepts.md | https://docs.oracle.com/javase/tutorial/essential/concurrency/sync.html	java::core::synchronization-concurrency
synchronization_concurrency-extra-051	Explain `Phaser` deeply enough for review.	Phaser is a specific concept in Synchronization and Concurrency; learn its Java rule, valid use cases, and failure mode rather than only its name.	Meaning:Phaser is a specific concept in Synchronization and Concurrency; learn its Java rule, valid use cases, and failure mode rather than only its name. Why it matters: Use it to predict the exact Java rule, the allowed form, and the failure mode. Review it with a tiny example instead of memorizing only the label. Example: When reading code, ask: what does `Phaser` change, allow, reject, or clarify?	29-synchronization-concurrency/theory/04-cyclicbarrier-concepts.md | https://docs.oracle.com/javase/tutorial/essential/concurrency/sync.html	java::core::synchronization-concurrency
synchronization_concurrency-extra-052	What confusion should you avoid with `Phaser`?	Do not treat `Phaser` as just a memorized word.	Use it as a practical rule. Ask what it changes in code: compile-time checks, runtime behavior, memory use, ordering, error handling, visibility, API design, or testability. When reading code, ask: what does `Phaser` change, allow, reject, or clarify?	29-synchronization-concurrency/theory/04-cyclicbarrier-concepts.md | https://docs.oracle.com/javase/tutorial/essential/concurrency/sync.html	java::core::synchronization-concurrency
synchronization_concurrency-extra-053	Explain `BlockingQueue` deeply enough for review.	BlockingQueue is a specific concept in Synchronization and Concurrency; learn its Java rule, valid use cases, and failure mode rather than only its name.	Meaning:BlockingQueue is a specific concept in Synchronization and Concurrency; learn its Java rule, valid use cases, and failure mode rather than only its name. Why it matters: It matters because concurrent code can look correct in single-thread tests but fail under timing pressure. A common confusion is assuming visibility, ordering, and atomicity are the same guarantee. Example: When reading code, ask: what does `BlockingQueue` change, allow, reject, or clarify?	29-synchronization-concurrency/theory/04-cyclicbarrier-concepts.md | https://docs.oracle.com/javase/tutorial/essential/concurrency/sync.html	java::core::synchronization-concurrency
synchronization_concurrency-extra-054	What confusion should you avoid with `BlockingQueue`?	Do not treat `BlockingQueue` as just a memorized word.	Use it as a practical rule. Ask what it changes in code: compile-time checks, runtime behavior, memory use, ordering, error handling, visibility, API design, or testability. When reading code, ask: what does `BlockingQueue` change, allow, reject, or clarify?	29-synchronization-concurrency/theory/04-cyclicbarrier-concepts.md | https://docs.oracle.com/javase/tutorial/essential/concurrency/sync.html	java::core::synchronization-concurrency
synchronization_concurrency-extra-055	Explain `Concurrent collections:` deeply enough for review.	A collection is an object that groups multiple elements under a common API.	Meaning: A collection is an object that groups multiple elements under a common API. Why it matters: It matters because concurrent code can look correct in single-thread tests but fail under timing pressure. A common confusion is assuming visibility, ordering, and atomicity are the same guarantee. Example: When reading code, ask: what does `Concurrent collections:` change, allow, reject, or clarify?	29-synchronization-concurrency/theory/04-cyclicbarrier-concepts.md | https://docs.oracle.com/javase/tutorial/essential/concurrency/sync.html	java::core::synchronization-concurrency
synchronization_concurrency-extra-056	What confusion should you avoid with `Concurrent collections:`?	Do not treat `Concurrent collections:` as just a memorized word.	Use it as a practical rule. Ask what it changes in code: compile-time checks, runtime behavior, memory use, ordering, error handling, visibility, API design, or testability. When reading code, ask: what does `Concurrent collections:` change, allow, reject, or clarify?	29-synchronization-concurrency/theory/04-cyclicbarrier-concepts.md | https://docs.oracle.com/javase/tutorial/essential/concurrency/sync.html	java::core::synchronization-concurrency
synchronization_concurrency-extra-057	Explain `ConcurrentHashMap` deeply enough for review.	A Map stores key-value pairs and retrieves values by key.	Meaning: A Map stores key-value pairs and retrieves values by key. Why it matters: It matters because concurrent code can look correct in single-thread tests but fail under timing pressure. A common confusion is assuming visibility, ordering, and atomicity are the same guarantee. Example: `Map<String, Integer> scores = new HashMap<>();` maps keys to values.	29-synchronization-concurrency/theory/04-cyclicbarrier-concepts.md | https://docs.oracle.com/javase/tutorial/essential/concurrency/sync.html	java::core::synchronization-concurrency
synchronization_concurrency-extra-058	What confusion should you avoid with `ConcurrentHashMap`?	Do not treat `ConcurrentHashMap` as just a memorized word.	Use it as a practical rule. Ask what it changes in code: compile-time checks, runtime behavior, memory use, ordering, error handling, visibility, API design, or testability. `Map<String, Integer> scores = new HashMap<>();` maps keys to values.	29-synchronization-concurrency/theory/04-cyclicbarrier-concepts.md | https://docs.oracle.com/javase/tutorial/essential/concurrency/sync.html	java::core::synchronization-concurrency
synchronization_concurrency-extra-059	Explain `CopyOnWriteArrayList` deeply enough for review.	A List is an ordered collection that can contain duplicates and supports positional access.	Meaning: A List is an ordered collection that can contain duplicates and supports positional access. Why it matters: It matters because choosing the wrong data structure changes correctness, performance, and duplicate-handling behavior. A common confusion is memorizing class names without knowing lookup order, equality rules, or iteration behavior. Example: `List<String> names = new ArrayList<>();` stores ordered elements.	29-synchronization-concurrency/theory/04-cyclicbarrier-concepts.md | https://docs.oracle.com/javase/tutorial/essential/concurrency/sync.html	java::core::synchronization-concurrency
synchronization_concurrency-extra-060	What confusion should you avoid with `CopyOnWriteArrayList`?	Do not treat `CopyOnWriteArrayList` as just a memorized word.	Use it as a practical rule. Ask what it changes in code: compile-time checks, runtime behavior, memory use, ordering, error handling, visibility, API design, or testability. `List<String> names = new ArrayList<>();` stores ordered elements.	29-synchronization-concurrency/theory/04-cyclicbarrier-concepts.md | https://docs.oracle.com/javase/tutorial/essential/concurrency/sync.html	java::core::synchronization-concurrency
synchronization_concurrency-extra-061	Explain `ConcurrentLinkedQueue` deeply enough for review.	ConcurrentLinkedQueue is a specific concept in Synchronization and Concurrency; learn its Java rule, valid use cases, and failure mode rather than only its name.	Meaning:ConcurrentLinkedQueue is a specific concept in Synchronization and Concurrency; learn its Java rule, valid use cases, and failure mode rather than only its name. Why it matters: It matters because concurrent code can look correct in single-thread tests but fail under timing pressure. A common confusion is assuming visibility, ordering, and atomicity are the same guarantee. Example: When reading code, ask: what does `ConcurrentLinkedQueue` change, allow, reject, or clarify?	29-synchronization-concurrency/theory/04-cyclicbarrier-concepts.md | https://docs.oracle.com/javase/tutorial/essential/concurrency/sync.html	java::core::synchronization-concurrency
synchronization_concurrency-extra-062	What confusion should you avoid with `ConcurrentLinkedQueue`?	Do not treat `ConcurrentLinkedQueue` as just a memorized word.	Use it as a practical rule. Ask what it changes in code: compile-time checks, runtime behavior, memory use, ordering, error handling, visibility, API design, or testability. When reading code, ask: what does `ConcurrentLinkedQueue` change, allow, reject, or clarify?	29-synchronization-concurrency/theory/04-cyclicbarrier-concepts.md | https://docs.oracle.com/javase/tutorial/essential/concurrency/sync.html	java::core::synchronization-concurrency
synchronization_concurrency-extra-063	Explain `Executor Framework:` deeply enough for review.	Executor Framework is a group of related rules in Synchronization and Concurrency that groups several related details.	Meaning: Executor Framework is a group of related rules in Synchronization and Concurrency that groups several related details. Why it matters: Use it to predict the exact Java rule, the allowed form, and the failure mode. Review it with a tiny example instead of memorizing only the label. Example: When reading code, ask: what does `Executor Framework:` change, allow, reject, or clarify?	29-synchronization-concurrency/theory/04-cyclicbarrier-concepts.md | https://docs.oracle.com/javase/tutorial/essential/concurrency/sync.html	java::core::synchronization-concurrency
synchronization_concurrency-extra-064	What confusion should you avoid with `Executor Framework:`?	Do not treat `Executor Framework:` as just a memorized word.	Use it as a practical rule. Ask what it changes in code: compile-time checks, runtime behavior, memory use, ordering, error handling, visibility, API design, or testability. When reading code, ask: what does `Executor Framework:` change, allow, reject, or clarify?	29-synchronization-concurrency/theory/04-cyclicbarrier-concepts.md | https://docs.oracle.com/javase/tutorial/essential/concurrency/sync.html	java::core::synchronization-concurrency
synchronization_concurrency-extra-065	Explain `Executor` deeply enough for review.	Executor is a specific concept in Synchronization and Concurrency; learn its Java rule, valid use cases, and failure mode rather than only its name.	Meaning:Executor is a specific concept in Synchronization and Concurrency; learn its Java rule, valid use cases, and failure mode rather than only its name. Why it matters: Use it to predict the exact Java rule, the allowed form, and the failure mode. Review it with a tiny example instead of memorizing only the label. Example: When reading code, ask: what does `Executor` change, allow, reject, or clarify?	29-synchronization-concurrency/theory/05-executor-concepts.md | https://docs.oracle.com/javase/tutorial/essential/concurrency/sync.html	java::core::synchronization-concurrency
synchronization_concurrency-extra-066	What confusion should you avoid with `Executor`?	Do not treat `Executor` as just a memorized word.	Use it as a practical rule. Ask what it changes in code: compile-time checks, runtime behavior, memory use, ordering, error handling, visibility, API design, or testability. When reading code, ask: what does `Executor` change, allow, reject, or clarify?	29-synchronization-concurrency/theory/05-executor-concepts.md | https://docs.oracle.com/javase/tutorial/essential/concurrency/sync.html	java::core::synchronization-concurrency
synchronization_concurrency-extra-067	Explain `ExecutorService` deeply enough for review.	ExecutorService is a specific concept in Synchronization and Concurrency; learn its Java rule, valid use cases, and failure mode rather than only its name.	Meaning:ExecutorService is a specific concept in Synchronization and Concurrency; learn its Java rule, valid use cases, and failure mode rather than only its name. Why it matters: Use it to predict the exact Java rule, the allowed form, and the failure mode. Review it with a tiny example instead of memorizing only the label. Example: When reading code, ask: what does `ExecutorService` change, allow, reject, or clarify?	29-synchronization-concurrency/theory/05-executor-concepts.md | https://docs.oracle.com/javase/tutorial/essential/concurrency/sync.html	java::core::synchronization-concurrency
synchronization_concurrency-extra-068	What confusion should you avoid with `ExecutorService`?	Do not treat `ExecutorService` as just a memorized word.	Use it as a practical rule. Ask what it changes in code: compile-time checks, runtime behavior, memory use, ordering, error handling, visibility, API design, or testability. When reading code, ask: what does `ExecutorService` change, allow, reject, or clarify?	29-synchronization-concurrency/theory/05-executor-concepts.md | https://docs.oracle.com/javase/tutorial/essential/concurrency/sync.html	java::core::synchronization-concurrency
synchronization_concurrency-extra-069	Explain `ScheduledExecutorService` deeply enough for review.	ScheduledExecutorService is a specific concept in Synchronization and Concurrency; learn its Java rule, valid use cases, and failure mode rather than only its name.	Meaning:ScheduledExecutorService is a specific concept in Synchronization and Concurrency; learn its Java rule, valid use cases, and failure mode rather than only its name. Why it matters: Use it to predict the exact Java rule, the allowed form, and the failure mode. Review it with a tiny example instead of memorizing only the label. Example: When reading code, ask: what does `ScheduledExecutorService` change, allow, reject, or clarify?	29-synchronization-concurrency/theory/05-executor-concepts.md | https://docs.oracle.com/javase/tutorial/essential/concurrency/sync.html	java::core::synchronization-concurrency
synchronization_concurrency-extra-070	What confusion should you avoid with `ScheduledExecutorService`?	Do not treat `ScheduledExecutorService` as just a memorized word.	Use it as a practical rule. Ask what it changes in code: compile-time checks, runtime behavior, memory use, ordering, error handling, visibility, API design, or testability. When reading code, ask: what does `ScheduledExecutorService` change, allow, reject, or clarify?	29-synchronization-concurrency/theory/05-executor-concepts.md | https://docs.oracle.com/javase/tutorial/essential/concurrency/sync.html	java::core::synchronization-concurrency
synchronization_concurrency-extra-071	Explain `ThreadPoolExecutor` deeply enough for review.	A thread is a path of execution inside a process.	Meaning: A thread is a path of execution inside a process. Why it matters: It matters because concurrent code can look correct in single-thread tests but fail under timing pressure. A common confusion is assuming visibility, ordering, and atomicity are the same guarantee. Example: `new Thread(task).start()` starts work on another thread.	29-synchronization-concurrency/theory/05-executor-concepts.md | https://docs.oracle.com/javase/tutorial/essential/concurrency/sync.html	java::core::synchronization-concurrency
synchronization_concurrency-extra-072	What confusion should you avoid with `ThreadPoolExecutor`?	Do not treat `ThreadPoolExecutor` as just a memorized word.	Use it as a practical rule. Ask what it changes in code: compile-time checks, runtime behavior, memory use, ordering, error handling, visibility, API design, or testability. `new Thread(task).start()` starts work on another thread.	29-synchronization-concurrency/theory/05-executor-concepts.md | https://docs.oracle.com/javase/tutorial/essential/concurrency/sync.html	java::core::synchronization-concurrency
synchronization_concurrency-extra-073	Explain `Executors` deeply enough for review.	Executors is a specific concept in Synchronization and Concurrency; learn its Java rule, valid use cases, and failure mode rather than only its name.	Meaning:Executors is a specific concept in Synchronization and Concurrency; learn its Java rule, valid use cases, and failure mode rather than only its name. Why it matters: Use it to predict the exact Java rule, the allowed form, and the failure mode. Review it with a tiny example instead of memorizing only the label. Example: When reading code, ask: what does `Executors` change, allow, reject, or clarify?	29-synchronization-concurrency/theory/05-executor-concepts.md | https://docs.oracle.com/javase/tutorial/essential/concurrency/sync.html	java::core::synchronization-concurrency
synchronization_concurrency-extra-074	What confusion should you avoid with `Executors`?	Do not treat `Executors` as just a memorized word.	Use it as a practical rule. Ask what it changes in code: compile-time checks, runtime behavior, memory use, ordering, error handling, visibility, API design, or testability. When reading code, ask: what does `Executors` change, allow, reject, or clarify?	29-synchronization-concurrency/theory/05-executor-concepts.md | https://docs.oracle.com/javase/tutorial/essential/concurrency/sync.html	java::core::synchronization-concurrency
synchronization_concurrency-extra-075	Explain `Future` deeply enough for review.	Future is a specific concept in Synchronization and Concurrency; learn its Java rule, valid use cases, and failure mode rather than only its name.	Meaning:Future is a specific concept in Synchronization and Concurrency; learn its Java rule, valid use cases, and failure mode rather than only its name. Why it matters: Use it to predict the exact Java rule, the allowed form, and the failure mode. Review it with a tiny example instead of memorizing only the label. Example: When reading code, ask: what does `Future` change, allow, reject, or clarify?	29-synchronization-concurrency/theory/05-executor-concepts.md | https://docs.oracle.com/javase/tutorial/essential/concurrency/sync.html	java::core::synchronization-concurrency
synchronization_concurrency-extra-076	What confusion should you avoid with `Future`?	Do not treat `Future` as just a memorized word.	Use it as a practical rule. Ask what it changes in code: compile-time checks, runtime behavior, memory use, ordering, error handling, visibility, API design, or testability. When reading code, ask: what does `Future` change, allow, reject, or clarify?	29-synchronization-concurrency/theory/05-executor-concepts.md | https://docs.oracle.com/javase/tutorial/essential/concurrency/sync.html	java::core::synchronization-concurrency
synchronization_concurrency-extra-077	Explain `Callable` deeply enough for review.	Callable is a specific concept in Synchronization and Concurrency; learn its Java rule, valid use cases, and failure mode rather than only its name.	Meaning:Callable is a specific concept in Synchronization and Concurrency; learn its Java rule, valid use cases, and failure mode rather than only its name. Why it matters: Use it to predict the exact Java rule, the allowed form, and the failure mode. Review it with a tiny example instead of memorizing only the label. Example: When reading code, ask: what does `Callable` change, allow, reject, or clarify?	29-synchronization-concurrency/theory/05-executor-concepts.md | https://docs.oracle.com/javase/tutorial/essential/concurrency/sync.html	java::core::synchronization-concurrency
synchronization_concurrency-extra-078	What confusion should you avoid with `Callable`?	Do not treat `Callable` as just a memorized word.	Use it as a practical rule. Ask what it changes in code: compile-time checks, runtime behavior, memory use, ordering, error handling, visibility, API design, or testability. When reading code, ask: what does `Callable` change, allow, reject, or clarify?	29-synchronization-concurrency/theory/05-executor-concepts.md | https://docs.oracle.com/javase/tutorial/essential/concurrency/sync.html	java::core::synchronization-concurrency
synchronization_concurrency-extra-079	Explain `CompletableFuture` deeply enough for review.	CompletableFuture is a specific concept in Synchronization and Concurrency; learn its Java rule, valid use cases, and failure mode rather than only its name.	Meaning:CompletableFuture is a specific concept in Synchronization and Concurrency; learn its Java rule, valid use cases, and failure mode rather than only its name. Why it matters: Use it to predict the exact Java rule, the allowed form, and the failure mode. Review it with a tiny example instead of memorizing only the label. Example: When reading code, ask: what does `CompletableFuture` change, allow, reject, or clarify?	29-synchronization-concurrency/theory/05-executor-concepts.md | https://docs.oracle.com/javase/tutorial/essential/concurrency/sync.html	java::core::synchronization-concurrency
synchronization_concurrency-extra-080	What confusion should you avoid with `CompletableFuture`?	Do not treat `CompletableFuture` as just a memorized word.	Use it as a practical rule. Ask what it changes in code: compile-time checks, runtime behavior, memory use, ordering, error handling, visibility, API design, or testability. When reading code, ask: what does `CompletableFuture` change, allow, reject, or clarify?	29-synchronization-concurrency/theory/05-executor-concepts.md | https://docs.oracle.com/javase/tutorial/essential/concurrency/sync.html	java::core::synchronization-concurrency
synchronization_concurrency-extra-081	Explain `ForkJoinPool` deeply enough for review.	ForkJoinPool is a specific concept in Synchronization and Concurrency; learn its Java rule, valid use cases, and failure mode rather than only its name.	Meaning:ForkJoinPool is a specific concept in Synchronization and Concurrency; learn its Java rule, valid use cases, and failure mode rather than only its name. Why it matters: Use it to predict the exact Java rule, the allowed form, and the failure mode. Review it with a tiny example instead of memorizing only the label. Example: When reading code, ask: what does `ForkJoinPool` change, allow, reject, or clarify?	29-synchronization-concurrency/theory/06-forkjoinpool-concepts.md | https://docs.oracle.com/javase/tutorial/essential/concurrency/sync.html	java::core::synchronization-concurrency
synchronization_concurrency-extra-082	What confusion should you avoid with `ForkJoinPool`?	Do not treat `ForkJoinPool` as just a memorized word.	Use it as a practical rule. Ask what it changes in code: compile-time checks, runtime behavior, memory use, ordering, error handling, visibility, API design, or testability. When reading code, ask: what does `ForkJoinPool` change, allow, reject, or clarify?	29-synchronization-concurrency/theory/06-forkjoinpool-concepts.md | https://docs.oracle.com/javase/tutorial/essential/concurrency/sync.html	java::core::synchronization-concurrency
synchronization_concurrency-extra-083	Explain `Parallel Stream` deeply enough for review.	A Stream is a pipeline for processing elements through lazy operations.	Meaning: A Stream is a pipeline for processing elements through lazy operations. Why it matters: It matters because modern Java APIs use function-style pipelines heavily. A common confusion is forgetting which operations are lazy and which operation actually triggers execution. Example: When reading code, ask: what does `Parallel Stream` change, allow, reject, or clarify?	29-synchronization-concurrency/theory/06-forkjoinpool-concepts.md | https://docs.oracle.com/javase/tutorial/essential/concurrency/sync.html	java::core::synchronization-concurrency
synchronization_concurrency-extra-084	What confusion should you avoid with `Parallel Stream`?	Do not treat `Parallel Stream` as just a memorized word.	Use it as a practical rule. Ask what it changes in code: compile-time checks, runtime behavior, memory use, ordering, error handling, visibility, API design, or testability. When reading code, ask: what does `Parallel Stream` change, allow, reject, or clarify?	29-synchronization-concurrency/theory/06-forkjoinpool-concepts.md | https://docs.oracle.com/javase/tutorial/essential/concurrency/sync.html	java::core::synchronization-concurrency
synchronization-concurrency-aug-extra-001	What should you understand deeply about `synchronized method`?	Synchronized protects a critical section by using a monitor lock.	Review it as a rule you can apply, not just a term. Ask what code it allows, rejects, or makes easier to reason about. Then connect it to one realistic Java mistake. Source: /home/fhu_thjen/projects/learning-java/29-synchronization-concurrency/theory/01-synchronized-method-concepts.md	/home/fhu_thjen/projects/learning-java/29-synchronization-concurrency/theory/01-synchronized-method-concepts.md | https://docs.oracle.com/javase/tutorial/essential/concurrency/sync.html	java::core::synchronization_concurrency
synchronization-concurrency-aug-extra-002	What should you understand deeply about `synchronized block`?	Synchronized protects a critical section by using a monitor lock.	Review it as a rule you can apply, not just a term. Ask what code it allows, rejects, or makes easier to reason about. Then connect it to one realistic Java mistake. Source: /home/fhu_thjen/projects/learning-java/29-synchronization-concurrency/theory/01-synchronized-method-concepts.md	/home/fhu_thjen/projects/learning-java/29-synchronization-concurrency/theory/01-synchronized-method-concepts.md | https://docs.oracle.com/javase/tutorial/essential/concurrency/sync.html	java::core::synchronization_concurrency
synchronization-concurrency-aug-extra-003	What should you understand deeply about `Object lock`?	It matters because concurrent code can look correct in single-thread tests but fail under timing pressure. A common confusion is assuming visibility, ordering, and atomicity are the same guarantee.	Review it as a rule you can apply, not just a term. Ask what code it allows, rejects, or makes easier to reason about. Then connect it to one realistic Java mistake. Source: /home/fhu_thjen/projects/learning-java/29-synchronization-concurrency/theory/01-synchronized-method-concepts.md	/home/fhu_thjen/projects/learning-java/29-synchronization-concurrency/theory/01-synchronized-method-concepts.md | https://docs.oracle.com/javase/tutorial/essential/concurrency/sync.html	java::core::synchronization_concurrency
synchronization-concurrency-aug-extra-004	What should you understand deeply about `Class lock`?	It matters because concurrent code can look correct in single-thread tests but fail under timing pressure. A common confusion is assuming visibility, ordering, and atomicity are the same guarantee.	Review it as a rule you can apply, not just a term. Ask what code it allows, rejects, or makes easier to reason about. Then connect it to one realistic Java mistake. Source: /home/fhu_thjen/projects/learning-java/29-synchronization-concurrency/theory/01-synchronized-method-concepts.md	/home/fhu_thjen/projects/learning-java/29-synchronization-concurrency/theory/01-synchronized-method-concepts.md | https://docs.oracle.com/javase/tutorial/essential/concurrency/sync.html	java::core::synchronization_concurrency
synchronization-concurrency-aug-extra-005	What should you understand deeply about `Monitor`?	Tiny example or mental model:	Review it as a rule you can apply, not just a term. Ask what code it allows, rejects, or makes easier to reason about. Then connect it to one realistic Java mistake. Source: /home/fhu_thjen/projects/learning-java/29-synchronization-concurrency/theory/01-synchronized-method-concepts.md	/home/fhu_thjen/projects/learning-java/29-synchronization-concurrency/theory/01-synchronized-method-concepts.md | https://docs.oracle.com/javase/tutorial/essential/concurrency/sync.html	java::core::synchronization_concurrency
synchronization-concurrency-aug-extra-006	What should you understand deeply about `wait`?	Tiny example or mental model:	Review it as a rule you can apply, not just a term. Ask what code it allows, rejects, or makes easier to reason about. Then connect it to one realistic Java mistake. Source: /home/fhu_thjen/projects/learning-java/29-synchronization-concurrency/theory/01-synchronized-method-concepts.md	/home/fhu_thjen/projects/learning-java/29-synchronization-concurrency/theory/01-synchronized-method-concepts.md | https://docs.oracle.com/javase/tutorial/essential/concurrency/sync.html	java::core::synchronization_concurrency
synchronization-concurrency-aug-extra-007	What should you understand deeply about `notify`?	Tiny example or mental model:	Review it as a rule you can apply, not just a term. Ask what code it allows, rejects, or makes easier to reason about. Then connect it to one realistic Java mistake. Source: /home/fhu_thjen/projects/learning-java/29-synchronization-concurrency/theory/01-synchronized-method-concepts.md	/home/fhu_thjen/projects/learning-java/29-synchronization-concurrency/theory/01-synchronized-method-concepts.md | https://docs.oracle.com/javase/tutorial/essential/concurrency/sync.html	java::core::synchronization_concurrency
synchronization-concurrency-aug-extra-008	What should you understand deeply about `notifyAll`?	Tiny example or mental model:	Review it as a rule you can apply, not just a term. Ask what code it allows, rejects, or makes easier to reason about. Then connect it to one realistic Java mistake. Source: /home/fhu_thjen/projects/learning-java/29-synchronization-concurrency/theory/01-synchronized-method-concepts.md	/home/fhu_thjen/projects/learning-java/29-synchronization-concurrency/theory/01-synchronized-method-concepts.md | https://docs.oracle.com/javase/tutorial/essential/concurrency/sync.html	java::core::synchronization_concurrency
synchronization-concurrency-aug-extra-009	What should you understand deeply about `Deadlock`?	Deadlock happens when threads wait forever for locks held by each other.	Review it as a rule you can apply, not just a term. Ask what code it allows, rejects, or makes easier to reason about. Then connect it to one realistic Java mistake. Source: /home/fhu_thjen/projects/learning-java/29-synchronization-concurrency/theory/02-deadlock-concepts.md	/home/fhu_thjen/projects/learning-java/29-synchronization-concurrency/theory/02-deadlock-concepts.md | https://docs.oracle.com/javase/tutorial/essential/concurrency/sync.html	java::core::synchronization_concurrency
synchronization-concurrency-aug-extra-010	What should you understand deeply about `Livelock`?	It matters because concurrent code can look correct in single-thread tests but fail under timing pressure. A common confusion is assuming visibility, ordering, and atomicity are the same guarantee.	Review it as a rule you can apply, not just a term. Ask what code it allows, rejects, or makes easier to reason about. Then connect it to one realistic Java mistake. Source: /home/fhu_thjen/projects/learning-java/29-synchronization-concurrency/theory/02-deadlock-concepts.md	/home/fhu_thjen/projects/learning-java/29-synchronization-concurrency/theory/02-deadlock-concepts.md | https://docs.oracle.com/javase/tutorial/essential/concurrency/sync.html	java::core::synchronization_concurrency
synchronization-concurrency-aug-extra-011	What should you understand deeply about `Starvation`?	Tiny example or mental model:	Review it as a rule you can apply, not just a term. Ask what code it allows, rejects, or makes easier to reason about. Then connect it to one realistic Java mistake. Source: /home/fhu_thjen/projects/learning-java/29-synchronization-concurrency/theory/02-deadlock-concepts.md	/home/fhu_thjen/projects/learning-java/29-synchronization-concurrency/theory/02-deadlock-concepts.md | https://docs.oracle.com/javase/tutorial/essential/concurrency/sync.html	java::core::synchronization_concurrency
synchronization-concurrency-aug-extra-012	What should you understand deeply about `Volatile`?	Volatile gives visibility guarantees for a variable shared between threads, but it does not make compound operations atomic.	Review it as a rule you can apply, not just a term. Ask what code it allows, rejects, or makes easier to reason about. Then connect it to one realistic Java mistake. Source: /home/fhu_thjen/projects/learning-java/29-synchronization-concurrency/theory/02-deadlock-concepts.md	/home/fhu_thjen/projects/learning-java/29-synchronization-concurrency/theory/02-deadlock-concepts.md | https://docs.oracle.com/javase/tutorial/essential/concurrency/sync.html	java::core::synchronization_concurrency
synchronization-concurrency-aug-extra-013	What should you understand deeply about `Atomic classes:`?	It matters because concurrent code can look correct in single-thread tests but fail under timing pressure. A common confusion is assuming visibility, ordering, and atomicity are the same guarantee.	Review it as a rule you can apply, not just a term. Ask what code it allows, rejects, or makes easier to reason about. Then connect it to one realistic Java mistake. Source: /home/fhu_thjen/projects/learning-java/29-synchronization-concurrency/theory/02-deadlock-concepts.md	/home/fhu_thjen/projects/learning-java/29-synchronization-concurrency/theory/02-deadlock-concepts.md | https://docs.oracle.com/javase/tutorial/essential/concurrency/sync.html	java::core::synchronization_concurrency
synchronization-concurrency-aug-extra-014	What should you understand deeply about `AtomicInteger`?	It matters because concurrent code can look correct in single-thread tests but fail under timing pressure. A common confusion is assuming visibility, ordering, and atomicity are the same guarantee.	Review it as a rule you can apply, not just a term. Ask what code it allows, rejects, or makes easier to reason about. Then connect it to one realistic Java mistake. Source: /home/fhu_thjen/projects/learning-java/29-synchronization-concurrency/theory/02-deadlock-concepts.md	/home/fhu_thjen/projects/learning-java/29-synchronization-concurrency/theory/02-deadlock-concepts.md | https://docs.oracle.com/javase/tutorial/essential/concurrency/sync.html	java::core::synchronization_concurrency
synchronization-concurrency-aug-extra-015	What should you understand deeply about `AtomicLong`?	It matters because concurrent code can look correct in single-thread tests but fail under timing pressure. A common confusion is assuming visibility, ordering, and atomicity are the same guarantee.	Review it as a rule you can apply, not just a term. Ask what code it allows, rejects, or makes easier to reason about. Then connect it to one realistic Java mistake. Source: /home/fhu_thjen/projects/learning-java/29-synchronization-concurrency/theory/02-deadlock-concepts.md	/home/fhu_thjen/projects/learning-java/29-synchronization-concurrency/theory/02-deadlock-concepts.md | https://docs.oracle.com/javase/tutorial/essential/concurrency/sync.html	java::core::synchronization_concurrency
synchronization-concurrency-aug-extra-016	What should you understand deeply about `AtomicBoolean`?	It matters because concurrent code can look correct in single-thread tests but fail under timing pressure. A common confusion is assuming visibility, ordering, and atomicity are the same guarantee.	Review it as a rule you can apply, not just a term. Ask what code it allows, rejects, or makes easier to reason about. Then connect it to one realistic Java mistake. Source: /home/fhu_thjen/projects/learning-java/29-synchronization-concurrency/theory/02-deadlock-concepts.md	/home/fhu_thjen/projects/learning-java/29-synchronization-concurrency/theory/02-deadlock-concepts.md | https://docs.oracle.com/javase/tutorial/essential/concurrency/sync.html	java::core::synchronization_concurrency
synchronization-concurrency-aug-extra-017	What should you understand deeply about `AtomicReference`?	It matters because concurrent code can look correct in single-thread tests but fail under timing pressure. A common confusion is assuming visibility, ordering, and atomicity are the same guarantee.	Review it as a rule you can apply, not just a term. Ask what code it allows, rejects, or makes easier to reason about. Then connect it to one realistic Java mistake. Source: /home/fhu_thjen/projects/learning-java/29-synchronization-concurrency/theory/03-atomicreference-concepts.md	/home/fhu_thjen/projects/learning-java/29-synchronization-concurrency/theory/03-atomicreference-concepts.md | https://docs.oracle.com/javase/tutorial/essential/concurrency/sync.html	java::core::synchronization_concurrency
synchronization-concurrency-aug-extra-018	What should you understand deeply about `Lock API:`?	It matters because concurrent code can look correct in single-thread tests but fail under timing pressure. A common confusion is assuming visibility, ordering, and atomicity are the same guarantee.	Review it as a rule you can apply, not just a term. Ask what code it allows, rejects, or makes easier to reason about. Then connect it to one realistic Java mistake. Source: /home/fhu_thjen/projects/learning-java/29-synchronization-concurrency/theory/03-atomicreference-concepts.md	/home/fhu_thjen/projects/learning-java/29-synchronization-concurrency/theory/03-atomicreference-concepts.md | https://docs.oracle.com/javase/tutorial/essential/concurrency/sync.html	java::core::synchronization_concurrency
synchronization-concurrency-aug-extra-019	What should you understand deeply about `Lock`?	It matters because concurrent code can look correct in single-thread tests but fail under timing pressure. A common confusion is assuming visibility, ordering, and atomicity are the same guarantee.	Review it as a rule you can apply, not just a term. Ask what code it allows, rejects, or makes easier to reason about. Then connect it to one realistic Java mistake. Source: /home/fhu_thjen/projects/learning-java/29-synchronization-concurrency/theory/03-atomicreference-concepts.md	/home/fhu_thjen/projects/learning-java/29-synchronization-concurrency/theory/03-atomicreference-concepts.md | https://docs.oracle.com/javase/tutorial/essential/concurrency/sync.html	java::core::synchronization_concurrency
synchronization-concurrency-aug-extra-020	What should you understand deeply about `ReentrantLock`?	It matters because concurrent code can look correct in single-thread tests but fail under timing pressure. A common confusion is assuming visibility, ordering, and atomicity are the same guarantee.	Review it as a rule you can apply, not just a term. Ask what code it allows, rejects, or makes easier to reason about. Then connect it to one realistic Java mistake. Source: /home/fhu_thjen/projects/learning-java/29-synchronization-concurrency/theory/03-atomicreference-concepts.md	/home/fhu_thjen/projects/learning-java/29-synchronization-concurrency/theory/03-atomicreference-concepts.md | https://docs.oracle.com/javase/tutorial/essential/concurrency/sync.html	java::core::synchronization_concurrency
synchronization-concurrency-aug-extra-021	What should you understand deeply about `ReadWriteLock`?	It matters because concurrent code can look correct in single-thread tests but fail under timing pressure. A common confusion is assuming visibility, ordering, and atomicity are the same guarantee.	Review it as a rule you can apply, not just a term. Ask what code it allows, rejects, or makes easier to reason about. Then connect it to one realistic Java mistake. Source: /home/fhu_thjen/projects/learning-java/29-synchronization-concurrency/theory/03-atomicreference-concepts.md	/home/fhu_thjen/projects/learning-java/29-synchronization-concurrency/theory/03-atomicreference-concepts.md | https://docs.oracle.com/javase/tutorial/essential/concurrency/sync.html	java::core::synchronization_concurrency
synchronization-concurrency-aug-extra-022	What should you understand deeply about `StampedLock`?	It matters because concurrent code can look correct in single-thread tests but fail under timing pressure. A common confusion is assuming visibility, ordering, and atomicity are the same guarantee.	Review it as a rule you can apply, not just a term. Ask what code it allows, rejects, or makes easier to reason about. Then connect it to one realistic Java mistake. Source: /home/fhu_thjen/projects/learning-java/29-synchronization-concurrency/theory/03-atomicreference-concepts.md	/home/fhu_thjen/projects/learning-java/29-synchronization-concurrency/theory/03-atomicreference-concepts.md | https://docs.oracle.com/javase/tutorial/essential/concurrency/sync.html	java::core::synchronization_concurrency
synchronization-concurrency-aug-extra-023	What should you understand deeply about `Semaphore`?	A Map stores key-value pairs and retrieves values by key.	Review it as a rule you can apply, not just a term. Ask what code it allows, rejects, or makes easier to reason about. Then connect it to one realistic Java mistake. Source: /home/fhu_thjen/projects/learning-java/29-synchronization-concurrency/theory/03-atomicreference-concepts.md	/home/fhu_thjen/projects/learning-java/29-synchronization-concurrency/theory/03-atomicreference-concepts.md | https://docs.oracle.com/javase/tutorial/essential/concurrency/sync.html	java::core::synchronization_concurrency
synchronization-concurrency-aug-extra-024	What should you understand deeply about `CountDownLatch`?	Tiny example or mental model:	Review it as a rule you can apply, not just a term. Ask what code it allows, rejects, or makes easier to reason about. Then connect it to one realistic Java mistake. Source: /home/fhu_thjen/projects/learning-java/29-synchronization-concurrency/theory/03-atomicreference-concepts.md	/home/fhu_thjen/projects/learning-java/29-synchronization-concurrency/theory/03-atomicreference-concepts.md | https://docs.oracle.com/javase/tutorial/essential/concurrency/sync.html	java::core::synchronization_concurrency
synchronization-concurrency-aug-extra-025	What should you understand deeply about `CyclicBarrier`?	Tiny example or mental model:	Review it as a rule you can apply, not just a term. Ask what code it allows, rejects, or makes easier to reason about. Then connect it to one realistic Java mistake. Source: /home/fhu_thjen/projects/learning-java/29-synchronization-concurrency/theory/04-cyclicbarrier-concepts.md	/home/fhu_thjen/projects/learning-java/29-synchronization-concurrency/theory/04-cyclicbarrier-concepts.md | https://docs.oracle.com/javase/tutorial/essential/concurrency/sync.html	java::core::synchronization_concurrency
synchronization-concurrency-aug-extra-026	What should you understand deeply about `Phaser`?	Tiny example or mental model:	Review it as a rule you can apply, not just a term. Ask what code it allows, rejects, or makes easier to reason about. Then connect it to one realistic Java mistake. Source: /home/fhu_thjen/projects/learning-java/29-synchronization-concurrency/theory/04-cyclicbarrier-concepts.md	/home/fhu_thjen/projects/learning-java/29-synchronization-concurrency/theory/04-cyclicbarrier-concepts.md | https://docs.oracle.com/javase/tutorial/essential/concurrency/sync.html	java::core::synchronization_concurrency
synchronization-concurrency-aug-extra-027	What should you understand deeply about `BlockingQueue`?	It matters because concurrent code can look correct in single-thread tests but fail under timing pressure. A common confusion is assuming visibility, ordering, and atomicity are the same guarantee.	Review it as a rule you can apply, not just a term. Ask what code it allows, rejects, or makes easier to reason about. Then connect it to one realistic Java mistake. Source: /home/fhu_thjen/projects/learning-java/29-synchronization-concurrency/theory/04-cyclicbarrier-concepts.md	/home/fhu_thjen/projects/learning-java/29-synchronization-concurrency/theory/04-cyclicbarrier-concepts.md | https://docs.oracle.com/javase/tutorial/essential/concurrency/sync.html	java::core::synchronization_concurrency
synchronization-concurrency-aug-extra-028	What should you understand deeply about `Concurrent collections:`?	A collection is an object that groups multiple elements under a common API.	Review it as a rule you can apply, not just a term. Ask what code it allows, rejects, or makes easier to reason about. Then connect it to one realistic Java mistake. Source: /home/fhu_thjen/projects/learning-java/29-synchronization-concurrency/theory/04-cyclicbarrier-concepts.md	/home/fhu_thjen/projects/learning-java/29-synchronization-concurrency/theory/04-cyclicbarrier-concepts.md | https://docs.oracle.com/javase/tutorial/essential/concurrency/sync.html	java::core::synchronization_concurrency
synchronization-concurrency-aug-extra-029	What should you understand deeply about `ConcurrentHashMap`?	A Map stores key-value pairs and retrieves values by key.	Review it as a rule you can apply, not just a term. Ask what code it allows, rejects, or makes easier to reason about. Then connect it to one realistic Java mistake. Source: /home/fhu_thjen/projects/learning-java/29-synchronization-concurrency/theory/04-cyclicbarrier-concepts.md	/home/fhu_thjen/projects/learning-java/29-synchronization-concurrency/theory/04-cyclicbarrier-concepts.md | https://docs.oracle.com/javase/tutorial/essential/concurrency/sync.html	java::core::synchronization_concurrency
synchronization-concurrency-aug-extra-030	What should you understand deeply about `CopyOnWriteArrayList`?	A List is an ordered collection that can contain duplicates and supports positional access.	Review it as a rule you can apply, not just a term. Ask what code it allows, rejects, or makes easier to reason about. Then connect it to one realistic Java mistake. Source: /home/fhu_thjen/projects/learning-java/29-synchronization-concurrency/theory/04-cyclicbarrier-concepts.md	/home/fhu_thjen/projects/learning-java/29-synchronization-concurrency/theory/04-cyclicbarrier-concepts.md | https://docs.oracle.com/javase/tutorial/essential/concurrency/sync.html	java::core::synchronization_concurrency
synchronization-concurrency-aug-extra-031	What should you understand deeply about `ConcurrentLinkedQueue`?	It matters because concurrent code can look correct in single-thread tests but fail under timing pressure. A common confusion is assuming visibility, ordering, and atomicity are the same guarantee.	Review it as a rule you can apply, not just a term. Ask what code it allows, rejects, or makes easier to reason about. Then connect it to one realistic Java mistake. Source: /home/fhu_thjen/projects/learning-java/29-synchronization-concurrency/theory/04-cyclicbarrier-concepts.md	/home/fhu_thjen/projects/learning-java/29-synchronization-concurrency/theory/04-cyclicbarrier-concepts.md | https://docs.oracle.com/javase/tutorial/essential/concurrency/sync.html	java::core::synchronization_concurrency
synchronization-concurrency-aug-extra-032	What should you understand deeply about `Executor Framework:`?	Tiny example or mental model:	Review it as a rule you can apply, not just a term. Ask what code it allows, rejects, or makes easier to reason about. Then connect it to one realistic Java mistake. Source: /home/fhu_thjen/projects/learning-java/29-synchronization-concurrency/theory/04-cyclicbarrier-concepts.md	/home/fhu_thjen/projects/learning-java/29-synchronization-concurrency/theory/04-cyclicbarrier-concepts.md | https://docs.oracle.com/javase/tutorial/essential/concurrency/sync.html	java::core::synchronization_concurrency
synchronization-concurrency-aug-extra-033	What should you understand deeply about `Executor`?	Tiny example or mental model:	Review it as a rule you can apply, not just a term. Ask what code it allows, rejects, or makes easier to reason about. Then connect it to one realistic Java mistake. Source: /home/fhu_thjen/projects/learning-java/29-synchronization-concurrency/theory/05-executor-concepts.md	/home/fhu_thjen/projects/learning-java/29-synchronization-concurrency/theory/05-executor-concepts.md | https://docs.oracle.com/javase/tutorial/essential/concurrency/sync.html	java::core::synchronization_concurrency
synchronization-concurrency-aug-extra-034	What should you understand deeply about `ExecutorService`?	ExecutorService manages task execution using worker threads.	Review it as a rule you can apply, not just a term. Ask what code it allows, rejects, or makes easier to reason about. Then connect it to one realistic Java mistake. Source: /home/fhu_thjen/projects/learning-java/29-synchronization-concurrency/theory/05-executor-concepts.md	/home/fhu_thjen/projects/learning-java/29-synchronization-concurrency/theory/05-executor-concepts.md | https://docs.oracle.com/javase/tutorial/essential/concurrency/sync.html	java::core::synchronization_concurrency
synchronization-concurrency-aug-extra-035	What should you understand deeply about `ScheduledExecutorService`?	Tiny example or mental model:	Review it as a rule you can apply, not just a term. Ask what code it allows, rejects, or makes easier to reason about. Then connect it to one realistic Java mistake. Source: /home/fhu_thjen/projects/learning-java/29-synchronization-concurrency/theory/05-executor-concepts.md	/home/fhu_thjen/projects/learning-java/29-synchronization-concurrency/theory/05-executor-concepts.md | https://docs.oracle.com/javase/tutorial/essential/concurrency/sync.html	java::core::synchronization_concurrency
synchronization-concurrency-aug-extra-036	What should you understand deeply about `ThreadPoolExecutor`?	A thread is a path of execution inside a process.	Review it as a rule you can apply, not just a term. Ask what code it allows, rejects, or makes easier to reason about. Then connect it to one realistic Java mistake. Source: /home/fhu_thjen/projects/learning-java/29-synchronization-concurrency/theory/05-executor-concepts.md	/home/fhu_thjen/projects/learning-java/29-synchronization-concurrency/theory/05-executor-concepts.md | https://docs.oracle.com/javase/tutorial/essential/concurrency/sync.html	java::core::synchronization_concurrency
synchronization-concurrency-aug-extra-037	What should you understand deeply about `Executors`?	Tiny example or mental model:	Review it as a rule you can apply, not just a term. Ask what code it allows, rejects, or makes easier to reason about. Then connect it to one realistic Java mistake. Source: /home/fhu_thjen/projects/learning-java/29-synchronization-concurrency/theory/05-executor-concepts.md	/home/fhu_thjen/projects/learning-java/29-synchronization-concurrency/theory/05-executor-concepts.md | https://docs.oracle.com/javase/tutorial/essential/concurrency/sync.html	java::core::synchronization_concurrency
synchronization-concurrency-aug-extra-038	What should you understand deeply about `Future`?	Tiny example or mental model:	Review it as a rule you can apply, not just a term. Ask what code it allows, rejects, or makes easier to reason about. Then connect it to one realistic Java mistake. Source: /home/fhu_thjen/projects/learning-java/29-synchronization-concurrency/theory/05-executor-concepts.md	/home/fhu_thjen/projects/learning-java/29-synchronization-concurrency/theory/05-executor-concepts.md | https://docs.oracle.com/javase/tutorial/essential/concurrency/sync.html	java::core::synchronization_concurrency
synchronization-concurrency-aug-extra-039	What should you understand deeply about `Callable`?	Callable represents a task that returns a result and can throw checked exceptions.	Review it as a rule you can apply, not just a term. Ask what code it allows, rejects, or makes easier to reason about. Then connect it to one realistic Java mistake. Source: /home/fhu_thjen/projects/learning-java/29-synchronization-concurrency/theory/05-executor-concepts.md	/home/fhu_thjen/projects/learning-java/29-synchronization-concurrency/theory/05-executor-concepts.md | https://docs.oracle.com/javase/tutorial/essential/concurrency/sync.html	java::core::synchronization_concurrency
synchronization-concurrency-aug-extra-040	What should you understand deeply about `CompletableFuture`?	Tiny example or mental model:	Review it as a rule you can apply, not just a term. Ask what code it allows, rejects, or makes easier to reason about. Then connect it to one realistic Java mistake. Source: /home/fhu_thjen/projects/learning-java/29-synchronization-concurrency/theory/05-executor-concepts.md	/home/fhu_thjen/projects/learning-java/29-synchronization-concurrency/theory/05-executor-concepts.md | https://docs.oracle.com/javase/tutorial/essential/concurrency/sync.html	java::core::synchronization_concurrency
synchronization-concurrency-aug-extra-041	What should you understand deeply about `ForkJoinPool`?	Tiny example or mental model:	Review it as a rule you can apply, not just a term. Ask what code it allows, rejects, or makes easier to reason about. Then connect it to one realistic Java mistake. Source: /home/fhu_thjen/projects/learning-java/29-synchronization-concurrency/theory/06-forkjoinpool-concepts.md	/home/fhu_thjen/projects/learning-java/29-synchronization-concurrency/theory/06-forkjoinpool-concepts.md | https://docs.oracle.com/javase/tutorial/essential/concurrency/sync.html	java::core::synchronization_concurrency
synchronization-concurrency-aug-extra-042	What should you understand deeply about `Parallel Stream`?	A Stream is a pipeline for processing elements through lazy operations.	Review it as a rule you can apply, not just a term. Ask what code it allows, rejects, or makes easier to reason about. Then connect it to one realistic Java mistake. Source: /home/fhu_thjen/projects/learning-java/29-synchronization-concurrency/theory/06-forkjoinpool-concepts.md	/home/fhu_thjen/projects/learning-java/29-synchronization-concurrency/theory/06-forkjoinpool-concepts.md | https://docs.oracle.com/javase/tutorial/essential/concurrency/sync.html	java::core::synchronization_concurrency
synchronization-concurrency-aug-extra-043	What should you understand deeply about `What should you know about synchronized method in Synchronization and Concurrency?`?	Synchronized protects a critical section by using a monitor lock.	Review it as a rule you can apply, not just a term. Ask what code it allows, rejects, or makes easier to reason about. Then connect it to one realistic Java mistake. Source: 29-synchronization-concurrency/theory/01-synchronized-method-concepts.md	29-synchronization-concurrency/theory/01-synchronized-method-concepts.md | https://docs.oracle.com/javase/tutorial/essential/concurrency/sync.html	java::core::synchronization_concurrency
synchronization-concurrency-aug-extra-044	What should you understand deeply about `Why does synchronized method matter in Java?`?	It matters because concurrent code can look correct in single-thread tests but fail under timing pressure. A common confusion is assuming visibility, ordering, and atomicity are the same guarantee.	Review it as a rule you can apply, not just a term. Ask what code it allows, rejects, or makes easier to reason about. Then connect it to one realistic Java mistake. Source: 29-synchronization-concurrency/theory/01-synchronized-method-concepts.md	29-synchronization-concurrency/theory/01-synchronized-method-concepts.md | https://docs.oracle.com/javase/tutorial/essential/concurrency/sync.html	java::core::synchronization_concurrency
synchronization-concurrency-aug-extra-045	What should you understand deeply about `What should you know about synchronized block in Synchronization and Concurrency?`?	Synchronized protects a critical section by using a monitor lock.	Review it as a rule you can apply, not just a term. Ask what code it allows, rejects, or makes easier to reason about. Then connect it to one realistic Java mistake. Source: 29-synchronization-concurrency/theory/01-synchronized-method-concepts.md	29-synchronization-concurrency/theory/01-synchronized-method-concepts.md | https://docs.oracle.com/javase/tutorial/essential/concurrency/sync.html	java::core::synchronization_concurrency
synchronization-concurrency-aug-extra-046	What should you understand deeply about `Why does synchronized block matter in Java?`?	It matters because concurrent code can look correct in single-thread tests but fail under timing pressure. A common confusion is assuming visibility, ordering, and atomicity are the same guarantee.	Review it as a rule you can apply, not just a term. Ask what code it allows, rejects, or makes easier to reason about. Then connect it to one realistic Java mistake. Source: 29-synchronization-concurrency/theory/01-synchronized-method-concepts.md	29-synchronization-concurrency/theory/01-synchronized-method-concepts.md | https://docs.oracle.com/javase/tutorial/essential/concurrency/sync.html	java::core::synchronization_concurrency
synchronization-concurrency-aug-extra-047	What should you understand deeply about `Why does Object lock matter in Java?`?	It matters because concurrent code can look correct in single-thread tests but fail under timing pressure. A common confusion is assuming visibility, ordering, and atomicity are the same guarantee.	Review it as a rule you can apply, not just a term. Ask what code it allows, rejects, or makes easier to reason about. Then connect it to one realistic Java mistake. Source: 29-synchronization-concurrency/theory/01-synchronized-method-concepts.md	29-synchronization-concurrency/theory/01-synchronized-method-concepts.md | https://docs.oracle.com/javase/tutorial/essential/concurrency/sync.html	java::core::synchronization_concurrency
synchronization-concurrency-aug-extra-048	What should you understand deeply about `Why does Class lock matter in Java?`?	It matters because concurrent code can look correct in single-thread tests but fail under timing pressure. A common confusion is assuming visibility, ordering, and atomicity are the same guarantee.	Review it as a rule you can apply, not just a term. Ask what code it allows, rejects, or makes easier to reason about. Then connect it to one realistic Java mistake. Source: 29-synchronization-concurrency/theory/01-synchronized-method-concepts.md	29-synchronization-concurrency/theory/01-synchronized-method-concepts.md | https://docs.oracle.com/javase/tutorial/essential/concurrency/sync.html	java::core::synchronization_concurrency
synchronization-concurrency-aug-extra-049	What should you understand deeply about `What should you know about Deadlock in Synchronization and Concurrency?`?	Deadlock happens when threads wait forever for locks held by each other.	Review it as a rule you can apply, not just a term. Ask what code it allows, rejects, or makes easier to reason about. Then connect it to one realistic Java mistake. Source: 29-synchronization-concurrency/theory/02-deadlock-concepts.md	29-synchronization-concurrency/theory/02-deadlock-concepts.md | https://docs.oracle.com/javase/tutorial/essential/concurrency/sync.html	java::core::synchronization_concurrency
synchronization-concurrency-aug-extra-050	What should you understand deeply about `Why does Deadlock matter in Java?`?	It matters because concurrent code can look correct in single-thread tests but fail under timing pressure. A common confusion is assuming visibility, ordering, and atomicity are the same guarantee.	Review it as a rule you can apply, not just a term. Ask what code it allows, rejects, or makes easier to reason about. Then connect it to one realistic Java mistake. Source: 29-synchronization-concurrency/theory/02-deadlock-concepts.md	29-synchronization-concurrency/theory/02-deadlock-concepts.md | https://docs.oracle.com/javase/tutorial/essential/concurrency/sync.html	java::core::synchronization_concurrency
synchronization-concurrency-aug-extra-051	What should you understand deeply about `Why does Livelock matter in Java?`?	It matters because concurrent code can look correct in single-thread tests but fail under timing pressure. A common confusion is assuming visibility, ordering, and atomicity are the same guarantee.	Review it as a rule you can apply, not just a term. Ask what code it allows, rejects, or makes easier to reason about. Then connect it to one realistic Java mistake. Source: 29-synchronization-concurrency/theory/02-deadlock-concepts.md	29-synchronization-concurrency/theory/02-deadlock-concepts.md | https://docs.oracle.com/javase/tutorial/essential/concurrency/sync.html	java::core::synchronization_concurrency
synchronization-concurrency-aug-extra-052	What should you understand deeply about `What should you know about Volatile in Synchronization and Concurrency?`?	Volatile gives visibility guarantees for a variable shared between threads, but it does not make compound operations atomic.	Review it as a rule you can apply, not just a term. Ask what code it allows, rejects, or makes easier to reason about. Then connect it to one realistic Java mistake. Source: 29-synchronization-concurrency/theory/02-deadlock-concepts.md	29-synchronization-concurrency/theory/02-deadlock-concepts.md | https://docs.oracle.com/javase/tutorial/essential/concurrency/sync.html	java::core::synchronization_concurrency
synchronization-concurrency-aug-extra-053	What should you understand deeply about `Why does Volatile matter in Java?`?	It matters because concurrent code can look correct in single-thread tests but fail under timing pressure. A common confusion is assuming visibility, ordering, and atomicity are the same guarantee.	Review it as a rule you can apply, not just a term. Ask what code it allows, rejects, or makes easier to reason about. Then connect it to one realistic Java mistake. Source: 29-synchronization-concurrency/theory/02-deadlock-concepts.md	29-synchronization-concurrency/theory/02-deadlock-concepts.md | https://docs.oracle.com/javase/tutorial/essential/concurrency/sync.html	java::core::synchronization_concurrency
synchronization-concurrency-aug-extra-054	What should you understand deeply about `Why does Atomic classes: matter in Java?`?	It matters because concurrent code can look correct in single-thread tests but fail under timing pressure. A common confusion is assuming visibility, ordering, and atomicity are the same guarantee.	Review it as a rule you can apply, not just a term. Ask what code it allows, rejects, or makes easier to reason about. Then connect it to one realistic Java mistake. Source: 29-synchronization-concurrency/theory/02-deadlock-concepts.md	29-synchronization-concurrency/theory/02-deadlock-concepts.md | https://docs.oracle.com/javase/tutorial/essential/concurrency/sync.html	java::core::synchronization_concurrency
synchronization-concurrency-aug-extra-055	What should you understand deeply about `Why does AtomicInteger matter in Java?`?	It matters because concurrent code can look correct in single-thread tests but fail under timing pressure. A common confusion is assuming visibility, ordering, and atomicity are the same guarantee.	Review it as a rule you can apply, not just a term. Ask what code it allows, rejects, or makes easier to reason about. Then connect it to one realistic Java mistake. Source: 29-synchronization-concurrency/theory/02-deadlock-concepts.md	29-synchronization-concurrency/theory/02-deadlock-concepts.md | https://docs.oracle.com/javase/tutorial/essential/concurrency/sync.html	java::core::synchronization_concurrency
synchronization-concurrency-aug-extra-056	What should you understand deeply about `Why does AtomicLong matter in Java?`?	It matters because concurrent code can look correct in single-thread tests but fail under timing pressure. A common confusion is assuming visibility, ordering, and atomicity are the same guarantee.	Review it as a rule you can apply, not just a term. Ask what code it allows, rejects, or makes easier to reason about. Then connect it to one realistic Java mistake. Source: 29-synchronization-concurrency/theory/02-deadlock-concepts.md	29-synchronization-concurrency/theory/02-deadlock-concepts.md | https://docs.oracle.com/javase/tutorial/essential/concurrency/sync.html	java::core::synchronization_concurrency
synchronization-concurrency-aug-extra-057	What should you understand deeply about `Why does AtomicBoolean matter in Java?`?	It matters because concurrent code can look correct in single-thread tests but fail under timing pressure. A common confusion is assuming visibility, ordering, and atomicity are the same guarantee.	Review it as a rule you can apply, not just a term. Ask what code it allows, rejects, or makes easier to reason about. Then connect it to one realistic Java mistake. Source: 29-synchronization-concurrency/theory/02-deadlock-concepts.md	29-synchronization-concurrency/theory/02-deadlock-concepts.md | https://docs.oracle.com/javase/tutorial/essential/concurrency/sync.html	java::core::synchronization_concurrency
synchronization-concurrency-aug-extra-058	What should you understand deeply about `Why does AtomicReference matter in Java?`?	It matters because concurrent code can look correct in single-thread tests but fail under timing pressure. A common confusion is assuming visibility, ordering, and atomicity are the same guarantee.	Review it as a rule you can apply, not just a term. Ask what code it allows, rejects, or makes easier to reason about. Then connect it to one realistic Java mistake. Source: 29-synchronization-concurrency/theory/03-atomicreference-concepts.md	29-synchronization-concurrency/theory/03-atomicreference-concepts.md | https://docs.oracle.com/javase/tutorial/essential/concurrency/sync.html	java::core::synchronization_concurrency
synchronization-concurrency-aug-extra-059	What should you understand deeply about `Why does Lock API: matter in Java?`?	It matters because concurrent code can look correct in single-thread tests but fail under timing pressure. A common confusion is assuming visibility, ordering, and atomicity are the same guarantee.	Review it as a rule you can apply, not just a term. Ask what code it allows, rejects, or makes easier to reason about. Then connect it to one realistic Java mistake. Source: 29-synchronization-concurrency/theory/03-atomicreference-concepts.md	29-synchronization-concurrency/theory/03-atomicreference-concepts.md | https://docs.oracle.com/javase/tutorial/essential/concurrency/sync.html	java::core::synchronization_concurrency
synchronization-concurrency-aug-extra-060	What should you understand deeply about `Why does Lock matter in Java?`?	It matters because concurrent code can look correct in single-thread tests but fail under timing pressure. A common confusion is assuming visibility, ordering, and atomicity are the same guarantee.	Review it as a rule you can apply, not just a term. Ask what code it allows, rejects, or makes easier to reason about. Then connect it to one realistic Java mistake. Source: 29-synchronization-concurrency/theory/03-atomicreference-concepts.md	29-synchronization-concurrency/theory/03-atomicreference-concepts.md | https://docs.oracle.com/javase/tutorial/essential/concurrency/sync.html	java::core::synchronization_concurrency
synchronization-concurrency-aug-extra-061	What should you understand deeply about `Why does ReentrantLock matter in Java?`?	It matters because concurrent code can look correct in single-thread tests but fail under timing pressure. A common confusion is assuming visibility, ordering, and atomicity are the same guarantee.	Review it as a rule you can apply, not just a term. Ask what code it allows, rejects, or makes easier to reason about. Then connect it to one realistic Java mistake. Source: 29-synchronization-concurrency/theory/03-atomicreference-concepts.md	29-synchronization-concurrency/theory/03-atomicreference-concepts.md | https://docs.oracle.com/javase/tutorial/essential/concurrency/sync.html	java::core::synchronization_concurrency
synchronization-concurrency-aug-extra-062	What should you understand deeply about `Why does ReadWriteLock matter in Java?`?	It matters because concurrent code can look correct in single-thread tests but fail under timing pressure. A common confusion is assuming visibility, ordering, and atomicity are the same guarantee.	Review it as a rule you can apply, not just a term. Ask what code it allows, rejects, or makes easier to reason about. Then connect it to one realistic Java mistake. Source: 29-synchronization-concurrency/theory/03-atomicreference-concepts.md	29-synchronization-concurrency/theory/03-atomicreference-concepts.md | https://docs.oracle.com/javase/tutorial/essential/concurrency/sync.html	java::core::synchronization_concurrency
synchronization-concurrency-aug-extra-063	What should you understand deeply about `Why does StampedLock matter in Java?`?	It matters because concurrent code can look correct in single-thread tests but fail under timing pressure. A common confusion is assuming visibility, ordering, and atomicity are the same guarantee.	Review it as a rule you can apply, not just a term. Ask what code it allows, rejects, or makes easier to reason about. Then connect it to one realistic Java mistake. Source: 29-synchronization-concurrency/theory/03-atomicreference-concepts.md	29-synchronization-concurrency/theory/03-atomicreference-concepts.md | https://docs.oracle.com/javase/tutorial/essential/concurrency/sync.html	java::core::synchronization_concurrency
synchronization-concurrency-aug-extra-064	What should you understand deeply about `What should you know about Semaphore in Synchronization and Concurrency?`?	A Map stores key-value pairs and retrieves values by key.	Review it as a rule you can apply, not just a term. Ask what code it allows, rejects, or makes easier to reason about. Then connect it to one realistic Java mistake. Source: 29-synchronization-concurrency/theory/03-atomicreference-concepts.md	29-synchronization-concurrency/theory/03-atomicreference-concepts.md | https://docs.oracle.com/javase/tutorial/essential/concurrency/sync.html	java::core::synchronization_concurrency
synchronization-concurrency-aug-extra-065	What should you understand deeply about `Why does Semaphore matter in Java?`?	It matters because choosing the wrong data structure changes correctness, performance, and duplicate-handling behavior. A common confusion is memorizing class names without knowing lookup order, equality rules, or iteration behavior.	Review it as a rule you can apply, not just a term. Ask what code it allows, rejects, or makes easier to reason about. Then connect it to one realistic Java mistake. Source: 29-synchronization-concurrency/theory/03-atomicreference-concepts.md	29-synchronization-concurrency/theory/03-atomicreference-concepts.md | https://docs.oracle.com/javase/tutorial/essential/concurrency/sync.html	java::core::synchronization_concurrency
synchronization-concurrency-aug-extra-066	What should you understand deeply about `Why does BlockingQueue matter in Java?`?	It matters because concurrent code can look correct in single-thread tests but fail under timing pressure. A common confusion is assuming visibility, ordering, and atomicity are the same guarantee.	Review it as a rule you can apply, not just a term. Ask what code it allows, rejects, or makes easier to reason about. Then connect it to one realistic Java mistake. Source: 29-synchronization-concurrency/theory/04-cyclicbarrier-concepts.md	29-synchronization-concurrency/theory/04-cyclicbarrier-concepts.md | https://docs.oracle.com/javase/tutorial/essential/concurrency/sync.html	java::core::synchronization_concurrency
synchronization-concurrency-aug-extra-067	What should you understand deeply about `What should you know about Concurrent collections: in Synchronization and Concurrency?`?	A collection is an object that groups multiple elements under a common API.	Review it as a rule you can apply, not just a term. Ask what code it allows, rejects, or makes easier to reason about. Then connect it to one realistic Java mistake. Source: 29-synchronization-concurrency/theory/04-cyclicbarrier-concepts.md	29-synchronization-concurrency/theory/04-cyclicbarrier-concepts.md | https://docs.oracle.com/javase/tutorial/essential/concurrency/sync.html	java::core::synchronization_concurrency
synchronization-concurrency-aug-extra-068	What should you understand deeply about `Why does Concurrent collections: matter in Java?`?	It matters because concurrent code can look correct in single-thread tests but fail under timing pressure. A common confusion is assuming visibility, ordering, and atomicity are the same guarantee.	Review it as a rule you can apply, not just a term. Ask what code it allows, rejects, or makes easier to reason about. Then connect it to one realistic Java mistake. Source: 29-synchronization-concurrency/theory/04-cyclicbarrier-concepts.md	29-synchronization-concurrency/theory/04-cyclicbarrier-concepts.md | https://docs.oracle.com/javase/tutorial/essential/concurrency/sync.html	java::core::synchronization_concurrency
synchronization-concurrency-aug-extra-069	What should you understand deeply about `What should you know about ConcurrentHashMap in Synchronization and Concurrency?`?	A Map stores key-value pairs and retrieves values by key.	Review it as a rule you can apply, not just a term. Ask what code it allows, rejects, or makes easier to reason about. Then connect it to one realistic Java mistake. Source: 29-synchronization-concurrency/theory/04-cyclicbarrier-concepts.md	29-synchronization-concurrency/theory/04-cyclicbarrier-concepts.md | https://docs.oracle.com/javase/tutorial/essential/concurrency/sync.html	java::core::synchronization_concurrency
synchronization-concurrency-aug-extra-070	What should you understand deeply about `Why does ConcurrentHashMap matter in Java?`?	It matters because concurrent code can look correct in single-thread tests but fail under timing pressure. A common confusion is assuming visibility, ordering, and atomicity are the same guarantee.	Review it as a rule you can apply, not just a term. Ask what code it allows, rejects, or makes easier to reason about. Then connect it to one realistic Java mistake. Source: 29-synchronization-concurrency/theory/04-cyclicbarrier-concepts.md	29-synchronization-concurrency/theory/04-cyclicbarrier-concepts.md | https://docs.oracle.com/javase/tutorial/essential/concurrency/sync.html	java::core::synchronization_concurrency
synchronization-concurrency-aug-extra-071	What should you understand deeply about `What should you know about CopyOnWriteArrayList in Synchronization and Concurrency?`?	A List is an ordered collection that can contain duplicates and supports positional access.	Review it as a rule you can apply, not just a term. Ask what code it allows, rejects, or makes easier to reason about. Then connect it to one realistic Java mistake. Source: 29-synchronization-concurrency/theory/04-cyclicbarrier-concepts.md	29-synchronization-concurrency/theory/04-cyclicbarrier-concepts.md | https://docs.oracle.com/javase/tutorial/essential/concurrency/sync.html	java::core::synchronization_concurrency
synchronization-concurrency-aug-extra-072	What should you understand deeply about `Why does CopyOnWriteArrayList matter in Java?`?	It matters because choosing the wrong data structure changes correctness, performance, and duplicate-handling behavior. A common confusion is memorizing class names without knowing lookup order, equality rules, or iteration behavior.	Review it as a rule you can apply, not just a term. Ask what code it allows, rejects, or makes easier to reason about. Then connect it to one realistic Java mistake. Source: 29-synchronization-concurrency/theory/04-cyclicbarrier-concepts.md	29-synchronization-concurrency/theory/04-cyclicbarrier-concepts.md | https://docs.oracle.com/javase/tutorial/essential/concurrency/sync.html	java::core::synchronization_concurrency
synchronization-concurrency-aug-extra-073	What should you understand deeply about `Why does ConcurrentLinkedQueue matter in Java?`?	It matters because concurrent code can look correct in single-thread tests but fail under timing pressure. A common confusion is assuming visibility, ordering, and atomicity are the same guarantee.	Review it as a rule you can apply, not just a term. Ask what code it allows, rejects, or makes easier to reason about. Then connect it to one realistic Java mistake. Source: 29-synchronization-concurrency/theory/04-cyclicbarrier-concepts.md	29-synchronization-concurrency/theory/04-cyclicbarrier-concepts.md | https://docs.oracle.com/javase/tutorial/essential/concurrency/sync.html	java::core::synchronization_concurrency
synchronization-concurrency-aug-extra-074	What should you understand deeply about `What should you know about ThreadPoolExecutor in Synchronization and Concurrency?`?	A thread is a path of execution inside a process.	Review it as a rule you can apply, not just a term. Ask what code it allows, rejects, or makes easier to reason about. Then connect it to one realistic Java mistake. Source: 29-synchronization-concurrency/theory/05-executor-concepts.md	29-synchronization-concurrency/theory/05-executor-concepts.md | https://docs.oracle.com/javase/tutorial/essential/concurrency/sync.html	java::core::synchronization_concurrency
synchronization-concurrency-aug-extra-075	What should you understand deeply about `Why does ThreadPoolExecutor matter in Java?`?	It matters because concurrent code can look correct in single-thread tests but fail under timing pressure. A common confusion is assuming visibility, ordering, and atomicity are the same guarantee.	Review it as a rule you can apply, not just a term. Ask what code it allows, rejects, or makes easier to reason about. Then connect it to one realistic Java mistake. Source: 29-synchronization-concurrency/theory/05-executor-concepts.md	29-synchronization-concurrency/theory/05-executor-concepts.md | https://docs.oracle.com/javase/tutorial/essential/concurrency/sync.html	java::core::synchronization_concurrency
synchronization-concurrency-aug-extra-076	What should you understand deeply about `What should you know about Parallel Stream in Synchronization and Concurrency?`?	A Stream is a pipeline for processing elements through lazy operations.	Review it as a rule you can apply, not just a term. Ask what code it allows, rejects, or makes easier to reason about. Then connect it to one realistic Java mistake. Source: 29-synchronization-concurrency/theory/06-forkjoinpool-concepts.md	29-synchronization-concurrency/theory/06-forkjoinpool-concepts.md | https://docs.oracle.com/javase/tutorial/essential/concurrency/sync.html	java::core::synchronization_concurrency
synchronization-concurrency-aug-extra-077	What should you understand deeply about `Why does Parallel Stream matter in Java?`?	It matters because modern Java APIs use function-style pipelines heavily. A common confusion is forgetting which operations are lazy and which operation actually triggers execution.	Review it as a rule you can apply, not just a term. Ask what code it allows, rejects, or makes easier to reason about. Then connect it to one realistic Java mistake. Source: 29-synchronization-concurrency/theory/06-forkjoinpool-concepts.md	29-synchronization-concurrency/theory/06-forkjoinpool-concepts.md | https://docs.oracle.com/javase/tutorial/essential/concurrency/sync.html	java::core::synchronization_concurrency
synchronization-concurrency-aug-extra-078	What should you understand deeply about `Explain Semaphore deeply enough for review.`?	A Map stores key-value pairs and retrieves values by key. Meaning: A Map stores key-value pairs and retrieves values by key. Why it matters: It matters because choosing the wrong data structure changes correctness, performance, and duplicate-handling behavior. A common confusion is memorizing class names without knowing lookup order, equality rules, or iteration behavior. Example: Map<String, Integer> scores = new HashMap<>(); maps keys to values.	Review it as a rule you can apply, not just a term. Ask what code it allows, rejects, or makes easier to reason about. Then connect it to one realistic Java mistake. Source: 29-synchronization-concurrency/theory/03-atomicreference-concepts.md	29-synchronization-concurrency/theory/03-atomicreference-concepts.md | https://docs.oracle.com/javase/tutorial/essential/concurrency/sync.html	java::core::synchronization_concurrency
synchronization-concurrency-aug-extra-079	What should you understand deeply about `What confusion should you avoid with Semaphore?`?	Do not treat Semaphore as just a memorized word. Use it as a practical rule. Ask what it changes in code: compile-time checks, runtime behavior, memory use, ordering, error handling, visibility, API design, or testability. Map<String, Integer> scores = new HashMap<>(); maps keys to values.	Review it as a rule you can apply, not just a term. Ask what code it allows, rejects, or makes easier to reason about. Then connect it to one realistic Java mistake. Source: 29-synchronization-concurrency/theory/03-atomicreference-concepts.md	29-synchronization-concurrency/theory/03-atomicreference-concepts.md | https://docs.oracle.com/javase/tutorial/essential/concurrency/sync.html	java::core::synchronization_concurrency
synchronization-concurrency-aug-extra-080	What should you understand deeply about `Explain ConcurrentHashMap deeply enough for review.`?	A Map stores key-value pairs and retrieves values by key. Meaning: A Map stores key-value pairs and retrieves values by key. Why it matters: It matters because concurrent code can look correct in single-thread tests but fail under timing pressure. A common confusion is assuming visibility, ordering, and atomicity are the same guarantee. Example: Map<String, Integer> scores = new HashMap<>(); maps keys to values.	Review it as a rule you can apply, not just a term. Ask what code it allows, rejects, or makes easier to reason about. Then connect it to one realistic Java mistake. Source: 29-synchronization-concurrency/theory/04-cyclicbarrier-concepts.md	29-synchronization-concurrency/theory/04-cyclicbarrier-concepts.md | https://docs.oracle.com/javase/tutorial/essential/concurrency/sync.html	java::core::synchronization_concurrency
synchronization-concurrency-aug-extra-081	What should you understand deeply about `What confusion should you avoid with ConcurrentHashMap?`?	Do not treat ConcurrentHashMap as just a memorized word. Use it as a practical rule. Ask what it changes in code: compile-time checks, runtime behavior, memory use, ordering, error handling, visibility, API design, or testability. Map<String, Integer> scores = new HashMap<>(); maps keys to values.	Review it as a rule you can apply, not just a term. Ask what code it allows, rejects, or makes easier to reason about. Then connect it to one realistic Java mistake. Source: 29-synchronization-concurrency/theory/04-cyclicbarrier-concepts.md	29-synchronization-concurrency/theory/04-cyclicbarrier-concepts.md | https://docs.oracle.com/javase/tutorial/essential/concurrency/sync.html	java::core::synchronization_concurrency
synchronization-concurrency-aug-extra-082	What should you understand deeply about `Explain CopyOnWriteArrayList deeply enough for review.`?	A List is an ordered collection that can contain duplicates and supports positional access. Meaning: A List is an ordered collection that can contain duplicates and supports positional access. Why it matters: It matters because choosing the wrong data structure changes correctness, performance, and duplicate-handling behavior. A common confusion is memorizing class names without knowing lookup order, equality rules, or iteration behavior. Example: List<String> names = new ArrayList<>(); stores ordered elements.	Review it as a rule you can apply, not just a term. Ask what code it allows, rejects, or makes easier to reason about. Then connect it to one realistic Java mistake. Source: 29-synchronization-concurrency/theory/04-cyclicbarrier-concepts.md	29-synchronization-concurrency/theory/04-cyclicbarrier-concepts.md | https://docs.oracle.com/javase/tutorial/essential/concurrency/sync.html	java::core::synchronization_concurrency
