ID	Front	Back	Extra	Source	Tags
stream_api-extra-001	Explain `What is Stream?` deeply enough for review.	A Stream is a pipeline for processing elements through lazy operations.	Meaning: A Stream is a pipeline for processing elements through lazy operations. Why it matters: It matters because modern Java APIs use function-style pipelines heavily. A common confusion is forgetting which operations are lazy and which operation actually triggers execution. Example: When reading code, ask: what does `What is Stream?` change, allow, reject, or clarify?	23-stream-api/theory/01-what-is-stream-concepts.md | https://docs.oracle.com/en/java/javase/21/docs/api/java.base/java/util/stream/package-summary.html	java::core::stream-api
stream_api-extra-002	What confusion should you avoid with `What is Stream?`?	Do not treat `What is Stream?` as just a memorized word.	Use it as a practical rule. Ask what it changes in code: compile-time checks, runtime behavior, memory use, ordering, error handling, visibility, API design, or testability. When reading code, ask: what does `What is Stream?` change, allow, reject, or clarify?	23-stream-api/theory/01-what-is-stream-concepts.md | https://docs.oracle.com/en/java/javase/21/docs/api/java.base/java/util/stream/package-summary.html	java::core::stream-api
stream_api-extra-003	Explain `Stream vs Collection` deeply enough for review.	A collection is an object that groups multiple elements under a common API.	Meaning: A collection is an object that groups multiple elements under a common API. Why it matters: It matters because choosing the wrong data structure changes correctness, performance, and duplicate-handling behavior. A common confusion is memorizing class names without knowing lookup order, equality rules, or iteration behavior. Example: When reading code, ask: what does `Stream vs Collection` change, allow, reject, or clarify?	23-stream-api/theory/01-what-is-stream-concepts.md | https://docs.oracle.com/en/java/javase/21/docs/api/java.base/java/util/stream/package-summary.html	java::core::stream-api
stream_api-extra-004	What confusion should you avoid with `Stream vs Collection`?	Do not treat `Stream vs Collection` as just a memorized word.	Use it as a practical rule. Ask what it changes in code: compile-time checks, runtime behavior, memory use, ordering, error handling, visibility, API design, or testability. When reading code, ask: what does `Stream vs Collection` change, allow, reject, or clarify?	23-stream-api/theory/01-what-is-stream-concepts.md | https://docs.oracle.com/en/java/javase/21/docs/api/java.base/java/util/stream/package-summary.html	java::core::stream-api
stream_api-extra-005	Explain `Create Stream:` deeply enough for review.	A Stream is a pipeline for processing elements through lazy operations.	Meaning: A Stream is a pipeline for processing elements through lazy operations. Why it matters: It matters because modern Java APIs use function-style pipelines heavily. A common confusion is forgetting which operations are lazy and which operation actually triggers execution. Example: When reading code, ask: what does `Create Stream:` change, allow, reject, or clarify?	23-stream-api/theory/01-what-is-stream-concepts.md | https://docs.oracle.com/en/java/javase/21/docs/api/java.base/java/util/stream/package-summary.html	java::core::stream-api
stream_api-extra-006	What confusion should you avoid with `Create Stream:`?	Do not treat `Create Stream:` as just a memorized word.	Use it as a practical rule. Ask what it changes in code: compile-time checks, runtime behavior, memory use, ordering, error handling, visibility, API design, or testability. When reading code, ask: what does `Create Stream:` change, allow, reject, or clarify?	23-stream-api/theory/01-what-is-stream-concepts.md | https://docs.oracle.com/en/java/javase/21/docs/api/java.base/java/util/stream/package-summary.html	java::core::stream-api
stream_api-extra-007	Explain `from List` deeply enough for review.	A List is an ordered collection that can contain duplicates and supports positional access.	Meaning: A List is an ordered collection that can contain duplicates and supports positional access. Why it matters: It matters because choosing the wrong data structure changes correctness, performance, and duplicate-handling behavior. A common confusion is memorizing class names without knowing lookup order, equality rules, or iteration behavior. Example: `List<String> names = new ArrayList<>();` stores ordered elements.	23-stream-api/theory/01-what-is-stream-concepts.md | https://docs.oracle.com/en/java/javase/21/docs/api/java.base/java/util/stream/package-summary.html	java::core::stream-api
stream_api-extra-008	What confusion should you avoid with `from List`?	Do not treat `from List` as just a memorized word.	Use it as a practical rule. Ask what it changes in code: compile-time checks, runtime behavior, memory use, ordering, error handling, visibility, API design, or testability. `List<String> names = new ArrayList<>();` stores ordered elements.	23-stream-api/theory/01-what-is-stream-concepts.md | https://docs.oracle.com/en/java/javase/21/docs/api/java.base/java/util/stream/package-summary.html	java::core::stream-api
stream_api-extra-009	Explain `from Array` deeply enough for review.	from Array is a specific concept in Stream API; learn its Java rule, valid use cases, and failure mode rather than only its name.	Meaning:from Array is a specific concept in Stream API; learn its Java rule, valid use cases, and failure mode rather than only its name. Why it matters: Use it to predict the exact Java rule, the allowed form, and the failure mode. Review it with a tiny example instead of memorizing only the label. Example: When reading code, ask: what does `from Array` change, allow, reject, or clarify?	23-stream-api/theory/01-what-is-stream-concepts.md | https://docs.oracle.com/en/java/javase/21/docs/api/java.base/java/util/stream/package-summary.html	java::core::stream-api
stream_api-extra-010	What confusion should you avoid with `from Array`?	Do not treat `from Array` as just a memorized word.	Use it as a practical rule. Ask what it changes in code: compile-time checks, runtime behavior, memory use, ordering, error handling, visibility, API design, or testability. When reading code, ask: what does `from Array` change, allow, reject, or clarify?	23-stream-api/theory/01-what-is-stream-concepts.md | https://docs.oracle.com/en/java/javase/21/docs/api/java.base/java/util/stream/package-summary.html	java::core::stream-api
stream_api-extra-011	Explain `from Map` deeply enough for review.	A Map stores key-value pairs and retrieves values by key.	Meaning: A Map stores key-value pairs and retrieves values by key. Why it matters: It matters because choosing the wrong data structure changes correctness, performance, and duplicate-handling behavior. A common confusion is memorizing class names without knowing lookup order, equality rules, or iteration behavior. Example: `Map<String, Integer> scores = new HashMap<>();` maps keys to values.	23-stream-api/theory/01-what-is-stream-concepts.md | https://docs.oracle.com/en/java/javase/21/docs/api/java.base/java/util/stream/package-summary.html	java::core::stream-api
stream_api-extra-012	What confusion should you avoid with `from Map`?	Do not treat `from Map` as just a memorized word.	Use it as a practical rule. Ask what it changes in code: compile-time checks, runtime behavior, memory use, ordering, error handling, visibility, API design, or testability. `Map<String, Integer> scores = new HashMap<>();` maps keys to values.	23-stream-api/theory/01-what-is-stream-concepts.md | https://docs.oracle.com/en/java/javase/21/docs/api/java.base/java/util/stream/package-summary.html	java::core::stream-api
stream_api-extra-013	Explain `Stream.of` deeply enough for review.	A Stream is a pipeline for processing elements through lazy operations.	Meaning: A Stream is a pipeline for processing elements through lazy operations. Why it matters: It matters because modern Java APIs use function-style pipelines heavily. A common confusion is forgetting which operations are lazy and which operation actually triggers execution. Example: When reading code, ask: what does `Stream.of` change, allow, reject, or clarify?	23-stream-api/theory/01-what-is-stream-concepts.md | https://docs.oracle.com/en/java/javase/21/docs/api/java.base/java/util/stream/package-summary.html	java::core::stream-api
stream_api-extra-014	What confusion should you avoid with `Stream.of`?	Do not treat `Stream.of` as just a memorized word.	Use it as a practical rule. Ask what it changes in code: compile-time checks, runtime behavior, memory use, ordering, error handling, visibility, API design, or testability. When reading code, ask: what does `Stream.of` change, allow, reject, or clarify?	23-stream-api/theory/01-what-is-stream-concepts.md | https://docs.oracle.com/en/java/javase/21/docs/api/java.base/java/util/stream/package-summary.html	java::core::stream-api
stream_api-extra-015	Explain `IntStream` deeply enough for review.	A Stream is a pipeline for processing elements through lazy operations.	Meaning: A Stream is a pipeline for processing elements through lazy operations. Why it matters: It matters because modern Java APIs use function-style pipelines heavily. A common confusion is forgetting which operations are lazy and which operation actually triggers execution. Example: When reading code, ask: what does `IntStream` change, allow, reject, or clarify?	23-stream-api/theory/01-what-is-stream-concepts.md | https://docs.oracle.com/en/java/javase/21/docs/api/java.base/java/util/stream/package-summary.html	java::core::stream-api
stream_api-extra-016	What confusion should you avoid with `IntStream`?	Do not treat `IntStream` as just a memorized word.	Use it as a practical rule. Ask what it changes in code: compile-time checks, runtime behavior, memory use, ordering, error handling, visibility, API design, or testability. When reading code, ask: what does `IntStream` change, allow, reject, or clarify?	23-stream-api/theory/01-what-is-stream-concepts.md | https://docs.oracle.com/en/java/javase/21/docs/api/java.base/java/util/stream/package-summary.html	java::core::stream-api
stream_api-extra-017	Explain `LongStream` deeply enough for review.	A Stream is a pipeline for processing elements through lazy operations.	Meaning: A Stream is a pipeline for processing elements through lazy operations. Why it matters: It matters because modern Java APIs use function-style pipelines heavily. A common confusion is forgetting which operations are lazy and which operation actually triggers execution. Example: When reading code, ask: what does `LongStream` change, allow, reject, or clarify?	23-stream-api/theory/02-longstream-concepts.md | https://docs.oracle.com/en/java/javase/21/docs/api/java.base/java/util/stream/package-summary.html	java::core::stream-api
stream_api-extra-018	What confusion should you avoid with `LongStream`?	Do not treat `LongStream` as just a memorized word.	Use it as a practical rule. Ask what it changes in code: compile-time checks, runtime behavior, memory use, ordering, error handling, visibility, API design, or testability. When reading code, ask: what does `LongStream` change, allow, reject, or clarify?	23-stream-api/theory/02-longstream-concepts.md | https://docs.oracle.com/en/java/javase/21/docs/api/java.base/java/util/stream/package-summary.html	java::core::stream-api
stream_api-extra-019	Explain `DoubleStream` deeply enough for review.	A Stream is a pipeline for processing elements through lazy operations.	Meaning: A Stream is a pipeline for processing elements through lazy operations. Why it matters: It matters because modern Java APIs use function-style pipelines heavily. A common confusion is forgetting which operations are lazy and which operation actually triggers execution. Example: When reading code, ask: what does `DoubleStream` change, allow, reject, or clarify?	23-stream-api/theory/02-longstream-concepts.md | https://docs.oracle.com/en/java/javase/21/docs/api/java.base/java/util/stream/package-summary.html	java::core::stream-api
stream_api-extra-020	What confusion should you avoid with `DoubleStream`?	Do not treat `DoubleStream` as just a memorized word.	Use it as a practical rule. Ask what it changes in code: compile-time checks, runtime behavior, memory use, ordering, error handling, visibility, API design, or testability. When reading code, ask: what does `DoubleStream` change, allow, reject, or clarify?	23-stream-api/theory/02-longstream-concepts.md | https://docs.oracle.com/en/java/javase/21/docs/api/java.base/java/util/stream/package-summary.html	java::core::stream-api
stream_api-extra-021	Explain `Intermediate operations:` deeply enough for review.	Intermediate operations is a group of related rules in Stream API that groups several related details.	Meaning: Intermediate operations is a group of related rules in Stream API that groups several related details. Why it matters: Use it to predict the exact Java rule, the allowed form, and the failure mode. Review it with a tiny example instead of memorizing only the label. Example: When reading code, ask: what does `Intermediate operations:` change, allow, reject, or clarify?	23-stream-api/theory/02-longstream-concepts.md | https://docs.oracle.com/en/java/javase/21/docs/api/java.base/java/util/stream/package-summary.html	java::core::stream-api
stream_api-extra-022	What confusion should you avoid with `Intermediate operations:`?	Do not treat `Intermediate operations:` as just a memorized word.	Use it as a practical rule. Ask what it changes in code: compile-time checks, runtime behavior, memory use, ordering, error handling, visibility, API design, or testability. When reading code, ask: what does `Intermediate operations:` change, allow, reject, or clarify?	23-stream-api/theory/02-longstream-concepts.md | https://docs.oracle.com/en/java/javase/21/docs/api/java.base/java/util/stream/package-summary.html	java::core::stream-api
stream_api-extra-023	Explain `filter` deeply enough for review.	filter is a specific concept in Stream API; learn its Java rule, valid use cases, and failure mode rather than only its name.	Meaning:filter is a specific concept in Stream API; learn its Java rule, valid use cases, and failure mode rather than only its name. Why it matters: Use it to predict the exact Java rule, the allowed form, and the failure mode. Review it with a tiny example instead of memorizing only the label. Example: When reading code, ask: what does `filter` change, allow, reject, or clarify?	23-stream-api/theory/02-longstream-concepts.md | https://docs.oracle.com/en/java/javase/21/docs/api/java.base/java/util/stream/package-summary.html	java::core::stream-api
stream_api-extra-024	What confusion should you avoid with `filter`?	Do not treat `filter` as just a memorized word.	Use it as a practical rule. Ask what it changes in code: compile-time checks, runtime behavior, memory use, ordering, error handling, visibility, API design, or testability. When reading code, ask: what does `filter` change, allow, reject, or clarify?	23-stream-api/theory/02-longstream-concepts.md | https://docs.oracle.com/en/java/javase/21/docs/api/java.base/java/util/stream/package-summary.html	java::core::stream-api
stream_api-extra-025	Explain `map` deeply enough for review.	A Map stores key-value pairs and retrieves values by key.	Meaning: A Map stores key-value pairs and retrieves values by key. Why it matters: It matters because choosing the wrong data structure changes correctness, performance, and duplicate-handling behavior. A common confusion is memorizing class names without knowing lookup order, equality rules, or iteration behavior. Example: `Map<String, Integer> scores = new HashMap<>();` maps keys to values.	23-stream-api/theory/02-longstream-concepts.md | https://docs.oracle.com/en/java/javase/21/docs/api/java.base/java/util/stream/package-summary.html	java::core::stream-api
stream_api-extra-026	What confusion should you avoid with `map`?	Do not treat `map` as just a memorized word.	Use it as a practical rule. Ask what it changes in code: compile-time checks, runtime behavior, memory use, ordering, error handling, visibility, API design, or testability. `Map<String, Integer> scores = new HashMap<>();` maps keys to values.	23-stream-api/theory/02-longstream-concepts.md | https://docs.oracle.com/en/java/javase/21/docs/api/java.base/java/util/stream/package-summary.html	java::core::stream-api
stream_api-extra-027	Explain `flatMap` deeply enough for review.	A Map stores key-value pairs and retrieves values by key.	Meaning: A Map stores key-value pairs and retrieves values by key. Why it matters: It matters because choosing the wrong data structure changes correctness, performance, and duplicate-handling behavior. A common confusion is memorizing class names without knowing lookup order, equality rules, or iteration behavior. Example: `Map<String, Integer> scores = new HashMap<>();` maps keys to values.	23-stream-api/theory/02-longstream-concepts.md | https://docs.oracle.com/en/java/javase/21/docs/api/java.base/java/util/stream/package-summary.html	java::core::stream-api
stream_api-extra-028	What confusion should you avoid with `flatMap`?	Do not treat `flatMap` as just a memorized word.	Use it as a practical rule. Ask what it changes in code: compile-time checks, runtime behavior, memory use, ordering, error handling, visibility, API design, or testability. `Map<String, Integer> scores = new HashMap<>();` maps keys to values.	23-stream-api/theory/02-longstream-concepts.md | https://docs.oracle.com/en/java/javase/21/docs/api/java.base/java/util/stream/package-summary.html	java::core::stream-api
stream_api-extra-029	Explain `distinct` deeply enough for review.	distinct is a specific concept in Stream API; learn its Java rule, valid use cases, and failure mode rather than only its name.	Meaning:distinct is a specific concept in Stream API; learn its Java rule, valid use cases, and failure mode rather than only its name. Why it matters: Use it to predict the exact Java rule, the allowed form, and the failure mode. Review it with a tiny example instead of memorizing only the label. Example: When reading code, ask: what does `distinct` change, allow, reject, or clarify?	23-stream-api/theory/02-longstream-concepts.md | https://docs.oracle.com/en/java/javase/21/docs/api/java.base/java/util/stream/package-summary.html	java::core::stream-api
stream_api-extra-030	What confusion should you avoid with `distinct`?	Do not treat `distinct` as just a memorized word.	Use it as a practical rule. Ask what it changes in code: compile-time checks, runtime behavior, memory use, ordering, error handling, visibility, API design, or testability. When reading code, ask: what does `distinct` change, allow, reject, or clarify?	23-stream-api/theory/02-longstream-concepts.md | https://docs.oracle.com/en/java/javase/21/docs/api/java.base/java/util/stream/package-summary.html	java::core::stream-api
stream_api-extra-031	Explain `sorted` deeply enough for review.	sorted is a specific concept in Stream API; learn its Java rule, valid use cases, and failure mode rather than only its name.	Meaning:sorted is a specific concept in Stream API; learn its Java rule, valid use cases, and failure mode rather than only its name. Why it matters: Use it to predict the exact Java rule, the allowed form, and the failure mode. Review it with a tiny example instead of memorizing only the label. Example: When reading code, ask: what does `sorted` change, allow, reject, or clarify?	23-stream-api/theory/02-longstream-concepts.md | https://docs.oracle.com/en/java/javase/21/docs/api/java.base/java/util/stream/package-summary.html	java::core::stream-api
stream_api-extra-032	What confusion should you avoid with `sorted`?	Do not treat `sorted` as just a memorized word.	Use it as a practical rule. Ask what it changes in code: compile-time checks, runtime behavior, memory use, ordering, error handling, visibility, API design, or testability. When reading code, ask: what does `sorted` change, allow, reject, or clarify?	23-stream-api/theory/02-longstream-concepts.md | https://docs.oracle.com/en/java/javase/21/docs/api/java.base/java/util/stream/package-summary.html	java::core::stream-api
stream_api-extra-033	Explain `peek` deeply enough for review.	peek is a specific concept in Stream API; learn its Java rule, valid use cases, and failure mode rather than only its name.	Meaning:peek is a specific concept in Stream API; learn its Java rule, valid use cases, and failure mode rather than only its name. Why it matters: Use it to predict the exact Java rule, the allowed form, and the failure mode. Review it with a tiny example instead of memorizing only the label. Example: When reading code, ask: what does `peek` change, allow, reject, or clarify?	23-stream-api/theory/03-peek-concepts.md | https://docs.oracle.com/en/java/javase/21/docs/api/java.base/java/util/stream/package-summary.html	java::core::stream-api
stream_api-extra-034	What confusion should you avoid with `peek`?	Do not treat `peek` as just a memorized word.	Use it as a practical rule. Ask what it changes in code: compile-time checks, runtime behavior, memory use, ordering, error handling, visibility, API design, or testability. When reading code, ask: what does `peek` change, allow, reject, or clarify?	23-stream-api/theory/03-peek-concepts.md | https://docs.oracle.com/en/java/javase/21/docs/api/java.base/java/util/stream/package-summary.html	java::core::stream-api
stream_api-extra-035	Explain `limit` deeply enough for review.	limit is a specific concept in Stream API; learn its Java rule, valid use cases, and failure mode rather than only its name.	Meaning:limit is a specific concept in Stream API; learn its Java rule, valid use cases, and failure mode rather than only its name. Why it matters: Use it to predict the exact Java rule, the allowed form, and the failure mode. Review it with a tiny example instead of memorizing only the label. Example: When reading code, ask: what does `limit` change, allow, reject, or clarify?	23-stream-api/theory/03-peek-concepts.md | https://docs.oracle.com/en/java/javase/21/docs/api/java.base/java/util/stream/package-summary.html	java::core::stream-api
stream_api-extra-036	What confusion should you avoid with `limit`?	Do not treat `limit` as just a memorized word.	Use it as a practical rule. Ask what it changes in code: compile-time checks, runtime behavior, memory use, ordering, error handling, visibility, API design, or testability. When reading code, ask: what does `limit` change, allow, reject, or clarify?	23-stream-api/theory/03-peek-concepts.md | https://docs.oracle.com/en/java/javase/21/docs/api/java.base/java/util/stream/package-summary.html	java::core::stream-api
stream_api-extra-037	Explain `skip` deeply enough for review.	skip is a specific concept in Stream API; learn its Java rule, valid use cases, and failure mode rather than only its name.	Meaning:skip is a specific concept in Stream API; learn its Java rule, valid use cases, and failure mode rather than only its name. Why it matters: Use it to predict the exact Java rule, the allowed form, and the failure mode. Review it with a tiny example instead of memorizing only the label. Example: When reading code, ask: what does `skip` change, allow, reject, or clarify?	23-stream-api/theory/03-peek-concepts.md | https://docs.oracle.com/en/java/javase/21/docs/api/java.base/java/util/stream/package-summary.html	java::core::stream-api
stream_api-extra-038	What confusion should you avoid with `skip`?	Do not treat `skip` as just a memorized word.	Use it as a practical rule. Ask what it changes in code: compile-time checks, runtime behavior, memory use, ordering, error handling, visibility, API design, or testability. When reading code, ask: what does `skip` change, allow, reject, or clarify?	23-stream-api/theory/03-peek-concepts.md | https://docs.oracle.com/en/java/javase/21/docs/api/java.base/java/util/stream/package-summary.html	java::core::stream-api
stream_api-extra-039	Explain `Terminal operations:` deeply enough for review.	Terminal operations is a group of related rules in Stream API that groups several related details.	Meaning: Terminal operations is a group of related rules in Stream API that groups several related details. Why it matters: Use it to predict the exact Java rule, the allowed form, and the failure mode. Review it with a tiny example instead of memorizing only the label. Example: When reading code, ask: what does `Terminal operations:` change, allow, reject, or clarify?	23-stream-api/theory/03-peek-concepts.md | https://docs.oracle.com/en/java/javase/21/docs/api/java.base/java/util/stream/package-summary.html	java::core::stream-api
stream_api-extra-040	What confusion should you avoid with `Terminal operations:`?	Do not treat `Terminal operations:` as just a memorized word.	Use it as a practical rule. Ask what it changes in code: compile-time checks, runtime behavior, memory use, ordering, error handling, visibility, API design, or testability. When reading code, ask: what does `Terminal operations:` change, allow, reject, or clarify?	23-stream-api/theory/03-peek-concepts.md | https://docs.oracle.com/en/java/javase/21/docs/api/java.base/java/util/stream/package-summary.html	java::core::stream-api
stream_api-extra-041	Explain `forEach` deeply enough for review.	forEach is a specific concept in Stream API; learn its Java rule, valid use cases, and failure mode rather than only its name.	Meaning:forEach is a specific concept in Stream API; learn its Java rule, valid use cases, and failure mode rather than only its name. Why it matters: Use it to predict the exact Java rule, the allowed form, and the failure mode. Review it with a tiny example instead of memorizing only the label. Example: When reading code, ask: what does `forEach` change, allow, reject, or clarify?	23-stream-api/theory/03-peek-concepts.md | https://docs.oracle.com/en/java/javase/21/docs/api/java.base/java/util/stream/package-summary.html	java::core::stream-api
stream_api-extra-042	What confusion should you avoid with `forEach`?	Do not treat `forEach` as just a memorized word.	Use it as a practical rule. Ask what it changes in code: compile-time checks, runtime behavior, memory use, ordering, error handling, visibility, API design, or testability. When reading code, ask: what does `forEach` change, allow, reject, or clarify?	23-stream-api/theory/03-peek-concepts.md | https://docs.oracle.com/en/java/javase/21/docs/api/java.base/java/util/stream/package-summary.html	java::core::stream-api
stream_api-extra-043	Explain `collect` deeply enough for review.	collect is a specific concept in Stream API; learn its Java rule, valid use cases, and failure mode rather than only its name.	Meaning:collect is a specific concept in Stream API; learn its Java rule, valid use cases, and failure mode rather than only its name. Why it matters: Use it to predict the exact Java rule, the allowed form, and the failure mode. Review it with a tiny example instead of memorizing only the label. Example: When reading code, ask: what does `collect` change, allow, reject, or clarify?	23-stream-api/theory/03-peek-concepts.md | https://docs.oracle.com/en/java/javase/21/docs/api/java.base/java/util/stream/package-summary.html	java::core::stream-api
stream_api-extra-044	What confusion should you avoid with `collect`?	Do not treat `collect` as just a memorized word.	Use it as a practical rule. Ask what it changes in code: compile-time checks, runtime behavior, memory use, ordering, error handling, visibility, API design, or testability. When reading code, ask: what does `collect` change, allow, reject, or clarify?	23-stream-api/theory/03-peek-concepts.md | https://docs.oracle.com/en/java/javase/21/docs/api/java.base/java/util/stream/package-summary.html	java::core::stream-api
stream_api-extra-045	Explain `toList` deeply enough for review.	A List is an ordered collection that can contain duplicates and supports positional access.	Meaning: A List is an ordered collection that can contain duplicates and supports positional access. Why it matters: It matters because choosing the wrong data structure changes correctness, performance, and duplicate-handling behavior. A common confusion is memorizing class names without knowing lookup order, equality rules, or iteration behavior. Example: `List<String> names = new ArrayList<>();` stores ordered elements.	23-stream-api/theory/03-peek-concepts.md | https://docs.oracle.com/en/java/javase/21/docs/api/java.base/java/util/stream/package-summary.html	java::core::stream-api
stream_api-extra-046	What confusion should you avoid with `toList`?	Do not treat `toList` as just a memorized word.	Use it as a practical rule. Ask what it changes in code: compile-time checks, runtime behavior, memory use, ordering, error handling, visibility, API design, or testability. `List<String> names = new ArrayList<>();` stores ordered elements.	23-stream-api/theory/03-peek-concepts.md | https://docs.oracle.com/en/java/javase/21/docs/api/java.base/java/util/stream/package-summary.html	java::core::stream-api
stream_api-extra-047	Explain `count` deeply enough for review.	count is a specific concept in Stream API; learn its Java rule, valid use cases, and failure mode rather than only its name.	Meaning:count is a specific concept in Stream API; learn its Java rule, valid use cases, and failure mode rather than only its name. Why it matters: Use it to predict the exact Java rule, the allowed form, and the failure mode. Review it with a tiny example instead of memorizing only the label. Example: When reading code, ask: what does `count` change, allow, reject, or clarify?	23-stream-api/theory/03-peek-concepts.md | https://docs.oracle.com/en/java/javase/21/docs/api/java.base/java/util/stream/package-summary.html	java::core::stream-api
stream_api-extra-048	What confusion should you avoid with `count`?	Do not treat `count` as just a memorized word.	Use it as a practical rule. Ask what it changes in code: compile-time checks, runtime behavior, memory use, ordering, error handling, visibility, API design, or testability. When reading code, ask: what does `count` change, allow, reject, or clarify?	23-stream-api/theory/03-peek-concepts.md | https://docs.oracle.com/en/java/javase/21/docs/api/java.base/java/util/stream/package-summary.html	java::core::stream-api
stream_api-extra-049	Explain `min` deeply enough for review.	min is a specific concept in Stream API; learn its Java rule, valid use cases, and failure mode rather than only its name.	Meaning:min is a specific concept in Stream API; learn its Java rule, valid use cases, and failure mode rather than only its name. Why it matters: Use it to predict the exact Java rule, the allowed form, and the failure mode. Review it with a tiny example instead of memorizing only the label. Example: When reading code, ask: what does `min` change, allow, reject, or clarify?	23-stream-api/theory/04-min-concepts.md | https://docs.oracle.com/en/java/javase/21/docs/api/java.base/java/util/stream/package-summary.html	java::core::stream-api
stream_api-extra-050	What confusion should you avoid with `min`?	Do not treat `min` as just a memorized word.	Use it as a practical rule. Ask what it changes in code: compile-time checks, runtime behavior, memory use, ordering, error handling, visibility, API design, or testability. When reading code, ask: what does `min` change, allow, reject, or clarify?	23-stream-api/theory/04-min-concepts.md | https://docs.oracle.com/en/java/javase/21/docs/api/java.base/java/util/stream/package-summary.html	java::core::stream-api
stream_api-extra-051	Explain `max` deeply enough for review.	max is a specific concept in Stream API; learn its Java rule, valid use cases, and failure mode rather than only its name.	Meaning:max is a specific concept in Stream API; learn its Java rule, valid use cases, and failure mode rather than only its name. Why it matters: Use it to predict the exact Java rule, the allowed form, and the failure mode. Review it with a tiny example instead of memorizing only the label. Example: When reading code, ask: what does `max` change, allow, reject, or clarify?	23-stream-api/theory/04-min-concepts.md | https://docs.oracle.com/en/java/javase/21/docs/api/java.base/java/util/stream/package-summary.html	java::core::stream-api
stream_api-extra-052	What confusion should you avoid with `max`?	Do not treat `max` as just a memorized word.	Use it as a practical rule. Ask what it changes in code: compile-time checks, runtime behavior, memory use, ordering, error handling, visibility, API design, or testability. When reading code, ask: what does `max` change, allow, reject, or clarify?	23-stream-api/theory/04-min-concepts.md | https://docs.oracle.com/en/java/javase/21/docs/api/java.base/java/util/stream/package-summary.html	java::core::stream-api
stream_api-extra-053	Explain `reduce` deeply enough for review.	reduce is a specific concept in Stream API; learn its Java rule, valid use cases, and failure mode rather than only its name.	Meaning:reduce is a specific concept in Stream API; learn its Java rule, valid use cases, and failure mode rather than only its name. Why it matters: Use it to predict the exact Java rule, the allowed form, and the failure mode. Review it with a tiny example instead of memorizing only the label. Example: When reading code, ask: what does `reduce` change, allow, reject, or clarify?	23-stream-api/theory/04-min-concepts.md | https://docs.oracle.com/en/java/javase/21/docs/api/java.base/java/util/stream/package-summary.html	java::core::stream-api
stream_api-extra-054	What confusion should you avoid with `reduce`?	Do not treat `reduce` as just a memorized word.	Use it as a practical rule. Ask what it changes in code: compile-time checks, runtime behavior, memory use, ordering, error handling, visibility, API design, or testability. When reading code, ask: what does `reduce` change, allow, reject, or clarify?	23-stream-api/theory/04-min-concepts.md | https://docs.oracle.com/en/java/javase/21/docs/api/java.base/java/util/stream/package-summary.html	java::core::stream-api
stream_api-extra-055	Explain `anyMatch` deeply enough for review.	anyMatch is a specific concept in Stream API; learn its Java rule, valid use cases, and failure mode rather than only its name.	Meaning:anyMatch is a specific concept in Stream API; learn its Java rule, valid use cases, and failure mode rather than only its name. Why it matters: Use it to predict the exact Java rule, the allowed form, and the failure mode. Review it with a tiny example instead of memorizing only the label. Example: When reading code, ask: what does `anyMatch` change, allow, reject, or clarify?	23-stream-api/theory/04-min-concepts.md | https://docs.oracle.com/en/java/javase/21/docs/api/java.base/java/util/stream/package-summary.html	java::core::stream-api
stream_api-extra-056	What confusion should you avoid with `anyMatch`?	Do not treat `anyMatch` as just a memorized word.	Use it as a practical rule. Ask what it changes in code: compile-time checks, runtime behavior, memory use, ordering, error handling, visibility, API design, or testability. When reading code, ask: what does `anyMatch` change, allow, reject, or clarify?	23-stream-api/theory/04-min-concepts.md | https://docs.oracle.com/en/java/javase/21/docs/api/java.base/java/util/stream/package-summary.html	java::core::stream-api
stream_api-extra-057	Explain `allMatch` deeply enough for review.	allMatch is a specific concept in Stream API; learn its Java rule, valid use cases, and failure mode rather than only its name.	Meaning:allMatch is a specific concept in Stream API; learn its Java rule, valid use cases, and failure mode rather than only its name. Why it matters: Use it to predict the exact Java rule, the allowed form, and the failure mode. Review it with a tiny example instead of memorizing only the label. Example: When reading code, ask: what does `allMatch` change, allow, reject, or clarify?	23-stream-api/theory/04-min-concepts.md | https://docs.oracle.com/en/java/javase/21/docs/api/java.base/java/util/stream/package-summary.html	java::core::stream-api
stream_api-extra-058	What confusion should you avoid with `allMatch`?	Do not treat `allMatch` as just a memorized word.	Use it as a practical rule. Ask what it changes in code: compile-time checks, runtime behavior, memory use, ordering, error handling, visibility, API design, or testability. When reading code, ask: what does `allMatch` change, allow, reject, or clarify?	23-stream-api/theory/04-min-concepts.md | https://docs.oracle.com/en/java/javase/21/docs/api/java.base/java/util/stream/package-summary.html	java::core::stream-api
stream_api-extra-059	Explain `noneMatch` deeply enough for review.	noneMatch is a specific concept in Stream API; learn its Java rule, valid use cases, and failure mode rather than only its name.	Meaning:noneMatch is a specific concept in Stream API; learn its Java rule, valid use cases, and failure mode rather than only its name. Why it matters: Use it to predict the exact Java rule, the allowed form, and the failure mode. Review it with a tiny example instead of memorizing only the label. Example: When reading code, ask: what does `noneMatch` change, allow, reject, or clarify?	23-stream-api/theory/04-min-concepts.md | https://docs.oracle.com/en/java/javase/21/docs/api/java.base/java/util/stream/package-summary.html	java::core::stream-api
stream_api-extra-060	What confusion should you avoid with `noneMatch`?	Do not treat `noneMatch` as just a memorized word.	Use it as a practical rule. Ask what it changes in code: compile-time checks, runtime behavior, memory use, ordering, error handling, visibility, API design, or testability. When reading code, ask: what does `noneMatch` change, allow, reject, or clarify?	23-stream-api/theory/04-min-concepts.md | https://docs.oracle.com/en/java/javase/21/docs/api/java.base/java/util/stream/package-summary.html	java::core::stream-api
stream_api-extra-061	Explain `findFirst` deeply enough for review.	findFirst is a specific concept in Stream API; learn its Java rule, valid use cases, and failure mode rather than only its name.	Meaning:findFirst is a specific concept in Stream API; learn its Java rule, valid use cases, and failure mode rather than only its name. Why it matters: Use it to predict the exact Java rule, the allowed form, and the failure mode. Review it with a tiny example instead of memorizing only the label. Example: When reading code, ask: what does `findFirst` change, allow, reject, or clarify?	23-stream-api/theory/04-min-concepts.md | https://docs.oracle.com/en/java/javase/21/docs/api/java.base/java/util/stream/package-summary.html	java::core::stream-api
stream_api-extra-062	What confusion should you avoid with `findFirst`?	Do not treat `findFirst` as just a memorized word.	Use it as a practical rule. Ask what it changes in code: compile-time checks, runtime behavior, memory use, ordering, error handling, visibility, API design, or testability. When reading code, ask: what does `findFirst` change, allow, reject, or clarify?	23-stream-api/theory/04-min-concepts.md | https://docs.oracle.com/en/java/javase/21/docs/api/java.base/java/util/stream/package-summary.html	java::core::stream-api
stream_api-extra-063	Explain `findAny` deeply enough for review.	findAny is a specific concept in Stream API; learn its Java rule, valid use cases, and failure mode rather than only its name.	Meaning:findAny is a specific concept in Stream API; learn its Java rule, valid use cases, and failure mode rather than only its name. Why it matters: Use it to predict the exact Java rule, the allowed form, and the failure mode. Review it with a tiny example instead of memorizing only the label. Example: When reading code, ask: what does `findAny` change, allow, reject, or clarify?	23-stream-api/theory/04-min-concepts.md | https://docs.oracle.com/en/java/javase/21/docs/api/java.base/java/util/stream/package-summary.html	java::core::stream-api
stream_api-extra-064	What confusion should you avoid with `findAny`?	Do not treat `findAny` as just a memorized word.	Use it as a practical rule. Ask what it changes in code: compile-time checks, runtime behavior, memory use, ordering, error handling, visibility, API design, or testability. When reading code, ask: what does `findAny` change, allow, reject, or clarify?	23-stream-api/theory/04-min-concepts.md | https://docs.oracle.com/en/java/javase/21/docs/api/java.base/java/util/stream/package-summary.html	java::core::stream-api
stream_api-extra-065	Explain `Lazy evaluation` deeply enough for review.	Lazy evaluation is a specific concept in Stream API; learn its Java rule, valid use cases, and failure mode rather than only its name.	Meaning:Lazy evaluation is a specific concept in Stream API; learn its Java rule, valid use cases, and failure mode rather than only its name. Why it matters: Use it to predict the exact Java rule, the allowed form, and the failure mode. Review it with a tiny example instead of memorizing only the label. Example: When reading code, ask: what does `Lazy evaluation` change, allow, reject, or clarify?	23-stream-api/theory/05-lazy-evaluation-concepts.md | https://docs.oracle.com/en/java/javase/21/docs/api/java.base/java/util/stream/package-summary.html	java::core::stream-api
stream_api-extra-066	What confusion should you avoid with `Lazy evaluation`?	Do not treat `Lazy evaluation` as just a memorized word.	Use it as a practical rule. Ask what it changes in code: compile-time checks, runtime behavior, memory use, ordering, error handling, visibility, API design, or testability. When reading code, ask: what does `Lazy evaluation` change, allow, reject, or clarify?	23-stream-api/theory/05-lazy-evaluation-concepts.md | https://docs.oracle.com/en/java/javase/21/docs/api/java.base/java/util/stream/package-summary.html	java::core::stream-api
stream_api-extra-067	Explain `Short-circuiting` deeply enough for review.	Short-circuiting is a specific concept in Stream API; learn its Java rule, valid use cases, and failure mode rather than only its name.	Meaning:Short-circuiting is a specific concept in Stream API; learn its Java rule, valid use cases, and failure mode rather than only its name. Why it matters: Use it to predict the exact Java rule, the allowed form, and the failure mode. Review it with a tiny example instead of memorizing only the label. Example: When reading code, ask: what does `Short-circuiting` change, allow, reject, or clarify?	23-stream-api/theory/05-lazy-evaluation-concepts.md | https://docs.oracle.com/en/java/javase/21/docs/api/java.base/java/util/stream/package-summary.html	java::core::stream-api
stream_api-extra-068	What confusion should you avoid with `Short-circuiting`?	Do not treat `Short-circuiting` as just a memorized word.	Use it as a practical rule. Ask what it changes in code: compile-time checks, runtime behavior, memory use, ordering, error handling, visibility, API design, or testability. When reading code, ask: what does `Short-circuiting` change, allow, reject, or clarify?	23-stream-api/theory/05-lazy-evaluation-concepts.md | https://docs.oracle.com/en/java/javase/21/docs/api/java.base/java/util/stream/package-summary.html	java::core::stream-api
stream_api-extra-069	Explain `Parallel stream` deeply enough for review.	A Stream is a pipeline for processing elements through lazy operations.	Meaning: A Stream is a pipeline for processing elements through lazy operations. Why it matters: It matters because modern Java APIs use function-style pipelines heavily. A common confusion is forgetting which operations are lazy and which operation actually triggers execution. Example: When reading code, ask: what does `Parallel stream` change, allow, reject, or clarify?	23-stream-api/theory/05-lazy-evaluation-concepts.md | https://docs.oracle.com/en/java/javase/21/docs/api/java.base/java/util/stream/package-summary.html	java::core::stream-api
stream_api-extra-070	What confusion should you avoid with `Parallel stream`?	Do not treat `Parallel stream` as just a memorized word.	Use it as a practical rule. Ask what it changes in code: compile-time checks, runtime behavior, memory use, ordering, error handling, visibility, API design, or testability. When reading code, ask: what does `Parallel stream` change, allow, reject, or clarify?	23-stream-api/theory/05-lazy-evaluation-concepts.md | https://docs.oracle.com/en/java/javase/21/docs/api/java.base/java/util/stream/package-summary.html	java::core::stream-api
stream_api-extra-071	Explain `Collectors:` deeply enough for review.	Collectors is a group of related rules in Stream API that groups several related details.	Meaning: Collectors is a group of related rules in Stream API that groups several related details. Why it matters: Use it to predict the exact Java rule, the allowed form, and the failure mode. Review it with a tiny example instead of memorizing only the label. Example: When reading code, ask: what does `Collectors:` change, allow, reject, or clarify?	23-stream-api/theory/05-lazy-evaluation-concepts.md | https://docs.oracle.com/en/java/javase/21/docs/api/java.base/java/util/stream/package-summary.html	java::core::stream-api
stream_api-extra-072	What confusion should you avoid with `Collectors:`?	Do not treat `Collectors:` as just a memorized word.	Use it as a practical rule. Ask what it changes in code: compile-time checks, runtime behavior, memory use, ordering, error handling, visibility, API design, or testability. When reading code, ask: what does `Collectors:` change, allow, reject, or clarify?	23-stream-api/theory/05-lazy-evaluation-concepts.md | https://docs.oracle.com/en/java/javase/21/docs/api/java.base/java/util/stream/package-summary.html	java::core::stream-api
stream_api-extra-073	Explain `toSet` deeply enough for review.	A Set is a collection that rejects duplicates according to equality rules.	Meaning: A Set is a collection that rejects duplicates according to equality rules. Why it matters: It matters because choosing the wrong data structure changes correctness, performance, and duplicate-handling behavior. A common confusion is memorizing class names without knowing lookup order, equality rules, or iteration behavior. Example: When reading code, ask: what does `toSet` change, allow, reject, or clarify?	23-stream-api/theory/05-lazy-evaluation-concepts.md | https://docs.oracle.com/en/java/javase/21/docs/api/java.base/java/util/stream/package-summary.html	java::core::stream-api
stream_api-extra-074	What confusion should you avoid with `toSet`?	Do not treat `toSet` as just a memorized word.	Use it as a practical rule. Ask what it changes in code: compile-time checks, runtime behavior, memory use, ordering, error handling, visibility, API design, or testability. When reading code, ask: what does `toSet` change, allow, reject, or clarify?	23-stream-api/theory/05-lazy-evaluation-concepts.md | https://docs.oracle.com/en/java/javase/21/docs/api/java.base/java/util/stream/package-summary.html	java::core::stream-api
stream_api-extra-075	Explain `toMap` deeply enough for review.	A Map stores key-value pairs and retrieves values by key.	Meaning: A Map stores key-value pairs and retrieves values by key. Why it matters: It matters because choosing the wrong data structure changes correctness, performance, and duplicate-handling behavior. A common confusion is memorizing class names without knowing lookup order, equality rules, or iteration behavior. Example: `Map<String, Integer> scores = new HashMap<>();` maps keys to values.	23-stream-api/theory/05-lazy-evaluation-concepts.md | https://docs.oracle.com/en/java/javase/21/docs/api/java.base/java/util/stream/package-summary.html	java::core::stream-api
stream_api-extra-076	What confusion should you avoid with `toMap`?	Do not treat `toMap` as just a memorized word.	Use it as a practical rule. Ask what it changes in code: compile-time checks, runtime behavior, memory use, ordering, error handling, visibility, API design, or testability. `Map<String, Integer> scores = new HashMap<>();` maps keys to values.	23-stream-api/theory/05-lazy-evaluation-concepts.md | https://docs.oracle.com/en/java/javase/21/docs/api/java.base/java/util/stream/package-summary.html	java::core::stream-api
stream_api-extra-077	Explain `joining` deeply enough for review.	joining is a specific concept in Stream API; learn its Java rule, valid use cases, and failure mode rather than only its name.	Meaning:joining is a specific concept in Stream API; learn its Java rule, valid use cases, and failure mode rather than only its name. Why it matters: Use it to predict the exact Java rule, the allowed form, and the failure mode. Review it with a tiny example instead of memorizing only the label. Example: When reading code, ask: what does `joining` change, allow, reject, or clarify?	23-stream-api/theory/05-lazy-evaluation-concepts.md | https://docs.oracle.com/en/java/javase/21/docs/api/java.base/java/util/stream/package-summary.html	java::core::stream-api
stream_api-extra-078	What confusion should you avoid with `joining`?	Do not treat `joining` as just a memorized word.	Use it as a practical rule. Ask what it changes in code: compile-time checks, runtime behavior, memory use, ordering, error handling, visibility, API design, or testability. When reading code, ask: what does `joining` change, allow, reject, or clarify?	23-stream-api/theory/05-lazy-evaluation-concepts.md | https://docs.oracle.com/en/java/javase/21/docs/api/java.base/java/util/stream/package-summary.html	java::core::stream-api
stream_api-extra-079	Explain `groupingBy` deeply enough for review.	groupingBy is a specific concept in Stream API; learn its Java rule, valid use cases, and failure mode rather than only its name.	Meaning:groupingBy is a specific concept in Stream API; learn its Java rule, valid use cases, and failure mode rather than only its name. Why it matters: Use it to predict the exact Java rule, the allowed form, and the failure mode. Review it with a tiny example instead of memorizing only the label. Example: When reading code, ask: what does `groupingBy` change, allow, reject, or clarify?	23-stream-api/theory/05-lazy-evaluation-concepts.md | https://docs.oracle.com/en/java/javase/21/docs/api/java.base/java/util/stream/package-summary.html	java::core::stream-api
stream_api-extra-080	What confusion should you avoid with `groupingBy`?	Do not treat `groupingBy` as just a memorized word.	Use it as a practical rule. Ask what it changes in code: compile-time checks, runtime behavior, memory use, ordering, error handling, visibility, API design, or testability. When reading code, ask: what does `groupingBy` change, allow, reject, or clarify?	23-stream-api/theory/05-lazy-evaluation-concepts.md | https://docs.oracle.com/en/java/javase/21/docs/api/java.base/java/util/stream/package-summary.html	java::core::stream-api
stream_api-extra-081	Explain `partitioningBy` deeply enough for review.	partitioningBy is a specific concept in Stream API; learn its Java rule, valid use cases, and failure mode rather than only its name.	Meaning:partitioningBy is a specific concept in Stream API; learn its Java rule, valid use cases, and failure mode rather than only its name. Why it matters: Use it to predict the exact Java rule, the allowed form, and the failure mode. Review it with a tiny example instead of memorizing only the label. Example: When reading code, ask: what does `partitioningBy` change, allow, reject, or clarify?	23-stream-api/theory/06-partitioningby-concepts.md | https://docs.oracle.com/en/java/javase/21/docs/api/java.base/java/util/stream/package-summary.html	java::core::stream-api
stream_api-extra-082	What confusion should you avoid with `partitioningBy`?	Do not treat `partitioningBy` as just a memorized word.	Use it as a practical rule. Ask what it changes in code: compile-time checks, runtime behavior, memory use, ordering, error handling, visibility, API design, or testability. When reading code, ask: what does `partitioningBy` change, allow, reject, or clarify?	23-stream-api/theory/06-partitioningby-concepts.md | https://docs.oracle.com/en/java/javase/21/docs/api/java.base/java/util/stream/package-summary.html	java::core::stream-api
stream_api-extra-083	Explain `counting` deeply enough for review.	counting is a specific concept in Stream API; learn its Java rule, valid use cases, and failure mode rather than only its name.	Meaning:counting is a specific concept in Stream API; learn its Java rule, valid use cases, and failure mode rather than only its name. Why it matters: Use it to predict the exact Java rule, the allowed form, and the failure mode. Review it with a tiny example instead of memorizing only the label. Example: When reading code, ask: what does `counting` change, allow, reject, or clarify?	23-stream-api/theory/06-partitioningby-concepts.md | https://docs.oracle.com/en/java/javase/21/docs/api/java.base/java/util/stream/package-summary.html	java::core::stream-api
stream_api-extra-084	What confusion should you avoid with `counting`?	Do not treat `counting` as just a memorized word.	Use it as a practical rule. Ask what it changes in code: compile-time checks, runtime behavior, memory use, ordering, error handling, visibility, API design, or testability. When reading code, ask: what does `counting` change, allow, reject, or clarify?	23-stream-api/theory/06-partitioningby-concepts.md | https://docs.oracle.com/en/java/javase/21/docs/api/java.base/java/util/stream/package-summary.html	java::core::stream-api
stream_api-extra-085	Explain `summarizingInt` deeply enough for review.	summarizingInt is a specific concept in Stream API; learn its Java rule, valid use cases, and failure mode rather than only its name.	Meaning:summarizingInt is a specific concept in Stream API; learn its Java rule, valid use cases, and failure mode rather than only its name. Why it matters: Use it to predict the exact Java rule, the allowed form, and the failure mode. Review it with a tiny example instead of memorizing only the label. Example: When reading code, ask: what does `summarizingInt` change, allow, reject, or clarify?	23-stream-api/theory/06-partitioningby-concepts.md | https://docs.oracle.com/en/java/javase/21/docs/api/java.base/java/util/stream/package-summary.html	java::core::stream-api
stream_api-extra-086	What confusion should you avoid with `summarizingInt`?	Do not treat `summarizingInt` as just a memorized word.	Use it as a practical rule. Ask what it changes in code: compile-time checks, runtime behavior, memory use, ordering, error handling, visibility, API design, or testability. When reading code, ask: what does `summarizingInt` change, allow, reject, or clarify?	23-stream-api/theory/06-partitioningby-concepts.md | https://docs.oracle.com/en/java/javase/21/docs/api/java.base/java/util/stream/package-summary.html	java::core::stream-api
stream_api-extra-087	Explain `mapping` deeply enough for review.	A Map stores key-value pairs and retrieves values by key.	Meaning: A Map stores key-value pairs and retrieves values by key. Why it matters: It matters because choosing the wrong data structure changes correctness, performance, and duplicate-handling behavior. A common confusion is memorizing class names without knowing lookup order, equality rules, or iteration behavior. Example: `Map<String, Integer> scores = new HashMap<>();` maps keys to values.	23-stream-api/theory/06-partitioningby-concepts.md | https://docs.oracle.com/en/java/javase/21/docs/api/java.base/java/util/stream/package-summary.html	java::core::stream-api
stream_api-extra-088	What confusion should you avoid with `mapping`?	Do not treat `mapping` as just a memorized word.	Use it as a practical rule. Ask what it changes in code: compile-time checks, runtime behavior, memory use, ordering, error handling, visibility, API design, or testability. `Map<String, Integer> scores = new HashMap<>();` maps keys to values.	23-stream-api/theory/06-partitioningby-concepts.md | https://docs.oracle.com/en/java/javase/21/docs/api/java.base/java/util/stream/package-summary.html	java::core::stream-api
stream_api-extra-089	Explain `reducing` deeply enough for review.	reducing is a specific concept in Stream API; learn its Java rule, valid use cases, and failure mode rather than only its name.	Meaning:reducing is a specific concept in Stream API; learn its Java rule, valid use cases, and failure mode rather than only its name. Why it matters: Use it to predict the exact Java rule, the allowed form, and the failure mode. Review it with a tiny example instead of memorizing only the label. Example: When reading code, ask: what does `reducing` change, allow, reject, or clarify?	23-stream-api/theory/06-partitioningby-concepts.md | https://docs.oracle.com/en/java/javase/21/docs/api/java.base/java/util/stream/package-summary.html	java::core::stream-api
stream_api-extra-090	What confusion should you avoid with `reducing`?	Do not treat `reducing` as just a memorized word.	Use it as a practical rule. Ask what it changes in code: compile-time checks, runtime behavior, memory use, ordering, error handling, visibility, API design, or testability. When reading code, ask: what does `reducing` change, allow, reject, or clarify?	23-stream-api/theory/06-partitioningby-concepts.md | https://docs.oracle.com/en/java/javase/21/docs/api/java.base/java/util/stream/package-summary.html	java::core::stream-api
stream-api-aug-extra-001	What should you understand deeply about `What is Stream?`?	A Stream is a pipeline for processing elements through lazy operations.	Review it as a rule you can apply, not just a term. Ask what code it allows, rejects, or makes easier to reason about. Then connect it to one realistic Java mistake. Source: /home/fhu_thjen/projects/learning-java/23-stream-api/theory/01-what-is-stream-concepts.md	/home/fhu_thjen/projects/learning-java/23-stream-api/theory/01-what-is-stream-concepts.md | https://docs.oracle.com/en/java/javase/21/docs/api/java.base/java/util/stream/package-summary.html	java::core::stream_api
stream-api-aug-extra-002	What should you understand deeply about `Stream vs Collection`?	A collection is an object that groups multiple elements under a common API.	Review it as a rule you can apply, not just a term. Ask what code it allows, rejects, or makes easier to reason about. Then connect it to one realistic Java mistake. Source: /home/fhu_thjen/projects/learning-java/23-stream-api/theory/01-what-is-stream-concepts.md	/home/fhu_thjen/projects/learning-java/23-stream-api/theory/01-what-is-stream-concepts.md | https://docs.oracle.com/en/java/javase/21/docs/api/java.base/java/util/stream/package-summary.html	java::core::stream_api
stream-api-aug-extra-003	What should you understand deeply about `Create Stream:`?	A Stream is a pipeline for processing elements through lazy operations.	Review it as a rule you can apply, not just a term. Ask what code it allows, rejects, or makes easier to reason about. Then connect it to one realistic Java mistake. Source: /home/fhu_thjen/projects/learning-java/23-stream-api/theory/01-what-is-stream-concepts.md	/home/fhu_thjen/projects/learning-java/23-stream-api/theory/01-what-is-stream-concepts.md | https://docs.oracle.com/en/java/javase/21/docs/api/java.base/java/util/stream/package-summary.html	java::core::stream_api
stream-api-aug-extra-004	What should you understand deeply about `from List`?	A List is an ordered collection that can contain duplicates and supports positional access.	Review it as a rule you can apply, not just a term. Ask what code it allows, rejects, or makes easier to reason about. Then connect it to one realistic Java mistake. Source: /home/fhu_thjen/projects/learning-java/23-stream-api/theory/01-what-is-stream-concepts.md	/home/fhu_thjen/projects/learning-java/23-stream-api/theory/01-what-is-stream-concepts.md | https://docs.oracle.com/en/java/javase/21/docs/api/java.base/java/util/stream/package-summary.html	java::core::stream_api
stream-api-aug-extra-005	What should you understand deeply about `from Array`?	Tiny example or mental model:	Review it as a rule you can apply, not just a term. Ask what code it allows, rejects, or makes easier to reason about. Then connect it to one realistic Java mistake. Source: /home/fhu_thjen/projects/learning-java/23-stream-api/theory/01-what-is-stream-concepts.md	/home/fhu_thjen/projects/learning-java/23-stream-api/theory/01-what-is-stream-concepts.md | https://docs.oracle.com/en/java/javase/21/docs/api/java.base/java/util/stream/package-summary.html	java::core::stream_api
stream-api-aug-extra-006	What should you understand deeply about `from Map`?	A Map stores key-value pairs and retrieves values by key.	Review it as a rule you can apply, not just a term. Ask what code it allows, rejects, or makes easier to reason about. Then connect it to one realistic Java mistake. Source: /home/fhu_thjen/projects/learning-java/23-stream-api/theory/01-what-is-stream-concepts.md	/home/fhu_thjen/projects/learning-java/23-stream-api/theory/01-what-is-stream-concepts.md | https://docs.oracle.com/en/java/javase/21/docs/api/java.base/java/util/stream/package-summary.html	java::core::stream_api
stream-api-aug-extra-007	What should you understand deeply about `Stream.of`?	A Stream is a pipeline for processing elements through lazy operations.	Review it as a rule you can apply, not just a term. Ask what code it allows, rejects, or makes easier to reason about. Then connect it to one realistic Java mistake. Source: /home/fhu_thjen/projects/learning-java/23-stream-api/theory/01-what-is-stream-concepts.md	/home/fhu_thjen/projects/learning-java/23-stream-api/theory/01-what-is-stream-concepts.md | https://docs.oracle.com/en/java/javase/21/docs/api/java.base/java/util/stream/package-summary.html	java::core::stream_api
stream-api-aug-extra-008	What should you understand deeply about `IntStream`?	A Stream is a pipeline for processing elements through lazy operations.	Review it as a rule you can apply, not just a term. Ask what code it allows, rejects, or makes easier to reason about. Then connect it to one realistic Java mistake. Source: /home/fhu_thjen/projects/learning-java/23-stream-api/theory/01-what-is-stream-concepts.md	/home/fhu_thjen/projects/learning-java/23-stream-api/theory/01-what-is-stream-concepts.md | https://docs.oracle.com/en/java/javase/21/docs/api/java.base/java/util/stream/package-summary.html	java::core::stream_api
stream-api-aug-extra-009	What should you understand deeply about `LongStream`?	A Stream is a pipeline for processing elements through lazy operations.	Review it as a rule you can apply, not just a term. Ask what code it allows, rejects, or makes easier to reason about. Then connect it to one realistic Java mistake. Source: /home/fhu_thjen/projects/learning-java/23-stream-api/theory/02-longstream-concepts.md	/home/fhu_thjen/projects/learning-java/23-stream-api/theory/02-longstream-concepts.md | https://docs.oracle.com/en/java/javase/21/docs/api/java.base/java/util/stream/package-summary.html	java::core::stream_api
stream-api-aug-extra-010	What should you understand deeply about `DoubleStream`?	A Stream is a pipeline for processing elements through lazy operations.	Review it as a rule you can apply, not just a term. Ask what code it allows, rejects, or makes easier to reason about. Then connect it to one realistic Java mistake. Source: /home/fhu_thjen/projects/learning-java/23-stream-api/theory/02-longstream-concepts.md	/home/fhu_thjen/projects/learning-java/23-stream-api/theory/02-longstream-concepts.md | https://docs.oracle.com/en/java/javase/21/docs/api/java.base/java/util/stream/package-summary.html	java::core::stream_api
stream-api-aug-extra-011	What should you understand deeply about `Intermediate operations:`?	Tiny example or mental model:	Review it as a rule you can apply, not just a term. Ask what code it allows, rejects, or makes easier to reason about. Then connect it to one realistic Java mistake. Source: /home/fhu_thjen/projects/learning-java/23-stream-api/theory/02-longstream-concepts.md	/home/fhu_thjen/projects/learning-java/23-stream-api/theory/02-longstream-concepts.md | https://docs.oracle.com/en/java/javase/21/docs/api/java.base/java/util/stream/package-summary.html	java::core::stream_api
stream-api-aug-extra-012	What should you understand deeply about `filter`?	Tiny example or mental model:	Review it as a rule you can apply, not just a term. Ask what code it allows, rejects, or makes easier to reason about. Then connect it to one realistic Java mistake. Source: /home/fhu_thjen/projects/learning-java/23-stream-api/theory/02-longstream-concepts.md	/home/fhu_thjen/projects/learning-java/23-stream-api/theory/02-longstream-concepts.md | https://docs.oracle.com/en/java/javase/21/docs/api/java.base/java/util/stream/package-summary.html	java::core::stream_api
stream-api-aug-extra-013	What should you understand deeply about `map`?	A Map stores key-value pairs and retrieves values by key.	Review it as a rule you can apply, not just a term. Ask what code it allows, rejects, or makes easier to reason about. Then connect it to one realistic Java mistake. Source: /home/fhu_thjen/projects/learning-java/23-stream-api/theory/02-longstream-concepts.md	/home/fhu_thjen/projects/learning-java/23-stream-api/theory/02-longstream-concepts.md | https://docs.oracle.com/en/java/javase/21/docs/api/java.base/java/util/stream/package-summary.html	java::core::stream_api
stream-api-aug-extra-014	What should you understand deeply about `flatMap`?	A Map stores key-value pairs and retrieves values by key.	Review it as a rule you can apply, not just a term. Ask what code it allows, rejects, or makes easier to reason about. Then connect it to one realistic Java mistake. Source: /home/fhu_thjen/projects/learning-java/23-stream-api/theory/02-longstream-concepts.md	/home/fhu_thjen/projects/learning-java/23-stream-api/theory/02-longstream-concepts.md | https://docs.oracle.com/en/java/javase/21/docs/api/java.base/java/util/stream/package-summary.html	java::core::stream_api
stream-api-aug-extra-015	What should you understand deeply about `distinct`?	Tiny example or mental model:	Review it as a rule you can apply, not just a term. Ask what code it allows, rejects, or makes easier to reason about. Then connect it to one realistic Java mistake. Source: /home/fhu_thjen/projects/learning-java/23-stream-api/theory/02-longstream-concepts.md	/home/fhu_thjen/projects/learning-java/23-stream-api/theory/02-longstream-concepts.md | https://docs.oracle.com/en/java/javase/21/docs/api/java.base/java/util/stream/package-summary.html	java::core::stream_api
stream-api-aug-extra-016	What should you understand deeply about `sorted`?	Tiny example or mental model:	Review it as a rule you can apply, not just a term. Ask what code it allows, rejects, or makes easier to reason about. Then connect it to one realistic Java mistake. Source: /home/fhu_thjen/projects/learning-java/23-stream-api/theory/02-longstream-concepts.md	/home/fhu_thjen/projects/learning-java/23-stream-api/theory/02-longstream-concepts.md | https://docs.oracle.com/en/java/javase/21/docs/api/java.base/java/util/stream/package-summary.html	java::core::stream_api
stream-api-aug-extra-017	What should you understand deeply about `peek`?	Tiny example or mental model:	Review it as a rule you can apply, not just a term. Ask what code it allows, rejects, or makes easier to reason about. Then connect it to one realistic Java mistake. Source: /home/fhu_thjen/projects/learning-java/23-stream-api/theory/03-peek-concepts.md	/home/fhu_thjen/projects/learning-java/23-stream-api/theory/03-peek-concepts.md | https://docs.oracle.com/en/java/javase/21/docs/api/java.base/java/util/stream/package-summary.html	java::core::stream_api
stream-api-aug-extra-018	What should you understand deeply about `limit`?	Tiny example or mental model:	Review it as a rule you can apply, not just a term. Ask what code it allows, rejects, or makes easier to reason about. Then connect it to one realistic Java mistake. Source: /home/fhu_thjen/projects/learning-java/23-stream-api/theory/03-peek-concepts.md	/home/fhu_thjen/projects/learning-java/23-stream-api/theory/03-peek-concepts.md | https://docs.oracle.com/en/java/javase/21/docs/api/java.base/java/util/stream/package-summary.html	java::core::stream_api
stream-api-aug-extra-019	What should you understand deeply about `skip`?	Tiny example or mental model:	Review it as a rule you can apply, not just a term. Ask what code it allows, rejects, or makes easier to reason about. Then connect it to one realistic Java mistake. Source: /home/fhu_thjen/projects/learning-java/23-stream-api/theory/03-peek-concepts.md	/home/fhu_thjen/projects/learning-java/23-stream-api/theory/03-peek-concepts.md | https://docs.oracle.com/en/java/javase/21/docs/api/java.base/java/util/stream/package-summary.html	java::core::stream_api
stream-api-aug-extra-020	What should you understand deeply about `Terminal operations:`?	Tiny example or mental model:	Review it as a rule you can apply, not just a term. Ask what code it allows, rejects, or makes easier to reason about. Then connect it to one realistic Java mistake. Source: /home/fhu_thjen/projects/learning-java/23-stream-api/theory/03-peek-concepts.md	/home/fhu_thjen/projects/learning-java/23-stream-api/theory/03-peek-concepts.md | https://docs.oracle.com/en/java/javase/21/docs/api/java.base/java/util/stream/package-summary.html	java::core::stream_api
stream-api-aug-extra-021	What should you understand deeply about `forEach`?	Tiny example or mental model:	Review it as a rule you can apply, not just a term. Ask what code it allows, rejects, or makes easier to reason about. Then connect it to one realistic Java mistake. Source: /home/fhu_thjen/projects/learning-java/23-stream-api/theory/03-peek-concepts.md	/home/fhu_thjen/projects/learning-java/23-stream-api/theory/03-peek-concepts.md | https://docs.oracle.com/en/java/javase/21/docs/api/java.base/java/util/stream/package-summary.html	java::core::stream_api
stream-api-aug-extra-022	What should you understand deeply about `collect`?	Tiny example or mental model:	Review it as a rule you can apply, not just a term. Ask what code it allows, rejects, or makes easier to reason about. Then connect it to one realistic Java mistake. Source: /home/fhu_thjen/projects/learning-java/23-stream-api/theory/03-peek-concepts.md	/home/fhu_thjen/projects/learning-java/23-stream-api/theory/03-peek-concepts.md | https://docs.oracle.com/en/java/javase/21/docs/api/java.base/java/util/stream/package-summary.html	java::core::stream_api
stream-api-aug-extra-023	What should you understand deeply about `toList`?	A List is an ordered collection that can contain duplicates and supports positional access.	Review it as a rule you can apply, not just a term. Ask what code it allows, rejects, or makes easier to reason about. Then connect it to one realistic Java mistake. Source: /home/fhu_thjen/projects/learning-java/23-stream-api/theory/03-peek-concepts.md	/home/fhu_thjen/projects/learning-java/23-stream-api/theory/03-peek-concepts.md | https://docs.oracle.com/en/java/javase/21/docs/api/java.base/java/util/stream/package-summary.html	java::core::stream_api
stream-api-aug-extra-024	What should you understand deeply about `count`?	Tiny example or mental model:	Review it as a rule you can apply, not just a term. Ask what code it allows, rejects, or makes easier to reason about. Then connect it to one realistic Java mistake. Source: /home/fhu_thjen/projects/learning-java/23-stream-api/theory/03-peek-concepts.md	/home/fhu_thjen/projects/learning-java/23-stream-api/theory/03-peek-concepts.md | https://docs.oracle.com/en/java/javase/21/docs/api/java.base/java/util/stream/package-summary.html	java::core::stream_api
stream-api-aug-extra-025	What should you understand deeply about `min`?	Tiny example or mental model:	Review it as a rule you can apply, not just a term. Ask what code it allows, rejects, or makes easier to reason about. Then connect it to one realistic Java mistake. Source: /home/fhu_thjen/projects/learning-java/23-stream-api/theory/04-min-concepts.md	/home/fhu_thjen/projects/learning-java/23-stream-api/theory/04-min-concepts.md | https://docs.oracle.com/en/java/javase/21/docs/api/java.base/java/util/stream/package-summary.html	java::core::stream_api
stream-api-aug-extra-026	What should you understand deeply about `max`?	Tiny example or mental model:	Review it as a rule you can apply, not just a term. Ask what code it allows, rejects, or makes easier to reason about. Then connect it to one realistic Java mistake. Source: /home/fhu_thjen/projects/learning-java/23-stream-api/theory/04-min-concepts.md	/home/fhu_thjen/projects/learning-java/23-stream-api/theory/04-min-concepts.md | https://docs.oracle.com/en/java/javase/21/docs/api/java.base/java/util/stream/package-summary.html	java::core::stream_api
stream-api-aug-extra-027	What should you understand deeply about `reduce`?	Tiny example or mental model:	Review it as a rule you can apply, not just a term. Ask what code it allows, rejects, or makes easier to reason about. Then connect it to one realistic Java mistake. Source: /home/fhu_thjen/projects/learning-java/23-stream-api/theory/04-min-concepts.md	/home/fhu_thjen/projects/learning-java/23-stream-api/theory/04-min-concepts.md | https://docs.oracle.com/en/java/javase/21/docs/api/java.base/java/util/stream/package-summary.html	java::core::stream_api
stream-api-aug-extra-028	What should you understand deeply about `anyMatch`?	Tiny example or mental model:	Review it as a rule you can apply, not just a term. Ask what code it allows, rejects, or makes easier to reason about. Then connect it to one realistic Java mistake. Source: /home/fhu_thjen/projects/learning-java/23-stream-api/theory/04-min-concepts.md	/home/fhu_thjen/projects/learning-java/23-stream-api/theory/04-min-concepts.md | https://docs.oracle.com/en/java/javase/21/docs/api/java.base/java/util/stream/package-summary.html	java::core::stream_api
stream-api-aug-extra-029	What should you understand deeply about `allMatch`?	Tiny example or mental model:	Review it as a rule you can apply, not just a term. Ask what code it allows, rejects, or makes easier to reason about. Then connect it to one realistic Java mistake. Source: /home/fhu_thjen/projects/learning-java/23-stream-api/theory/04-min-concepts.md	/home/fhu_thjen/projects/learning-java/23-stream-api/theory/04-min-concepts.md | https://docs.oracle.com/en/java/javase/21/docs/api/java.base/java/util/stream/package-summary.html	java::core::stream_api
stream-api-aug-extra-030	What should you understand deeply about `noneMatch`?	Tiny example or mental model:	Review it as a rule you can apply, not just a term. Ask what code it allows, rejects, or makes easier to reason about. Then connect it to one realistic Java mistake. Source: /home/fhu_thjen/projects/learning-java/23-stream-api/theory/04-min-concepts.md	/home/fhu_thjen/projects/learning-java/23-stream-api/theory/04-min-concepts.md | https://docs.oracle.com/en/java/javase/21/docs/api/java.base/java/util/stream/package-summary.html	java::core::stream_api
stream-api-aug-extra-031	What should you understand deeply about `findFirst`?	Tiny example or mental model:	Review it as a rule you can apply, not just a term. Ask what code it allows, rejects, or makes easier to reason about. Then connect it to one realistic Java mistake. Source: /home/fhu_thjen/projects/learning-java/23-stream-api/theory/04-min-concepts.md	/home/fhu_thjen/projects/learning-java/23-stream-api/theory/04-min-concepts.md | https://docs.oracle.com/en/java/javase/21/docs/api/java.base/java/util/stream/package-summary.html	java::core::stream_api
stream-api-aug-extra-032	What should you understand deeply about `findAny`?	Tiny example or mental model:	Review it as a rule you can apply, not just a term. Ask what code it allows, rejects, or makes easier to reason about. Then connect it to one realistic Java mistake. Source: /home/fhu_thjen/projects/learning-java/23-stream-api/theory/04-min-concepts.md	/home/fhu_thjen/projects/learning-java/23-stream-api/theory/04-min-concepts.md | https://docs.oracle.com/en/java/javase/21/docs/api/java.base/java/util/stream/package-summary.html	java::core::stream_api
stream-api-aug-extra-033	What should you understand deeply about `Lazy evaluation`?	Tiny example or mental model:	Review it as a rule you can apply, not just a term. Ask what code it allows, rejects, or makes easier to reason about. Then connect it to one realistic Java mistake. Source: /home/fhu_thjen/projects/learning-java/23-stream-api/theory/05-lazy-evaluation-concepts.md	/home/fhu_thjen/projects/learning-java/23-stream-api/theory/05-lazy-evaluation-concepts.md | https://docs.oracle.com/en/java/javase/21/docs/api/java.base/java/util/stream/package-summary.html	java::core::stream_api
stream-api-aug-extra-034	What should you understand deeply about `Short-circuiting`?	Tiny example or mental model:	Review it as a rule you can apply, not just a term. Ask what code it allows, rejects, or makes easier to reason about. Then connect it to one realistic Java mistake. Source: /home/fhu_thjen/projects/learning-java/23-stream-api/theory/05-lazy-evaluation-concepts.md	/home/fhu_thjen/projects/learning-java/23-stream-api/theory/05-lazy-evaluation-concepts.md | https://docs.oracle.com/en/java/javase/21/docs/api/java.base/java/util/stream/package-summary.html	java::core::stream_api
stream-api-aug-extra-035	What should you understand deeply about `Parallel stream`?	A Stream is a pipeline for processing elements through lazy operations.	Review it as a rule you can apply, not just a term. Ask what code it allows, rejects, or makes easier to reason about. Then connect it to one realistic Java mistake. Source: /home/fhu_thjen/projects/learning-java/23-stream-api/theory/05-lazy-evaluation-concepts.md	/home/fhu_thjen/projects/learning-java/23-stream-api/theory/05-lazy-evaluation-concepts.md | https://docs.oracle.com/en/java/javase/21/docs/api/java.base/java/util/stream/package-summary.html	java::core::stream_api
stream-api-aug-extra-036	What should you understand deeply about `Collectors:`?	Tiny example or mental model:	Review it as a rule you can apply, not just a term. Ask what code it allows, rejects, or makes easier to reason about. Then connect it to one realistic Java mistake. Source: /home/fhu_thjen/projects/learning-java/23-stream-api/theory/05-lazy-evaluation-concepts.md	/home/fhu_thjen/projects/learning-java/23-stream-api/theory/05-lazy-evaluation-concepts.md | https://docs.oracle.com/en/java/javase/21/docs/api/java.base/java/util/stream/package-summary.html	java::core::stream_api
stream-api-aug-extra-037	What should you understand deeply about `toSet`?	A Set is a collection that rejects duplicates according to equality rules.	Review it as a rule you can apply, not just a term. Ask what code it allows, rejects, or makes easier to reason about. Then connect it to one realistic Java mistake. Source: /home/fhu_thjen/projects/learning-java/23-stream-api/theory/05-lazy-evaluation-concepts.md	/home/fhu_thjen/projects/learning-java/23-stream-api/theory/05-lazy-evaluation-concepts.md | https://docs.oracle.com/en/java/javase/21/docs/api/java.base/java/util/stream/package-summary.html	java::core::stream_api
stream-api-aug-extra-038	What should you understand deeply about `toMap`?	A Map stores key-value pairs and retrieves values by key.	Review it as a rule you can apply, not just a term. Ask what code it allows, rejects, or makes easier to reason about. Then connect it to one realistic Java mistake. Source: /home/fhu_thjen/projects/learning-java/23-stream-api/theory/05-lazy-evaluation-concepts.md	/home/fhu_thjen/projects/learning-java/23-stream-api/theory/05-lazy-evaluation-concepts.md | https://docs.oracle.com/en/java/javase/21/docs/api/java.base/java/util/stream/package-summary.html	java::core::stream_api
stream-api-aug-extra-039	What should you understand deeply about `joining`?	Tiny example or mental model:	Review it as a rule you can apply, not just a term. Ask what code it allows, rejects, or makes easier to reason about. Then connect it to one realistic Java mistake. Source: /home/fhu_thjen/projects/learning-java/23-stream-api/theory/05-lazy-evaluation-concepts.md	/home/fhu_thjen/projects/learning-java/23-stream-api/theory/05-lazy-evaluation-concepts.md | https://docs.oracle.com/en/java/javase/21/docs/api/java.base/java/util/stream/package-summary.html	java::core::stream_api
stream-api-aug-extra-040	What should you understand deeply about `groupingBy`?	Tiny example or mental model:	Review it as a rule you can apply, not just a term. Ask what code it allows, rejects, or makes easier to reason about. Then connect it to one realistic Java mistake. Source: /home/fhu_thjen/projects/learning-java/23-stream-api/theory/05-lazy-evaluation-concepts.md	/home/fhu_thjen/projects/learning-java/23-stream-api/theory/05-lazy-evaluation-concepts.md | https://docs.oracle.com/en/java/javase/21/docs/api/java.base/java/util/stream/package-summary.html	java::core::stream_api
stream-api-aug-extra-041	What should you understand deeply about `partitioningBy`?	Tiny example or mental model:	Review it as a rule you can apply, not just a term. Ask what code it allows, rejects, or makes easier to reason about. Then connect it to one realistic Java mistake. Source: /home/fhu_thjen/projects/learning-java/23-stream-api/theory/06-partitioningby-concepts.md	/home/fhu_thjen/projects/learning-java/23-stream-api/theory/06-partitioningby-concepts.md | https://docs.oracle.com/en/java/javase/21/docs/api/java.base/java/util/stream/package-summary.html	java::core::stream_api
stream-api-aug-extra-042	What should you understand deeply about `counting`?	Tiny example or mental model:	Review it as a rule you can apply, not just a term. Ask what code it allows, rejects, or makes easier to reason about. Then connect it to one realistic Java mistake. Source: /home/fhu_thjen/projects/learning-java/23-stream-api/theory/06-partitioningby-concepts.md	/home/fhu_thjen/projects/learning-java/23-stream-api/theory/06-partitioningby-concepts.md | https://docs.oracle.com/en/java/javase/21/docs/api/java.base/java/util/stream/package-summary.html	java::core::stream_api
stream-api-aug-extra-043	What should you understand deeply about `summarizingInt`?	Tiny example or mental model:	Review it as a rule you can apply, not just a term. Ask what code it allows, rejects, or makes easier to reason about. Then connect it to one realistic Java mistake. Source: /home/fhu_thjen/projects/learning-java/23-stream-api/theory/06-partitioningby-concepts.md	/home/fhu_thjen/projects/learning-java/23-stream-api/theory/06-partitioningby-concepts.md | https://docs.oracle.com/en/java/javase/21/docs/api/java.base/java/util/stream/package-summary.html	java::core::stream_api
stream-api-aug-extra-044	What should you understand deeply about `mapping`?	A Map stores key-value pairs and retrieves values by key.	Review it as a rule you can apply, not just a term. Ask what code it allows, rejects, or makes easier to reason about. Then connect it to one realistic Java mistake. Source: /home/fhu_thjen/projects/learning-java/23-stream-api/theory/06-partitioningby-concepts.md	/home/fhu_thjen/projects/learning-java/23-stream-api/theory/06-partitioningby-concepts.md | https://docs.oracle.com/en/java/javase/21/docs/api/java.base/java/util/stream/package-summary.html	java::core::stream_api
stream-api-aug-extra-045	What should you understand deeply about `reducing`?	Tiny example or mental model:	Review it as a rule you can apply, not just a term. Ask what code it allows, rejects, or makes easier to reason about. Then connect it to one realistic Java mistake. Source: /home/fhu_thjen/projects/learning-java/23-stream-api/theory/06-partitioningby-concepts.md	/home/fhu_thjen/projects/learning-java/23-stream-api/theory/06-partitioningby-concepts.md | https://docs.oracle.com/en/java/javase/21/docs/api/java.base/java/util/stream/package-summary.html	java::core::stream_api
stream-api-aug-extra-046	What should you understand deeply about `What should you know about What is Stream? in Stream API?`?	A Stream is a pipeline for processing elements through lazy operations.	Review it as a rule you can apply, not just a term. Ask what code it allows, rejects, or makes easier to reason about. Then connect it to one realistic Java mistake. Source: 23-stream-api/theory/01-what-is-stream-concepts.md	23-stream-api/theory/01-what-is-stream-concepts.md | https://docs.oracle.com/en/java/javase/21/docs/api/java.base/java/util/stream/package-summary.html	java::core::stream_api
stream-api-aug-extra-047	What should you understand deeply about `Why does What is Stream? matter in Java?`?	It matters because modern Java APIs use function-style pipelines heavily. A common confusion is forgetting which operations are lazy and which operation actually triggers execution.	Review it as a rule you can apply, not just a term. Ask what code it allows, rejects, or makes easier to reason about. Then connect it to one realistic Java mistake. Source: 23-stream-api/theory/01-what-is-stream-concepts.md	23-stream-api/theory/01-what-is-stream-concepts.md | https://docs.oracle.com/en/java/javase/21/docs/api/java.base/java/util/stream/package-summary.html	java::core::stream_api
stream-api-aug-extra-048	What should you understand deeply about `What should you know about Stream vs Collection in Stream API?`?	A collection is an object that groups multiple elements under a common API.	Review it as a rule you can apply, not just a term. Ask what code it allows, rejects, or makes easier to reason about. Then connect it to one realistic Java mistake. Source: 23-stream-api/theory/01-what-is-stream-concepts.md	23-stream-api/theory/01-what-is-stream-concepts.md | https://docs.oracle.com/en/java/javase/21/docs/api/java.base/java/util/stream/package-summary.html	java::core::stream_api
stream-api-aug-extra-049	What should you understand deeply about `Why does Stream vs Collection matter in Java?`?	It matters because choosing the wrong data structure changes correctness, performance, and duplicate-handling behavior. A common confusion is memorizing class names without knowing lookup order, equality rules, or iteration behavior.	Review it as a rule you can apply, not just a term. Ask what code it allows, rejects, or makes easier to reason about. Then connect it to one realistic Java mistake. Source: 23-stream-api/theory/01-what-is-stream-concepts.md	23-stream-api/theory/01-what-is-stream-concepts.md | https://docs.oracle.com/en/java/javase/21/docs/api/java.base/java/util/stream/package-summary.html	java::core::stream_api
stream-api-aug-extra-050	What should you understand deeply about `What should you know about Create Stream: in Stream API?`?	A Stream is a pipeline for processing elements through lazy operations.	Review it as a rule you can apply, not just a term. Ask what code it allows, rejects, or makes easier to reason about. Then connect it to one realistic Java mistake. Source: 23-stream-api/theory/01-what-is-stream-concepts.md	23-stream-api/theory/01-what-is-stream-concepts.md | https://docs.oracle.com/en/java/javase/21/docs/api/java.base/java/util/stream/package-summary.html	java::core::stream_api
stream-api-aug-extra-051	What should you understand deeply about `Why does Create Stream: matter in Java?`?	It matters because modern Java APIs use function-style pipelines heavily. A common confusion is forgetting which operations are lazy and which operation actually triggers execution.	Review it as a rule you can apply, not just a term. Ask what code it allows, rejects, or makes easier to reason about. Then connect it to one realistic Java mistake. Source: 23-stream-api/theory/01-what-is-stream-concepts.md	23-stream-api/theory/01-what-is-stream-concepts.md | https://docs.oracle.com/en/java/javase/21/docs/api/java.base/java/util/stream/package-summary.html	java::core::stream_api
stream-api-aug-extra-052	What should you understand deeply about `What should you know about from List in Stream API?`?	A List is an ordered collection that can contain duplicates and supports positional access.	Review it as a rule you can apply, not just a term. Ask what code it allows, rejects, or makes easier to reason about. Then connect it to one realistic Java mistake. Source: 23-stream-api/theory/01-what-is-stream-concepts.md	23-stream-api/theory/01-what-is-stream-concepts.md | https://docs.oracle.com/en/java/javase/21/docs/api/java.base/java/util/stream/package-summary.html	java::core::stream_api
stream-api-aug-extra-053	What should you understand deeply about `Why does from List matter in Java?`?	It matters because choosing the wrong data structure changes correctness, performance, and duplicate-handling behavior. A common confusion is memorizing class names without knowing lookup order, equality rules, or iteration behavior.	Review it as a rule you can apply, not just a term. Ask what code it allows, rejects, or makes easier to reason about. Then connect it to one realistic Java mistake. Source: 23-stream-api/theory/01-what-is-stream-concepts.md	23-stream-api/theory/01-what-is-stream-concepts.md | https://docs.oracle.com/en/java/javase/21/docs/api/java.base/java/util/stream/package-summary.html	java::core::stream_api
stream-api-aug-extra-054	What should you understand deeply about `What should you know about from Map in Stream API?`?	A Map stores key-value pairs and retrieves values by key.	Review it as a rule you can apply, not just a term. Ask what code it allows, rejects, or makes easier to reason about. Then connect it to one realistic Java mistake. Source: 23-stream-api/theory/01-what-is-stream-concepts.md	23-stream-api/theory/01-what-is-stream-concepts.md | https://docs.oracle.com/en/java/javase/21/docs/api/java.base/java/util/stream/package-summary.html	java::core::stream_api
stream-api-aug-extra-055	What should you understand deeply about `Why does from Map matter in Java?`?	It matters because choosing the wrong data structure changes correctness, performance, and duplicate-handling behavior. A common confusion is memorizing class names without knowing lookup order, equality rules, or iteration behavior.	Review it as a rule you can apply, not just a term. Ask what code it allows, rejects, or makes easier to reason about. Then connect it to one realistic Java mistake. Source: 23-stream-api/theory/01-what-is-stream-concepts.md	23-stream-api/theory/01-what-is-stream-concepts.md | https://docs.oracle.com/en/java/javase/21/docs/api/java.base/java/util/stream/package-summary.html	java::core::stream_api
stream-api-aug-extra-056	What should you understand deeply about `What should you know about Stream.of in Stream API?`?	A Stream is a pipeline for processing elements through lazy operations.	Review it as a rule you can apply, not just a term. Ask what code it allows, rejects, or makes easier to reason about. Then connect it to one realistic Java mistake. Source: 23-stream-api/theory/01-what-is-stream-concepts.md	23-stream-api/theory/01-what-is-stream-concepts.md | https://docs.oracle.com/en/java/javase/21/docs/api/java.base/java/util/stream/package-summary.html	java::core::stream_api
stream-api-aug-extra-057	What should you understand deeply about `Why does Stream.of matter in Java?`?	It matters because modern Java APIs use function-style pipelines heavily. A common confusion is forgetting which operations are lazy and which operation actually triggers execution.	Review it as a rule you can apply, not just a term. Ask what code it allows, rejects, or makes easier to reason about. Then connect it to one realistic Java mistake. Source: 23-stream-api/theory/01-what-is-stream-concepts.md	23-stream-api/theory/01-what-is-stream-concepts.md | https://docs.oracle.com/en/java/javase/21/docs/api/java.base/java/util/stream/package-summary.html	java::core::stream_api
stream-api-aug-extra-058	What should you understand deeply about `What should you know about IntStream in Stream API?`?	A Stream is a pipeline for processing elements through lazy operations.	Review it as a rule you can apply, not just a term. Ask what code it allows, rejects, or makes easier to reason about. Then connect it to one realistic Java mistake. Source: 23-stream-api/theory/01-what-is-stream-concepts.md	23-stream-api/theory/01-what-is-stream-concepts.md | https://docs.oracle.com/en/java/javase/21/docs/api/java.base/java/util/stream/package-summary.html	java::core::stream_api
stream-api-aug-extra-059	What should you understand deeply about `Why does IntStream matter in Java?`?	It matters because modern Java APIs use function-style pipelines heavily. A common confusion is forgetting which operations are lazy and which operation actually triggers execution.	Review it as a rule you can apply, not just a term. Ask what code it allows, rejects, or makes easier to reason about. Then connect it to one realistic Java mistake. Source: 23-stream-api/theory/01-what-is-stream-concepts.md	23-stream-api/theory/01-what-is-stream-concepts.md | https://docs.oracle.com/en/java/javase/21/docs/api/java.base/java/util/stream/package-summary.html	java::core::stream_api
stream-api-aug-extra-060	What should you understand deeply about `What should you know about LongStream in Stream API?`?	A Stream is a pipeline for processing elements through lazy operations.	Review it as a rule you can apply, not just a term. Ask what code it allows, rejects, or makes easier to reason about. Then connect it to one realistic Java mistake. Source: 23-stream-api/theory/02-longstream-concepts.md	23-stream-api/theory/02-longstream-concepts.md | https://docs.oracle.com/en/java/javase/21/docs/api/java.base/java/util/stream/package-summary.html	java::core::stream_api
stream-api-aug-extra-061	What should you understand deeply about `Why does LongStream matter in Java?`?	It matters because modern Java APIs use function-style pipelines heavily. A common confusion is forgetting which operations are lazy and which operation actually triggers execution.	Review it as a rule you can apply, not just a term. Ask what code it allows, rejects, or makes easier to reason about. Then connect it to one realistic Java mistake. Source: 23-stream-api/theory/02-longstream-concepts.md	23-stream-api/theory/02-longstream-concepts.md | https://docs.oracle.com/en/java/javase/21/docs/api/java.base/java/util/stream/package-summary.html	java::core::stream_api
stream-api-aug-extra-062	What should you understand deeply about `What should you know about DoubleStream in Stream API?`?	A Stream is a pipeline for processing elements through lazy operations.	Review it as a rule you can apply, not just a term. Ask what code it allows, rejects, or makes easier to reason about. Then connect it to one realistic Java mistake. Source: 23-stream-api/theory/02-longstream-concepts.md	23-stream-api/theory/02-longstream-concepts.md | https://docs.oracle.com/en/java/javase/21/docs/api/java.base/java/util/stream/package-summary.html	java::core::stream_api
stream-api-aug-extra-063	What should you understand deeply about `Why does DoubleStream matter in Java?`?	It matters because modern Java APIs use function-style pipelines heavily. A common confusion is forgetting which operations are lazy and which operation actually triggers execution.	Review it as a rule you can apply, not just a term. Ask what code it allows, rejects, or makes easier to reason about. Then connect it to one realistic Java mistake. Source: 23-stream-api/theory/02-longstream-concepts.md	23-stream-api/theory/02-longstream-concepts.md | https://docs.oracle.com/en/java/javase/21/docs/api/java.base/java/util/stream/package-summary.html	java::core::stream_api
stream-api-aug-extra-064	What should you understand deeply about `What should you know about map in Stream API?`?	A Map stores key-value pairs and retrieves values by key.	Review it as a rule you can apply, not just a term. Ask what code it allows, rejects, or makes easier to reason about. Then connect it to one realistic Java mistake. Source: 23-stream-api/theory/02-longstream-concepts.md	23-stream-api/theory/02-longstream-concepts.md | https://docs.oracle.com/en/java/javase/21/docs/api/java.base/java/util/stream/package-summary.html	java::core::stream_api
stream-api-aug-extra-065	What should you understand deeply about `Why does map matter in Java?`?	It matters because choosing the wrong data structure changes correctness, performance, and duplicate-handling behavior. A common confusion is memorizing class names without knowing lookup order, equality rules, or iteration behavior.	Review it as a rule you can apply, not just a term. Ask what code it allows, rejects, or makes easier to reason about. Then connect it to one realistic Java mistake. Source: 23-stream-api/theory/02-longstream-concepts.md	23-stream-api/theory/02-longstream-concepts.md | https://docs.oracle.com/en/java/javase/21/docs/api/java.base/java/util/stream/package-summary.html	java::core::stream_api
stream-api-aug-extra-066	What should you understand deeply about `What should you know about flatMap in Stream API?`?	A Map stores key-value pairs and retrieves values by key.	Review it as a rule you can apply, not just a term. Ask what code it allows, rejects, or makes easier to reason about. Then connect it to one realistic Java mistake. Source: 23-stream-api/theory/02-longstream-concepts.md	23-stream-api/theory/02-longstream-concepts.md | https://docs.oracle.com/en/java/javase/21/docs/api/java.base/java/util/stream/package-summary.html	java::core::stream_api
stream-api-aug-extra-067	What should you understand deeply about `Why does flatMap matter in Java?`?	It matters because choosing the wrong data structure changes correctness, performance, and duplicate-handling behavior. A common confusion is memorizing class names without knowing lookup order, equality rules, or iteration behavior.	Review it as a rule you can apply, not just a term. Ask what code it allows, rejects, or makes easier to reason about. Then connect it to one realistic Java mistake. Source: 23-stream-api/theory/02-longstream-concepts.md	23-stream-api/theory/02-longstream-concepts.md | https://docs.oracle.com/en/java/javase/21/docs/api/java.base/java/util/stream/package-summary.html	java::core::stream_api
stream-api-aug-extra-068	What should you understand deeply about `What should you know about toList in Stream API?`?	A List is an ordered collection that can contain duplicates and supports positional access.	Review it as a rule you can apply, not just a term. Ask what code it allows, rejects, or makes easier to reason about. Then connect it to one realistic Java mistake. Source: 23-stream-api/theory/03-peek-concepts.md	23-stream-api/theory/03-peek-concepts.md | https://docs.oracle.com/en/java/javase/21/docs/api/java.base/java/util/stream/package-summary.html	java::core::stream_api
stream-api-aug-extra-069	What should you understand deeply about `Why does toList matter in Java?`?	It matters because choosing the wrong data structure changes correctness, performance, and duplicate-handling behavior. A common confusion is memorizing class names without knowing lookup order, equality rules, or iteration behavior.	Review it as a rule you can apply, not just a term. Ask what code it allows, rejects, or makes easier to reason about. Then connect it to one realistic Java mistake. Source: 23-stream-api/theory/03-peek-concepts.md	23-stream-api/theory/03-peek-concepts.md | https://docs.oracle.com/en/java/javase/21/docs/api/java.base/java/util/stream/package-summary.html	java::core::stream_api
stream-api-aug-extra-070	What should you understand deeply about `What should you know about Parallel stream in Stream API?`?	A Stream is a pipeline for processing elements through lazy operations.	Review it as a rule you can apply, not just a term. Ask what code it allows, rejects, or makes easier to reason about. Then connect it to one realistic Java mistake. Source: 23-stream-api/theory/05-lazy-evaluation-concepts.md	23-stream-api/theory/05-lazy-evaluation-concepts.md | https://docs.oracle.com/en/java/javase/21/docs/api/java.base/java/util/stream/package-summary.html	java::core::stream_api
stream-api-aug-extra-071	What should you understand deeply about `Why does Parallel stream matter in Java?`?	It matters because modern Java APIs use function-style pipelines heavily. A common confusion is forgetting which operations are lazy and which operation actually triggers execution.	Review it as a rule you can apply, not just a term. Ask what code it allows, rejects, or makes easier to reason about. Then connect it to one realistic Java mistake. Source: 23-stream-api/theory/05-lazy-evaluation-concepts.md	23-stream-api/theory/05-lazy-evaluation-concepts.md | https://docs.oracle.com/en/java/javase/21/docs/api/java.base/java/util/stream/package-summary.html	java::core::stream_api
stream-api-aug-extra-072	What should you understand deeply about `What should you know about toSet in Stream API?`?	A Set is a collection that rejects duplicates according to equality rules.	Review it as a rule you can apply, not just a term. Ask what code it allows, rejects, or makes easier to reason about. Then connect it to one realistic Java mistake. Source: 23-stream-api/theory/05-lazy-evaluation-concepts.md	23-stream-api/theory/05-lazy-evaluation-concepts.md | https://docs.oracle.com/en/java/javase/21/docs/api/java.base/java/util/stream/package-summary.html	java::core::stream_api
stream-api-aug-extra-073	What should you understand deeply about `Why does toSet matter in Java?`?	It matters because choosing the wrong data structure changes correctness, performance, and duplicate-handling behavior. A common confusion is memorizing class names without knowing lookup order, equality rules, or iteration behavior.	Review it as a rule you can apply, not just a term. Ask what code it allows, rejects, or makes easier to reason about. Then connect it to one realistic Java mistake. Source: 23-stream-api/theory/05-lazy-evaluation-concepts.md	23-stream-api/theory/05-lazy-evaluation-concepts.md | https://docs.oracle.com/en/java/javase/21/docs/api/java.base/java/util/stream/package-summary.html	java::core::stream_api
stream-api-aug-extra-074	What should you understand deeply about `What should you know about toMap in Stream API?`?	A Map stores key-value pairs and retrieves values by key.	Review it as a rule you can apply, not just a term. Ask what code it allows, rejects, or makes easier to reason about. Then connect it to one realistic Java mistake. Source: 23-stream-api/theory/05-lazy-evaluation-concepts.md	23-stream-api/theory/05-lazy-evaluation-concepts.md | https://docs.oracle.com/en/java/javase/21/docs/api/java.base/java/util/stream/package-summary.html	java::core::stream_api
stream-api-aug-extra-075	What should you understand deeply about `Why does toMap matter in Java?`?	It matters because choosing the wrong data structure changes correctness, performance, and duplicate-handling behavior. A common confusion is memorizing class names without knowing lookup order, equality rules, or iteration behavior.	Review it as a rule you can apply, not just a term. Ask what code it allows, rejects, or makes easier to reason about. Then connect it to one realistic Java mistake. Source: 23-stream-api/theory/05-lazy-evaluation-concepts.md	23-stream-api/theory/05-lazy-evaluation-concepts.md | https://docs.oracle.com/en/java/javase/21/docs/api/java.base/java/util/stream/package-summary.html	java::core::stream_api
stream-api-aug-extra-076	What should you understand deeply about `What should you know about mapping in Stream API?`?	A Map stores key-value pairs and retrieves values by key.	Review it as a rule you can apply, not just a term. Ask what code it allows, rejects, or makes easier to reason about. Then connect it to one realistic Java mistake. Source: 23-stream-api/theory/06-partitioningby-concepts.md	23-stream-api/theory/06-partitioningby-concepts.md | https://docs.oracle.com/en/java/javase/21/docs/api/java.base/java/util/stream/package-summary.html	java::core::stream_api
stream-api-aug-extra-077	What should you understand deeply about `Why does mapping matter in Java?`?	It matters because choosing the wrong data structure changes correctness, performance, and duplicate-handling behavior. A common confusion is memorizing class names without knowing lookup order, equality rules, or iteration behavior.	Review it as a rule you can apply, not just a term. Ask what code it allows, rejects, or makes easier to reason about. Then connect it to one realistic Java mistake. Source: 23-stream-api/theory/06-partitioningby-concepts.md	23-stream-api/theory/06-partitioningby-concepts.md | https://docs.oracle.com/en/java/javase/21/docs/api/java.base/java/util/stream/package-summary.html	java::core::stream_api
stream-api-aug-extra-078	What should you understand deeply about `Explain from List deeply enough for review.`?	A List is an ordered collection that can contain duplicates and supports positional access. Meaning: A List is an ordered collection that can contain duplicates and supports positional access. Why it matters: It matters because choosing the wrong data structure changes correctness, performance, and duplicate-handling behavior. A common confusion is memorizing class names without knowing lookup order, equality rules, or iteration behavior. Example: List<String> names = new ArrayList<>(); stores ordered elements.	Review it as a rule you can apply, not just a term. Ask what code it allows, rejects, or makes easier to reason about. Then connect it to one realistic Java mistake. Source: 23-stream-api/theory/01-what-is-stream-concepts.md	23-stream-api/theory/01-what-is-stream-concepts.md | https://docs.oracle.com/en/java/javase/21/docs/api/java.base/java/util/stream/package-summary.html	java::core::stream_api
stream-api-aug-extra-079	What should you understand deeply about `What confusion should you avoid with from List?`?	Do not treat from List as just a memorized word. Use it as a practical rule. Ask what it changes in code: compile-time checks, runtime behavior, memory use, ordering, error handling, visibility, API design, or testability. List<String> names = new ArrayList<>(); stores ordered elements.	Review it as a rule you can apply, not just a term. Ask what code it allows, rejects, or makes easier to reason about. Then connect it to one realistic Java mistake. Source: 23-stream-api/theory/01-what-is-stream-concepts.md	23-stream-api/theory/01-what-is-stream-concepts.md | https://docs.oracle.com/en/java/javase/21/docs/api/java.base/java/util/stream/package-summary.html	java::core::stream_api
stream-api-aug-extra-080	What should you understand deeply about `Explain from Map deeply enough for review.`?	A Map stores key-value pairs and retrieves values by key. Meaning: A Map stores key-value pairs and retrieves values by key. Why it matters: It matters because choosing the wrong data structure changes correctness, performance, and duplicate-handling behavior. A common confusion is memorizing class names without knowing lookup order, equality rules, or iteration behavior. Example: Map<String, Integer> scores = new HashMap<>(); maps keys to values.	Review it as a rule you can apply, not just a term. Ask what code it allows, rejects, or makes easier to reason about. Then connect it to one realistic Java mistake. Source: 23-stream-api/theory/01-what-is-stream-concepts.md	23-stream-api/theory/01-what-is-stream-concepts.md | https://docs.oracle.com/en/java/javase/21/docs/api/java.base/java/util/stream/package-summary.html	java::core::stream_api
stream-api-aug-extra-081	What should you understand deeply about `What confusion should you avoid with from Map?`?	Do not treat from Map as just a memorized word. Use it as a practical rule. Ask what it changes in code: compile-time checks, runtime behavior, memory use, ordering, error handling, visibility, API design, or testability. Map<String, Integer> scores = new HashMap<>(); maps keys to values.	Review it as a rule you can apply, not just a term. Ask what code it allows, rejects, or makes easier to reason about. Then connect it to one realistic Java mistake. Source: 23-stream-api/theory/01-what-is-stream-concepts.md	23-stream-api/theory/01-what-is-stream-concepts.md | https://docs.oracle.com/en/java/javase/21/docs/api/java.base/java/util/stream/package-summary.html	java::core::stream_api
stream-api-aug-extra-082	What should you understand deeply about `Explain map deeply enough for review.`?	A Map stores key-value pairs and retrieves values by key. Meaning: A Map stores key-value pairs and retrieves values by key. Why it matters: It matters because choosing the wrong data structure changes correctness, performance, and duplicate-handling behavior. A common confusion is memorizing class names without knowing lookup order, equality rules, or iteration behavior. Example: Map<String, Integer> scores = new HashMap<>(); maps keys to values.	Review it as a rule you can apply, not just a term. Ask what code it allows, rejects, or makes easier to reason about. Then connect it to one realistic Java mistake. Source: 23-stream-api/theory/02-longstream-concepts.md	23-stream-api/theory/02-longstream-concepts.md | https://docs.oracle.com/en/java/javase/21/docs/api/java.base/java/util/stream/package-summary.html	java::core::stream_api
stream-api-aug-extra-083	What should you understand deeply about `What confusion should you avoid with map?`?	Do not treat map as just a memorized word. Use it as a practical rule. Ask what it changes in code: compile-time checks, runtime behavior, memory use, ordering, error handling, visibility, API design, or testability. Map<String, Integer> scores = new HashMap<>(); maps keys to values.	Review it as a rule you can apply, not just a term. Ask what code it allows, rejects, or makes easier to reason about. Then connect it to one realistic Java mistake. Source: 23-stream-api/theory/02-longstream-concepts.md	23-stream-api/theory/02-longstream-concepts.md | https://docs.oracle.com/en/java/javase/21/docs/api/java.base/java/util/stream/package-summary.html	java::core::stream_api
stream-api-aug-extra-084	What should you understand deeply about `Explain flatMap deeply enough for review.`?	A Map stores key-value pairs and retrieves values by key. Meaning: A Map stores key-value pairs and retrieves values by key. Why it matters: It matters because choosing the wrong data structure changes correctness, performance, and duplicate-handling behavior. A common confusion is memorizing class names without knowing lookup order, equality rules, or iteration behavior. Example: Map<String, Integer> scores = new HashMap<>(); maps keys to values.	Review it as a rule you can apply, not just a term. Ask what code it allows, rejects, or makes easier to reason about. Then connect it to one realistic Java mistake. Source: 23-stream-api/theory/02-longstream-concepts.md	23-stream-api/theory/02-longstream-concepts.md | https://docs.oracle.com/en/java/javase/21/docs/api/java.base/java/util/stream/package-summary.html	java::core::stream_api
stream-api-aug-extra-085	What should you understand deeply about `What confusion should you avoid with flatMap?`?	Do not treat flatMap as just a memorized word. Use it as a practical rule. Ask what it changes in code: compile-time checks, runtime behavior, memory use, ordering, error handling, visibility, API design, or testability. Map<String, Integer> scores = new HashMap<>(); maps keys to values.	Review it as a rule you can apply, not just a term. Ask what code it allows, rejects, or makes easier to reason about. Then connect it to one realistic Java mistake. Source: 23-stream-api/theory/02-longstream-concepts.md	23-stream-api/theory/02-longstream-concepts.md | https://docs.oracle.com/en/java/javase/21/docs/api/java.base/java/util/stream/package-summary.html	java::core::stream_api
